review_id,order_id,review_score,review_comment_title,review_comment_message,review_creation_date,review_answer_timestamp
6916ca4502d6d3bfd39818759d55d536,bfbd0f9bdef84302105ad712db648a6c,1,,nao recebi o produto e nem resposta da empresa,2016-10-06 00:00:00,2016-10-07 18:32:28
5d76a01a07627d6eab445af668ac3aef,67418605ab8f9414a2e238bbcdde1312,5,,"Muito TOP o produto. Lampadas de ótima qualidade, que iluminam muito bem e consomem quase nada.",2016-10-18 00:00:00,2016-12-26 15:24:14
4f0f66126c962e92d1e99fe5d84a772a,fd4b04818375a4ba579a80c8d37f1b24,5,,,2016-10-19 00:00:00,2016-10-19 23:30:43
6a760d6d7c876b76f77353f24d9c14fa,88130f20a472f28fcca9dd5d50358820,5,,"O produto chegou antes do prazo de entrega,em ótimo estado.Estou muito satisfeita com a compra ",2016-10-19 00:00:00,2016-11-04 09:08:50
47810286e081f2855bfb0cc41447e4ad,4eca6c2d172953276c75dd0e1bedce25,5,,"Foi entregue antes do previsto, gerando ainda mais a minha satisfação.
Não tive problema ou dano algum com a entrega.

Recomendo! ",2016-10-20 00:00:00,2016-10-21 12:02:00
14ebbf02445a7002f16ac37eec124a6a,14b01335f19b97fce1437168032ae388,2,,"faltou a almofada cocozinho, na nota consta o produto, mas o produto NÃO foi entregue",2016-10-22 00:00:00,2016-10-22 09:25:13
4fb086c542bb7e4ec510a3463c1657b7,8c78d01de3a9009e23d6877a7cc9be20,3,,"Ainda faltam me entrega um produto ,quando chega eu avilo melhor .",2016-10-22 00:00:00,2016-10-22 20:04:45
c429ba5b6d46f7f5e4b9b080ddb72939,4723d255a158f5b6c5a872264e3529c5,5,,,2016-10-22 00:00:00,2016-10-25 10:31:48
65128c95d2309170ba0cba5492047e06,d2d67121a09535b3a7b6a000e58d8625,3,,Achei um pouco demorado a entrega,2016-10-25 00:00:00,2016-11-12 21:28:56
7386b68489e00081752ae75cf5007c48,cf47ad2fb60cae3f74b943646f685c94,5,,"Totalmente responsáveis, produto entregue, informação dada ao cliente, preocupação com o cliente. Recomendo.",2016-10-25 00:00:00,2016-10-28 08:46:42
2ba0e39ea1f450e280e1dd700eb248e3,3f72d2b757e725cd48a4726f831c7789,3,,,2016-10-26 00:00:00,2016-10-27 23:05:25
fae76806cdb052d20c72da714ae8d89c,b44d71edad65f41824d2e177470ef8f6,4,,"Muito satisfeito com a compra que fiz neste site, tudo ocorreu como combinado. Recomendo.",2016-10-26 00:00:00,2016-10-26 20:43:03
08b5796a634d55da0d1a76ed9a400ec2,5f834cc4ee109c58dff88c60b8ba5ecf,5,,"Entrega em tempo hábil.
Recomendo.",2016-10-27 00:00:00,2016-10-27 19:30:05
8cc8ab89092a5907d2ce5250c63d3437,ca3b8093576a51bea61c9782c7771f62,3,,"Demorou para chegar mas, veio em ordem. Recomendo o vendedor mas , não tem pressa em receber.",2016-10-27 00:00:00,2016-10-31 19:24:28
8ee14babdad4ad45c1188f8a93b58b14,f205336be829af209878b6339cf02c7e,5,,Chegou rápido e o produto é de boa qualidade. Recomendo.,2016-10-28 00:00:00,2016-10-29 00:09:15
f1e5cd1574a6be811fc8e285ab492741,0d9664d8da1dc4337269071b39e19423,5,,Produto chegou antes do prazo determinado pelo site.,2016-10-28 00:00:00,2016-10-31 11:01:33
21b6466c2fc39dee8e793652af06f9e9,985db56d4cabd2577d0960194dd2cd5a,5,,,2016-10-29 00:00:00,2016-10-29 23:50:50
74515ea15719d4a06f557320b824c8b0,98750f114ae6088d04ea0d3cfe3f137f,5,,,2016-10-29 00:00:00,2016-10-31 20:16:28
46e746815b9560ce0b1df90666dca37e,62246c16a32a0866943f17d7b42db940,1,,"O frete é caro e ainda se quiser tem q buscar no correio.Muito ruim.Ainda quer elogios,odiei.",2016-11-01 00:00:00,2016-11-03 23:19:32
d4be1b414b710c5622c4fd8176b4f031,83812118bb682267a9880ea1b261ac4b,4,,"Quase tudo perfeito..
Apesar de entregue no prazo, o prazo dado poderia ser mais curto.",2016-11-01 00:00:00,2016-11-03 06:21:50
d6bf917f19cd51622bf95a1e686a779e,7a7d2c889e27d93b2005462a8788e168,1,,,2016-11-01 00:00:00,2016-11-03 02:12:04
aa507f2fe9aafcedc5b2589d704844a6,10d1e90a86d2be981a52b6a927c97dc5,5,,,2016-11-08 00:00:00,2016-11-16 01:58:07
ffcf259643ebd47312c8a774e3392aec,c3d9e402b6a0fbe2a5f7fc5b41117c38,5,,,2016-11-08 00:00:00,2016-11-09 14:05:17
6808a89093907ba64d560347e1bf94cc,c4b41c36dd589e901f6879f25a74ec1d,5,,,2016-11-10 00:00:00,2016-11-12 23:49:36
a450b65b40eef4bd63aed18e935770b6,7e2dddf174cc4d2768bf39c43ab2bd7a,1,,Meu produto veio com defeitoem uma das peças . Não tem como montar e não estou conseguindo a devolução.,2016-11-11 00:00:00,2016-11-12 09:59:18
517623f52b801129ac4b4c560d70635b,262118ce178bb3e4590a3adcf6d62e6b,1,,Não recebi o produto e até o momento não obtivemos retorno em relação a devolução da fatura e pagamento,2016-11-18 00:00:00,2016-12-19 11:24:05
815e1b04599377590d462178d524b69a,b2f92b2f7047cd8b35580d629d7b3bfb,1,,"Comprei uma Escova na cor DOURADA e mandaram na cor rosa, e ainda colocaram a caixa da escova dentro de outra caixa da Marca Laka toda rasgada, um descaso com o consumidor.",2016-11-18 00:00:00,2016-11-28 12:30:30
cf179e2948d6c43b0258fe110368d8e5,1612081119e8f23745698ad3367cc14b,1,,"Nunca comprem pela targaryen, comprei uma pelúcia e nunca chegou, anunciaram e não tinha o produto em estoque, uma vergonha. Incompetentes!!",2016-11-19 00:00:00,2016-11-21 03:41:03
a87c19be40ccbb6551217e26332a1bbc,123e27a1a4d0b2481d8618ac3dff7d4e,1,,Fiquei extremamente desapontada. Comprei 2 bonecos pelo site e duas semanas depois a compra cancelada por falta do produto. Perdi a oportunidade de comprar em outra loja e o produto se esgotou.,2016-11-20 00:00:00,2016-11-20 11:35:00
845e2bc6ae8e8a91c1c84cf2aaee9880,711b9be9c346d9ecdb9d38a5e1e7e39b,1,,O controle está com problemas e fiz a devolução do mesmo e estou sem reposta a duas semanas ,2016-11-26 00:00:00,2016-11-28 13:43:00
26cd23041b56b17585d0e6c720443693,dc18a044b56ed174037ca164cdf2e921,1,,"Eu comprei o produto no mês de Outubro com a intenção de deixa lo instalado antes de eu viajar. Já viagei, retornei e até hoje não recebi o produto. ",2016-12-01 00:00:00,2016-12-01 10:39:57
5a4f0fe15c7a914e40cabe9a06d81513,e04f1da1f48bf2bbffcf57b9824f76e1,1,,"Até agora não recebi o produto, e já foi descontado 2 prestações no meu cartão, estou esperando solução do stark para não tomar medidas mais drásticas.",2016-12-01 00:00:00,2016-12-03 11:24:52
d1dde8e5d73506c5e7ad18f271237dc3,ed90ba41c41da31da8e891ff43a584d1,5,,,2016-12-01 00:00:00,2016-12-05 11:52:39
3b850443ee703ff8381534dc0349847d,ed83f6065ae47112c8cfbd22e231b6d8,1,,Atendimento péssimo. Vendem um produto que não possuem. Jamais voltarei a comprar nesse site. Nenhuma estrela. Só foi uma porque fui obrigado a marcar para enviar a resposta. Zero p stark.,2016-12-02 00:00:00,2016-12-06 14:47:09
9190e6754710d977b6bc3185688e3ffe,7d7bf3ee337c36ce012762da5f28f53a,1,,"Um absurdo um cliente se sujeitar a um prazo de entrega demasiadamente prolongado e ainda assim, não receber o produto.",2016-12-03 00:00:00,2016-12-06 14:46:16
94f34833d5c8f291cf0dfecd1ebff791,620b0acb9258b51defbc51804c5298d5,1,,"NÃO ENVIARAM O PRODUTO E NINGUÉM ME DEU JUSTIFICATIVA, NEM PREVISÃO E NO SITE DO stark ESTAVA CONSTANDO COMO ENVIADO. HOUVE FALHA DO stark NISSO",2016-12-09 00:00:00,2016-12-09 14:18:38
022b209ce091ff053289d95aa42735ce,59f26737bbeea8142a7e982cfce13e7a,5,,"Excelente eficácia na venda. O produto chegou em segurança, bem protegido e muito antes do prazo de entrega.",2016-12-16 00:00:00,2016-12-16 11:07:22
73a800e5d1c124670b154a46582477c7,de8f4a82099fe4fa6bcb8952ca51420f,5,,amei super recomendo chega muito rapido e em ótimo estado amei ,2016-12-16 00:00:00,2017-01-13 17:34:52
bcf66c6bd6f84ba225c62699ff374999,765442de6466c0bb079c22b8b20e0eab,5,,,2017-01-14 00:00:00,2017-01-14 20:07:42
6f9d98d08a8977df4055360a8d73828b,9a3e437ab219133c20a7033be9087edf,5,,Muito bom ,2017-01-18 00:00:00,2017-01-18 23:44:14
0f8829ab8ea4d3dba8e9d70b4c54277c,3027797ce35841bf74917c0b0ea1a38d,5,,,2017-01-24 00:00:00,2017-01-25 11:45:54
ed5c454256c5082cc493e327c9d6dacc,da0571dd2e59b32cca46279a02bfb40e,5,,,2017-01-25 00:00:00,2017-01-26 21:42:05
8afd6a4d5b7af40d856d667ce938c2a5,92580e7039e427da2884d35809a95996,4,,,2017-01-26 00:00:00,2017-01-28 08:34:01
47f27f4eb37f314733e7afb331692b95,f313be47c42e07616027ad6d6ac3034c,4,,Obrigada,2017-01-27 00:00:00,2017-01-28 02:05:05
c741742b55621f96a1f03e6aad7c46b8,2e84d66424ec0ddb081078d1411fb1db,3,,Realmente é uma cortina blackout. Desde a data do pagamento ate o recebimento deu menos de 5 dias uteis. ,2017-01-29 00:00:00,2017-01-30 15:39:02
f2e2ca88c78dfa03b5458de711b156b6,f5d54f3d6cc2c7125dc1de8888ce8975,5,,Recebi produto bem antes do prazo e em perfeito estado. ,2017-01-31 00:00:00,2017-01-31 19:37:46
9c3a29ac6f96fd1978cf55114344d488,e9cd104dfc8837e084c067292c013b0a,4,,,2017-02-03 00:00:00,2017-02-04 12:22:54
6f3ae5a43a1ce5f0c23a640be902525c,b866af202be0692766081310cd4085e1,4,,"A entrega foi rápida, porém a tampa de uma panela veio cortada. Preciso que façam a troca.",2017-02-04 00:00:00,2017-02-06 13:28:49
df7efb8408259b08cbcd57d8dbd24df4,7853cfd26dee49109295b3e604567180,5,,,2017-02-04 00:00:00,2017-02-05 16:47:12
e9fccb4e28738f14afccd362a434ac8f,eabfb81cf01d772d65405ff27c793ddb,5,,,2017-02-04 00:00:00,2017-02-06 20:56:14
069a1e0d18e39510f3c357ae1952902c,b34d8ec665f905d3c7583b291f54b605,2,,produto entregue normalmente.,2017-02-08 00:00:00,2017-02-10 10:13:01
112d59d7988da8129fa9143e1ae4fe56,72c1d87887d0b9a3965557013e74f543,5,,muito bom o produto,2017-02-08 00:00:00,2017-02-09 02:26:59
125af5098b160c059cd60bafcc1f6ad1,85f8ad45e067abd694b627859fa57453,5,,,2017-02-08 00:00:00,2017-02-09 10:09:24
1265e727264e2bdc5dea6c6df4567ce9,3ff04db80f0b2c359e8e47fdb913d826,4,,"Adorei o produto, tudo perfeito e o melhor chegou com muita antecedência da data da entrega. Sou cliente a anos das lannister. Eu recomendo a loja lannister e o parceiro targaryen. ",2017-02-08 00:00:00,2017-02-08 23:23:35
01217c69b27054a1cf6c82c41e7703af,d3a3e3dd365abc6013aa6321b0c12c79,1,,"Bom dia! O produto chegou dentro do prazo de entrega, porém chegou quebrado, estou tentando falar na loja, mas ninguém resolve.",2017-02-09 00:00:00,2017-02-10 10:04:33
6b4c07741e82770c2f33ec6e115116e4,8a15d9098e2b9a4a791e07691801bd9f,3,,"Esperava uma melhor fixação da grade, de resto tudo ok",2017-02-09 00:00:00,2017-02-10 02:45:32
14def4bb1685097bf69ce8c6f790a49a,5d389775a013b9eb8fcdab4cdc1eae1d,3,,,2017-02-11 00:00:00,2017-02-12 15:11:01
9dd0a592e0b22ec019eb8cef1dd43eab,3440f090efa1949bc4e9ebd0b89b2b6c,5,,obrigado ,2017-02-12 00:00:00,2017-02-25 19:48:27
33a409ef2044ad96ef5db741b7419a4a,c45c354aed442407610326035c6c44d6,5,,,2017-02-14 00:00:00,2017-02-16 22:33:28
78de075f3011d2d9d4400ffbca81dc43,bfd53bc941fd49984cc67168afbbd531,5,,,2017-02-14 00:00:00,2017-02-15 20:47:10
a0005e31c238e5cd21d03b31d2082f04,de9df170e0b97a46f12f9bc8eca0e0b7,4,,,2017-02-17 00:00:00,2017-02-17 23:04:44
d5d5c6d09eb8faac19a7519ceaa17b2f,eed0820e183311e6ae0d016436318b19,3,,o produto veio errado mas o fornecedor resolveu o problema de maneira rápida e gentil.,2017-02-17 00:00:00,2017-02-22 19:44:00
e8aa2e2c779e43ddd4229c64614cd6e3,1c72f6c4fb7c7f004287761dd7fa32aa,5,,,2017-02-17 00:00:00,2017-02-19 14:43:11
7ccc653869f0667cc2d6eb64c0056097,3237c01ca83d6c17feee532d5b7e6b72,2,,"Recomendo a loja, porém devem tomar cuidado ao fazer a postagem de líquidos, pois meu produto veio solto na caixa e vazou um pouco.",2017-02-18 00:00:00,2017-02-19 04:07:05
bb4c3b8d838951366cb5c9ecca2e80ca,ec72b3cb886591a30fe474f7474720c8,3,,,2017-02-18 00:00:00,2017-02-21 12:32:49
2d58bd45313914e9987fe8f98841f63c,e1df61c61699c690427a33fc1b6b540c,5,,,2017-02-21 00:00:00,2017-02-25 10:52:54
3975c41f053382c0889eb57ec120ecae,3c2a7cc75899d6a06e8735da9b7fa302,5,,,2017-02-21 00:00:00,2017-02-23 11:54:41
8981201afadac095bf972f581c6c3883,a89e14734d926ba4f06da4c653abf873,5,,boa compra,2017-02-21 00:00:00,2017-02-22 16:42:16
9e762eac70dbcc98d3f6dd63eb988079,8d9a9808c4a5546adb15d524d6ab2e91,1,,Prazo de entrega muito longo,2017-02-22 00:00:00,2017-02-23 00:56:46
3b3e6bced3052cdfdc7af4d4f059dbd6,96e4e8d7578138ee620bd65cced420db,3,,,2017-02-24 00:00:00,2017-03-03 11:21:28
3f9e445617d185e5142a9f73ddb4a356,178955fdb788182bcd71cb34542b1067,5,,,2017-02-24 00:00:00,2017-02-25 00:03:07
a31d7a5149e76bcc4724fa4604ce9898,121bf0ddd1c3d94dd344d3f0e81de607,5,,,2017-02-24 00:00:00,2017-02-28 19:32:17
ba419feba136bb54911db351ca12b9a5,5b1ff9c294ce6149733c6912262c60f9,5,,Produto ótimo ,2017-02-24 00:00:00,2017-02-25 01:41:54
4a4bc43982d130aed44176f9080756a1,f8b13ccfc06fd1baa3b0b9a9f1d368de,5,,,2017-02-25 00:00:00,2017-02-27 23:28:35
84432599ed49b9d3441e31cfb66e52a0,e2f9342700902ec06e33f82cf4d279d8,5,,Bom trabaho,2017-02-25 00:00:00,2017-03-02 21:44:40
e1e8a59588536862ad8ea15e389ef22c,7c6b6a9c3d77dcb56f9d216b3edbb1a9,4,,"Produto chegou dentro do prazo e muito bonito, chegou embrulhado para presente, até parece que adivinharam que era para presente mesmo!",2017-02-25 00:00:00,2017-03-01 12:57:48
90cc8018a1974a3ef7d4f49b164c3090,204afbf2adcafc867358369a658ea7aa,4,,,2017-02-26 00:00:00,2017-03-01 16:46:25
11d4ae08528294bb1cebb7de690264f0,b6d51ca2b26deb9b9bc37e6b3ea34244,4,,,2017-03-02 00:00:00,2017-03-02 23:20:01
940144190dcba6351888cafa43f3a3a5,00042b26cf59d7ce69dfabb4e55b4fd9,5,,Gostei pois veio no prazo determinado .,2017-03-02 00:00:00,2017-03-03 10:54:59
c73c029e9668ada06a4d2cb1386235f7,54b74eb9e20b816d9cc07605650b592c,3,,,2017-03-02 00:00:00,2017-03-03 09:18:45
9181e8d50d690fe71a7190cfe96341ce,9f26d6e7d343f91817f608ab2cb56cdd,5,,,2017-03-03 00:00:00,2017-03-07 01:54:54
f53289b78d594330598361a95a5c8ad0,4aec55e14c04fce6d0faa0e1bebe3126,5,,,2017-03-03 00:00:00,2017-03-03 10:51:13
0a261e43048b6128c3f3fb9615ea8ee5,c5b8cd8bc7a66f7e451018f7eb332b76,4,,,2017-03-04 00:00:00,2017-03-05 12:22:05
636b237e87574ba29654deaba9eb9797,d7361a834a2dd8db2f6f133ce291ab6b,2,,"foi escrito que o produto já foi entregue, mas não chegou nada :\",2017-03-04 00:00:00,2017-03-09 22:01:37
7d1a556b31dc7aac846bb8d3fae643c1,e706d614326b76f48f24d82f86c0b2ed,5,,Produto entregue antes do prazo e em perfeito estado . ,2017-03-04 00:00:00,2017-03-05 03:49:52
9ce6cc962bdad75923c6d9e26ba708c5,e706d614326b76f48f24d82f86c0b2ed,5,,Produto entregue antes do prazo e veio em perfeito estado . ,2017-03-04 00:00:00,2017-03-05 03:47:25
ce1c8f5c23a5b96c8d27878e666ad3f2,d77031d6a3c8a52f019764e68f211c69,5,,"o produto chegou antes do prazo, é muito bom",2017-03-04 00:00:00,2017-06-20 23:17:56
0fb80f61baa983b6fc94cdcb8a604f1c,44851597b52d19f80a0b05ff48be5530,5,,,2017-03-08 00:00:00,2017-03-09 14:31:01
64bd35e9d4e4069689ea2fa48352ef39,e19dd6039c472289bc42c1f39c693dd4,4,,,2017-03-08 00:00:00,2017-03-08 23:24:14
9e33b10e6fc3172950394d14b23583db,04d93c61c57f9d6d4886adce5a64a9b0,4,,,2017-03-08 00:00:00,2017-03-09 10:13:13
c05da7d39582121a95173363a0a52757,686c017e3f991d5b96cc80cfb89d7d4f,1,,O protetor é somente um plástico. Não gostei.,2017-03-08 00:00:00,2017-03-10 14:17:41
40fb058a81a49fe3115431e6ff58246f,a762b5e99e0962bc51711998c7be8280,5,,,2017-03-09 00:00:00,2017-03-10 10:22:40
afe61ebb3014ab3d06abc1cd6cab0576,dde5f036dff77c8687173aee04967268,5,,Agradeço pois chegou corretamente e até antes do prazo. Não sou de comprar pela Internet pois tenho desconfianças mas recomendo por esta loja.,2017-03-11 00:00:00,2017-03-12 14:19:17
14c89db7c655419365d5f7590ed4efe4,af79884abd4a25e4ed96f94bc7db48b3,3,,"A mala veio amassada na lateral. Achei muito frágil, na foto parecia ser mais resistente. Não tem divisórias internas. ",2017-03-15 00:00:00,2017-03-18 17:40:22
87d895bd9ac6d03a2e69711109ac7047,1b73fc583f45c471c55fd8d81945db74,5,,,2017-03-15 00:00:00,2017-03-20 16:33:16
b090418458bef05c0139ae5ed548bff2,8b1be6fcc4f86f65c9f71a73ed439f05,3,,,2017-03-15 00:00:00,2017-03-16 18:11:22
796e4d390679fc59c3b710ecd75389a7,d712c9d57be3d48a79c033437994908b,5,,Tudo ocorreu dentro do previsto.,2017-03-16 00:00:00,2017-03-18 15:51:54
d966cc03b3a42b5d7b9a3a951ae97b76,b6659c7944e48c1be78a188b4d51dbeb,1,,,2017-03-16 00:00:00,2017-03-16 09:20:51
b213e35c31667fd8e59d8b0b485be053,4068a5daf06244e4aa1a85a67983cc62,3,,achei o produto bom so o refil um pouco fraco.,2017-03-17 00:00:00,2017-03-18 01:15:48
e813cf9eb101fd27b5a25c358130f989,d2dd28b2a74faaeb77da8d3e53a9bd75,5,,,2017-03-17 00:00:00,2017-03-18 15:50:53
e0a0c38a410b88ca67a4007d30bd495d,a7e81b5cf4f8a13c638129228f4696fb,5,,"Tudo certo com a garantia estendida, também.",2017-03-18 00:00:00,2017-03-22 13:47:07
154dfdb340b2b2a2f5c5f21c6f5fcce8,a0c3da7d3585f46a33508178a1c205c8,4,,,2017-03-19 00:00:00,2017-03-19 11:34:31
2f10f558e5b9f55f75fb23559664e45e,682c57bc2cd98a0a198ef4e82e7c806d,5,,Eu recomendo para outras pessoas,2017-03-21 00:00:00,2017-03-24 18:15:55
34b9f09071315d7c1bdae6e185d8b96f,c02bcd4d35c9e36597256b02d86d33cd,4,,O produto foi entregue corretamente e dentro do prazo.,2017-03-21 00:00:00,2017-03-22 20:28:23
3d94fd645cdaacc8c9f0dc0a2a1f5166,4d483bf690ca21bdc005df9b623673c7,5,,boa,2017-03-21 00:00:00,2017-03-22 00:58:49
4723d32fbbe890ded24736644675e6bd,3e84398caa2b0be876731343bab75b06,5,,"Relógio lindo, veio com o visor que parece ser mais quadrado. Adorei",2017-03-21 00:00:00,2017-03-22 18:17:31
87a83744a58cdab510ee5acdb3ac3897,e6fd05b126cb5c89f360d14068a14e78,5,,,2017-03-21 00:00:00,2017-03-22 01:16:29
95b1fe438e68d39debfa7786047c19cb,0ee0bf166bf18f991a111ecfe817c951,5,,Previsão de entrega para 3/4 e entregaram dia 20/3. Excelente ! ,2017-03-21 00:00:00,2017-03-24 01:32:45
aeb746308047bc522b812469c0f21add,5039c86e0392fa512d40a377555e64c3,5,,,2017-03-21 00:00:00,2017-03-22 03:05:50
c5b6f59d3843664d7da279823c1536b8,b5b362ec945720b946181f08eb7bdd04,5,,,2017-03-21 00:00:00,2017-03-22 12:12:31
169d9772ff4ae4c507880095312a6a43,72bee274b97b852ee7741bfa0b924105,5,,,2017-03-22 00:00:00,2017-03-29 12:41:22
537127b3e68ffc68a56f11eac2a25aa9,ecc5a7a6cd9df305db7d2781708d6599,5,,,2017-03-22 00:00:00,2017-03-22 21:28:36
84ba54a5272098bb5ec04faf1ac653ec,3522a71840bea6bd1cd78ae529622ff4,5,,Chegou com atraso. Mas recomendo!,2017-03-22 00:00:00,2017-03-25 09:19:47
ceac6a5a1681d9c33e5cb0f564862d43,304d007435759582067e51e9f3c44cc1,4,,"Aprovei o pedido, super lindo o trabalho, chegada antes do prazo.ótima qualidade. Ameiii",2017-03-22 00:00:00,2017-03-22 10:40:03
0bd4dcc4f6c4621baf37f73495cad8c4,a11cd01ac67beef7e8bf09740d8a35c1,3,,Entrega no prazo,2017-03-23 00:00:00,2017-03-23 21:20:16
77b097b45e38a9e17aa2d5b90648e0ca,fe2893f4e6b71e79a7aec9c777744a16,5,,,2017-03-23 00:00:00,2017-03-23 23:05:48
ae88bf6c8d9b9a0856239c363c30fd49,a811f33c743a891f34de752bba733292,5,,,2017-03-23 00:00:00,2017-03-23 18:12:09
13cb954a1d65950b6df4aaad2f79b33a,1e9bf802b8192eb97af61fd92b586471,5,,,2017-03-24 00:00:00,2017-03-27 11:20:50
1d7f2e9619cb66a7560a25fec08f6b8d,28b33b3ff1e1ef5e83ff16ade701d262,4,,Chegou certinho antes prazo,2017-03-24 00:00:00,2017-03-27 17:17:49
3598c85334724b7185a89ff097f5ca69,4de6fae240d7acb7e1a830665d941ae2,5,,,2017-03-24 00:00:00,2017-03-24 22:56:27
89a03b426edfe3944d9eaf742e8ce9c9,85f8ffb0071e850ecba540ba938f32a9,5,,,2017-03-24 00:00:00,2017-03-24 12:53:17
406dcfcb8ac2401b4af4fd967b72f3ff,661d0bde7291e9a8761e0769cf4d954c,5,,Muito satisfeito o produto chegou 15 antes do previsto. Recomendo a todos. ,2017-03-25 00:00:00,2017-03-28 16:33:14
4524cdbe8c1df91de11c2b30ade4fe8c,05cb67bde9e73ef4ed72519d1497e006,4,,,2017-03-25 00:00:00,2017-03-27 11:48:34
dd5a37f1535502276fdbfe38a2d59c6d,b0b0d3285e59abf2f6c9d7e1bf761323,5,,Recebi o produto antecipadamente.,2017-03-25 00:00:00,2017-03-26 14:26:35
3038a3a1f984446e18e641f59750a9c4,a5da284831a584245b8ab3cbce6eea11,2,,,2017-03-26 00:00:00,2017-03-27 11:40:06
401f53d7a9fccb6384264b856266be95,6bfc71c2f11f45fc225b1e1476d0b6cd,1,,"Comprei uma maleta modelo Paris e veio uma maleta de um modelo diferente, comum que posso comprar em qualquer loja. Se pudesse não daria nenhuma estrela. Desrespeito.",2017-03-28 00:00:00,2017-03-30 00:13:11
5fb075436983d93a98fd0c51b4487ba7,b643582fcd5b151f498b5383a0195f33,5,,,2017-03-28 00:00:00,2017-03-30 17:40:16
7979cc72da13d98423425660f457f0aa,a994e6b51de39d9a263918e2b37c859e,5,,,2017-03-28 00:00:00,2017-04-09 14:25:24
8ea891563ff2e29222783cd691e9d0b8,d83706c29baf36eedf5e8adfb0da304e,5,,"Chegou mais rápido que o prazo previsto, fiquei muito feliz com isso. Ja estou usando o produto e gostei muito. Ja comprei outras vezes no baratheon e vou continuar comprando. Site de muita confiança! ",2017-03-28 00:00:00,2017-03-29 13:45:49
dbe93b6dee220a31e6c22c952e3fa587,9bad44921c98e1f220a667504bcffb9e,5,,"Excelente produto, e recebi antes do prazo.",2017-03-28 00:00:00,2017-03-31 16:55:17
3de6975314b0a966cbad30628f19814e,43e4d5ff99bd1ca2d1cecbbf81067f4d,5,,,2017-03-29 00:00:00,2017-04-01 22:25:48
a53178a3f7acc22a667685ad6472cf29,20c2a60238ac437bd325af95c7148e06,1,,"O produto não foi entregue, porém no site dos correios consta que foi entregue. Estou aguardando resposta.",2017-03-29 00:00:00,2017-04-01 16:37:39
1729ce533494945520314b40d1bd19dc,21fffc2b5c2da5c102a2faec84d352b8,5,,,2017-03-30 00:00:00,2017-03-31 11:40:26
17fb20863486c730c2d2f82cc94be495,2dafb4132a26189c56b5443762cba44e,5,,,2017-03-30 00:00:00,2017-04-01 20:07:25
9438c1bcc682a61aba9bf8e5491d6d46,3a17fd4120bf394dc3968c52f703fe07,4,,"boa negociação, material bom",2017-03-30 00:00:00,2017-04-03 19:35:19
4bdcd36fabde513d40439f8f5987f7cc,8219ae90c37589227838ee62848266ca,5,,,2017-03-31 00:00:00,2017-04-02 21:01:18
96311cd3e99b9cb0f4733eaf3401ec13,3ef3c976c86d9ea7e4758728a87732f0,3,,,2017-03-31 00:00:00,2017-04-02 21:07:47
b0b3419d7dfff97fee20e3f824558fbb,29124c072d8e7d7681a0bebfe267c67a,5,,,2017-03-31 00:00:00,2017-04-01 12:04:24
eff47394b6131fd851f083c821e4338d,33c011fdacf02b14181fcd81f4b5ece0,5,,,2017-03-31 00:00:00,2017-04-02 22:59:58
142e1d344c0c2a9aa38d642f8a472655,1d03ab3055cbeb857235ddc26b6fc88a,4,,,2017-04-01 00:00:00,2017-04-02 02:15:16
4a0e35f9773796556bb8c0b4fe5b8a21,a0f9594b2c2253769e88d55a77a469c6,5,,,2017-04-01 00:00:00,2017-04-04 01:41:44
9a6442db4a50c0bc2be71d4bdc997f4c,b22d306e18b3b665d49f2ce7d060742e,5,,,2017-04-01 00:00:00,2017-04-03 00:27:44
44e51c31e08570e0c3135c81bf82675e,b0cc2434ee3727e682222a0f745a5948,5,,,2017-04-04 00:00:00,2017-04-05 01:09:22
550becbb18123571c33b39347ab641e5,f18c6aa6a5d583e8ec36beaabb81d9a0,2,,"Produto nao é o que mostra, diz que tem 50watz de potencia mas é mentira..
Eu medi ...",2017-04-04 00:00:00,2017-04-04 17:12:38
02961f307c58fd16d942308f13ac88cd,2fb597c2f772eca01b1f5c561bf6cc7b,4,,,2017-04-05 00:00:00,2017-04-06 10:56:50
c4702c5b6b29734cbaafb4c96353b81f,a3bb66c7c27c79c21aeb788254e52626,5,,,2017-04-05 00:00:00,2017-04-06 15:53:42
f04e843965a7e654cdb69165e2e827de,b7a194de2e14ca9f41580f8c6eb13660,3,,,2017-04-06 00:00:00,2017-04-07 10:53:02
168ac1ef17957752c10ac03e98f0cc1f,a17fec30c4ce5a766edee3f4c7701c0f,5,,,2017-04-07 00:00:00,2017-04-07 21:39:08
def761fae4df2a68d21ca550c8cd7154,f1a96431843abf74cfdda6b6307971fa,5,,Otimo,2017-04-07 00:00:00,2017-04-09 21:59:37
e55758694f9ba2b0497c8bcae461a233,880835c91a5227560bdb8d0f45c60579,1,,,2017-04-07 00:00:00,2017-04-10 10:40:13
5364ea4a55e54b75592c6c81b018dd4e,3da82f366802e4512789763543d67ee2,5,,Muito bom comprar pela lannister.com,2017-04-08 00:00:00,2017-04-09 10:44:21
5916853314eeb9b570ce4c241aba1bdb,5df11955c9e776e57bf66071651f6db7,5,,,2017-04-08 00:00:00,2017-04-11 02:01:23
df1be289420f1f58f2eb0be37d79596c,16aaefde5d48ac55cb13be6353f9d415,5,,,2017-04-08 00:00:00,2017-04-11 01:15:48
eda47dfb8525be8e55a39fb2961bb2f9,64a6930359fc275c86dcadea2086895c,3,,,2017-04-08 00:00:00,2017-04-10 00:02:17
42eff6e5b1a865ad07ee31c7da64aeb6,9da02db988be4c6560597e90391a4cdc,5,,PRODUTO ENTREGUE NO PRAZO E CORRETAMENTE.,2017-04-11 00:00:00,2017-04-18 13:57:44
88a77df7b5f139b251ac06174d08fd94,4f26458e3155ac93aa479a6d3ab6f909,4,,,2017-04-11 00:00:00,2017-04-12 03:18:36
beefcdd09635a9ada76618ea07261a44,953a453190f96f0f32ea10b03af65a08,4,,"entregou no prazo, ainda não abri o produto pois é presente, aparentemente veio perfeiro",2017-04-12 00:00:00,2017-04-15 19:56:50
1c26200ea13402c372deca1b3f1f5a0b,b38c1ea8a0202a0c367fa61b498b1749,1,,"Não recebi o produto que desejava. Estou no aguardo do reembolso. 
O atendimento foi tão ruim, quem nem emitiram not",2017-04-13 00:00:00,2017-04-14 03:41:13
407e39106fc35ba9cf55490b52fc4223,e55b46bf1f7b0739a890db6c07478c9e,5,,,2017-04-14 00:00:00,2017-04-17 13:25:16
7ecc0b4fad050034f0fdc104eeb61b09,99b504380657b5d582c36a7748f77842,5,,,2017-04-14 00:00:00,2017-04-14 10:50:20
f81dbd81c5107171ef6d71c12542b412,34fefcb94e75fb1b7a0cd863796ce6e5,5,,O cobertor de microfibra foi entregue antes do prazo em perfeito estado. Gostei,2017-04-16 00:00:00,2017-04-18 12:29:38
1012de8ac2784a21bb0da7b22f5ac8ac,a5fec99e63565d20d4b127479d9947d4,5,,Amei o produto. Chegou antes do prazo. Parabéns pelo comprometimento de vcs. Até a pxm compra.,2017-04-18 00:00:00,2017-04-25 01:55:39
2b3446972d51e61f8db7b5d0e77c0844,fa67f37b0eb6114117c4c0412aeaaf2d,5,,O produto veio como o combinado e no prazo certo,2017-04-18 00:00:00,2017-04-19 05:13:44
5a0655ff6a8f8a93fcca5cf6c59cf61f,3a391869ded1afe6a2b03e4205aa9a2c,4,,,2017-04-18 00:00:00,2017-04-21 15:17:32
6a6275671468d945f74a45201293fdf6,c2792ecd230f2d8f50741f6b37649fb1,4,,,2017-04-19 00:00:00,2017-04-19 22:09:21
6d611ebf948717c2c5519e045388124c,934803b43ca04b1cd088ae5e65a5ae76,5,,,2017-04-19 00:00:00,2017-04-20 02:38:20
668ed0291a5f75be2b1a909374d009bd,a3a81e0b3771258744b5002e1ab03ee6,5,,o produto e muito bom obrigada ,2017-04-20 00:00:00,2017-04-21 09:35:34
83511c61279ecd840bf3e13fc0fbe186,c915c070ee2f91af30208cd30cd0dee0,5,,,2017-04-20 00:00:00,2017-04-20 21:09:15
b106d525b981ed6eaf36e8f1e84a8496,d6d22504739cdf3c8ebce460d0a08199,5,,,2017-04-20 00:00:00,2017-04-24 11:33:11
b3d8daea77f47a75238535ea3aa1f1d4,afc1e4183307b101e5e2dbdd876a213f,3,,,2017-04-20 00:00:00,2017-04-21 15:32:26
d7721d5a2d0fe63003545cdce25ce340,a7144d3b7979d21c288cab0a459f7bf0,5,,"Índico e voltarei a comprar nesta loja , Excelente? !",2017-04-20 00:00:00,2017-04-20 21:15:44
2d9b939d00be7e33ff51cfbc3f22a569,72ef7195413663ba7dbe40abbdf02617,4,,,2017-04-21 00:00:00,2017-04-24 12:38:14
387ce6685a7d49a00a1071b777f3b341,81939d40c8467167b0946455d61ca8a7,4,,,2017-04-21 00:00:00,2017-04-27 08:39:30
651126347303f65565f12325e695f704,a434cfda13115168ed9fbb287031eff1,4,,,2017-04-21 00:00:00,2017-04-25 08:23:30
6e90b745db20f3b8f6c2d76d02fb79a2,55e1aea2308e1c019ef7ea60766c5f7c,2,,"A capa que recebi, apesar da nota estar com as especificações corretas não foi compatível com o meu aparelho.. A capa veio com um tamanho maior. Tentei contato com o stark, e não obtive resposta.",2017-04-21 00:00:00,2017-04-24 14:49:16
779cd6582db5e6049d00ec4b5533d4da,64214eee33528e79cda8311c1a40d259,4,,Bom produto! ,2017-04-21 00:00:00,2017-04-21 21:15:00
7b9972a0e89a368eb88797288e58b1de,2053554187588f29cdeb57a88d331e83,5,,,2017-04-21 00:00:00,2017-04-22 23:41:05
9a7aaa758c6b7bbd60cecb76de2a6426,18af086e1527bd81145db05cf74a0188,4,,"O solado é muito alto para uma criança de 1ano, pode torcer o pé.",2017-04-21 00:00:00,2017-04-22 13:15:37
ec6e78ae20942faacf60d24af9c5e770,e1215367814d0d82c496bf4c6b2ba6f7,4,,,2017-04-21 00:00:00,2017-04-25 11:33:11
1a13c45a78478ba4063c475bd4703c60,3e92efabf5eaa46e4ab7f20a10864785,5,,,2017-04-22 00:00:00,2017-04-23 00:34:27
cfbb6ade8a183e1db7f2dfad8aa0a041,55314fbf301db20ce06d233511d4fdbd,3,,,2017-04-23 00:00:00,2017-04-24 15:18:17
4c56e51da0898f0da6c18f001eb2a4c7,d194fbbc2e37d685b6adbf21897ed49d,5,,,2017-04-28 00:00:00,2017-04-30 21:18:57
16eaa64e75edfc7bd3503df6c3586ba5,fe991211acd078df41a8c85aceadfb66,3,,,2017-04-29 00:00:00,2017-04-30 02:09:51
078d5f1955b24a5ce19bfcae26c021a7,4821d5af4c2ac98b0f70e47c5d845520,1,,,2017-05-03 00:00:00,2017-05-06 21:46:10
38b79c0262f7f266ac6bf775a87dca91,56682efd6be4b8aaa662d4536084b09b,4,,,2017-05-03 00:00:00,2017-05-04 12:36:43
5b2f15f365071176921ab2edbac6382b,a04e5564f7cbcf78fee1ccaab8d3b0f2,4,,,2017-05-03 00:00:00,2017-05-04 10:12:03
5b2f15f365071176921ab2edbac6382b,a9b8ca11d1c4f895787b4503f3772706,4,,,2017-05-03 00:00:00,2017-05-04 10:12:03
ad1e0763d5c7256101d8dd18dbb0bb6d,1b797eb66e743460a6dd5afa1ad3c6f6,3,,"Muito boa qualidade,mas teve um pincel que veio solto mais eu encaixei.",2017-05-03 00:00:00,2017-05-04 01:07:07
7f664976af0e41c113a1b4b0e55a2249,1017e188d93cee2c3292c71a98dbec38,5,,,2017-05-04 00:00:00,2017-05-05 11:51:31
8a2f17a60cf7c5bfbd32757e68b50f7b,a1b0796198555011b19eb375a001b2c4,5,,,2017-05-04 00:00:00,2017-05-05 09:05:39
e980052c36cf420e5ef62fc1d9ca65c2,b25640291e5a59b69aa7a1e7096925bf,5,,,2017-05-04 00:00:00,2017-05-10 02:11:06
15ae4f8a2f87c78ab766e22d9b929326,a1d7522558e6fc188998886235fbf164,4,,,2017-05-05 00:00:00,2017-05-06 01:08:22
683598a96354d366237bdb8797a55c3d,83f24bbc4f76a2730ba9c9cfa32e6d07,5,,,2017-05-05 00:00:00,2017-05-08 11:08:59
6d574b9a11af342d91ade3d9e8d086a3,94f94ebc2e26aeea2aa9e8945cb9fb0c,4,,,2017-05-05 00:00:00,2017-05-06 01:43:05
c79f33fa136dbe1d5a6f994df0e5d81f,95cf53396116b5dd518b5ba1c11a0bb5,1,,,2017-05-05 00:00:00,2017-05-06 09:35:43
d6c8541a18b9d35149960ef5997f9cec,90a2ae3a8c450a4b8baba2fc8eb0fa59,3,,,2017-05-05 00:00:00,2017-05-06 14:45:14
02bd02ebc4e86f7d7d00c3b08e956342,9b95554e4a79777fcb0168932c4a9522,1,,,2017-05-06 00:00:00,2017-05-18 17:46:47
e1fb94908847c909ed88f390d6003a1e,ae270175ffc265c84f5ce6a63c3a56aa,5,,,2017-05-06 00:00:00,2017-05-08 14:18:53
866c68da9f3ddb2416428ca769ac756a,298ee6136c29ce0b78bb3cc68591404a,4,,,2017-05-07 00:00:00,2017-05-08 11:53:17
994e7ed7d4233c01dd75d3f0dde28744,e156efe18c91ba079f1b2d16ee45b4a0,3,,,2017-05-07 00:00:00,2017-05-08 14:34:34
c7460fa1b4a7b97231466957a0ad9dad,d59d424384cb6fa0956cec1af3f179ac,5,,,2017-05-07 00:00:00,2017-05-11 11:00:15
4d1f4f9d94192daf60b3af34a93e88eb,b58cbfb87064005d62cb9fccbc720966,2,,Chato e pagar o frete,2017-05-08 00:00:00,2017-05-11 07:11:30
5b9ebea57f604aa69cabd760dc1f11ee,048d699adf41881d80ac3ed5f632a3aa,5,,,2017-05-09 00:00:00,2017-05-12 11:23:12
930ce9ade6243fa36349ec6ecc8d1627,7f3a98ba983d8671d25c8cbcae5e9ee1,5,,muito bom e rapida entrega,2017-05-09 00:00:00,2017-05-09 23:06:31
e8e3e00c780b33a3a53c0b11220e67e2,76c077c302894d52a9cecbb6bc322b24,5,,,2017-05-09 00:00:00,2017-05-09 23:56:37
967d342309a4ad0de2fa8958882b7aa4,efacca5eaae8bd32666ea169089f3e59,5,,Responsável ,2017-05-10 00:00:00,2017-05-11 11:46:30
ad432c9697da4ca6c11f2fca190d006e,822430c455b49b1714466db2a15f4322,5,,,2017-05-10 00:00:00,2017-05-17 02:21:45
c38789cb95e11f3246bba798b210185f,6dab6db52d5bc33fff997ca478ef2f5c,5,,,2017-05-10 00:00:00,2017-05-10 19:03:06
3cdde0fb6645de6ac57a8c8ee4955762,104d1e3a6ba2bf9d8856a54af9c6c681,1,,"Só recebi as máscaras, não recebi as luvas.",2017-05-11 00:00:00,2017-05-11 11:43:45
1e06641c4b64aa8851d6b0abec19251b,d79b6cf112bad1936bd72b03f20909ce,4,,Bom recomendo a todos que queram,2017-05-12 00:00:00,2017-05-15 13:37:56
b0423eb0b6e2b7c98fe56fe06b8e2594,20b99bf1ea8fdeca4e8f4872c584d0ec,4,,,2017-05-12 00:00:00,2017-05-15 08:18:15
b8b7c7e88052d426e3f1f7df024f3f33,6605d4026bc07926d30228dc4de3f89c,1,,Ainda falta um produto comprei tudo no mesmo dia e ficar chegando em um a um,2017-05-12 00:00:00,2017-05-13 01:33:26
d24c0cbc9e7045cab54f378d3ccd3240,9a87b7f9b871b4725233e41e08811caa,5,,,2017-05-12 00:00:00,2017-05-13 13:14:28
dc261d4e37932211825f9d9eacb05d4a,fa4e39af0cabdc0f91adcba174a63b69,5,,"Produto bem embalado, e atendimento da loja perfeito",2017-05-12 00:00:00,2017-05-15 03:54:46
0ad514e5a0948334d1650fc10b65dace,4f13ee1d03583de54e86a2e4f640d0f2,5,,Muito bom o produto. ,2017-05-13 00:00:00,2017-05-15 21:12:26
25e492084e63a0a94df0724481188a6e,0af646de6e8d7191b1020ec0a5defcee,4,,,2017-05-13 00:00:00,2017-05-15 12:32:16
59ceb8d134c3f8f8ad2472e2e0b81aa2,6ed97d236b7eb297787b4002f3efee17,5,,,2017-05-13 00:00:00,2017-05-15 00:46:50
7e73de20650f2e7a576bf5911098df30,4d43556083ebb5d85e8a49e87730add6,5,,Perfeito ,2017-05-13 00:00:00,2017-05-16 02:43:45
11402b38c583ba650d7ebee3f60ff7a1,9b11f3c4f8e84ce1374d64914b6a00b0,3,,,2017-05-14 00:00:00,2017-06-04 00:58:17
2ddd0f1fab5f45a38d239e1c6f519bfd,bdf0dff2c16a74482f5ffce31586700e,1,,Nunca mais compro no lannister ,2017-05-14 00:00:00,2017-05-14 12:27:18
a163c2bb07914cd66030081de2399253,fdd2049f954806e2fe0d0bb830563035,5,,,2017-05-14 00:00:00,2017-05-14 21:12:31
a163c2bb07914cd66030081de2399253,9e677b4bbd5d55506d4d8f1e5182dcb9,5,,,2017-05-14 00:00:00,2017-05-14 21:12:31
e70c7c8d513d9aa4755122912fabe852,cad42b09c7b0a54df0097a65da14d324,4,,,2017-05-14 00:00:00,2017-05-17 01:51:05
06cebcdec78616f6acc066e8ec29c442,e4792daf8d9ddb74de6985c5d6980409,5,,,2017-05-16 00:00:00,2017-05-17 12:55:46
08583ca89a82fe5d444ba1ea74207d09,ff3a45ee744a7c1f8096d2e72c1a23e4,5,,Muito bom produto minha mae adorou estão de parabéns tudo no prazo certinho,2017-05-16 00:00:00,2017-05-19 14:19:13
3ad2e58bcf5c1c11cbd5767b18c86dbe,715645f32042763c55a177d5460e0c38,4,,,2017-05-16 00:00:00,2017-05-19 16:32:18
b8fdb07c683066f82a7753cd1fae9eaa,ed5c580433cad6ca57016a2c8a3f4d60,5,,O produto chegou antes do prazo e em ótimas condições,2017-05-16 00:00:00,2017-05-25 03:13:07
f778112201a5b18aacd8c79343cd5ede,a977d2aee8b0f8204693983195733cf9,4,,,2017-05-16 00:00:00,2017-05-17 01:08:08
0ab135d1964379024840fae6720ba362,10cba0be7bc27288b512d87a719b97e5,4,,,2017-05-17 00:00:00,2017-05-18 05:42:36
5ed3c957d273d4ab5611ae36801fab2d,f31dd475a9e762d3b7b023b77d03a8e1,5,,"Entrega rápida , produto de qualidade!",2017-05-17 00:00:00,2017-05-17 21:51:42
74adab95eefc5288753893607dbd258e,419c1fa500ceff6a8d5ee78cf19d2a6d,5,,tudo correto e bom preço,2017-05-17 00:00:00,2017-05-18 14:04:51
950e3ac637306dc66cc3e940d40f3c04,9ae2615288bae316687074b5dfadaf46,1,,Não entendi cancelei o pedido e vcs me mandao mensagem não quero mais o lençol e quero o dinheiro de volta no saite está um lençol lindo e chegou um totalmente diferente ,2017-05-17 00:00:00,2017-05-20 20:54:42
9f5693896a6d350196488398ed3e546e,a8ff452116db2ff4a2963f490afe5471,3,,,2017-05-17 00:00:00,2017-05-17 23:53:05
c3bdf3c64477020adeeda03647487158,5fb669725665771911c8ecc187870553,5,,,2017-05-17 00:00:00,2017-05-17 21:26:36
ea12f1af31750fc829b68e76c9d8f9ec,faf87806481a087a5380b61974971f90,5,,Chegou antes do esperado ,2017-05-17 00:00:00,2017-05-18 01:19:39
ffe020ecadb3957fec4ecb37514df336,ec8e9a10b613682c45e614fd392bb666,5,,Muito bom esse produto,2017-05-17 00:00:00,2017-05-18 18:21:35
3e5aedfe4b4c9feaa0d55807c524403d,57e89dc6246f64c869d73f264a6e505b,4,,,2017-05-18 00:00:00,2017-05-21 20:08:35
43b8bfdd330fc5f4bcf4bc9bbc3d7781,0dfc5762a0ff5c737811e18023883a86,4,,,2017-05-18 00:00:00,2017-05-21 22:49:59
7c69fcbd86399d432e0241dff0224dd5,b12e5d725658a4566286153c51727af2,4,,,2017-05-18 00:00:00,2017-05-19 11:41:51
a8d47e604bbe7ab33db14ab2c0284199,5b564ae719f89063362d24f1729d7ca2,3,,Produto entregue dentro do prazo e td certo. ,2017-05-18 00:00:00,2017-05-19 01:51:43
b39ae3a84d6f6279c830b007e92bfee1,814f83a0c457db5d3220e5e7367a944d,5,,,2017-05-18 00:00:00,2017-05-20 16:34:11
3a76bdb3b01eca6666dc56b203afe3e4,913677abacbcdc2b2f18b3ec362a0cdd,1,,Produto não foi entregue.,2017-05-19 00:00:00,2017-05-21 12:35:19
53456afcfa7926552997ac1df1d1d101,0168a7f186c1f066748d15d8c51f489a,4,,,2017-05-19 00:00:00,2017-05-22 13:21:32
638d5de8604d1966453f807fcedd32dc,d4d7c1beb2c6dc87bb984a3179558ac4,3,,O produto é muito bom. Eu recomendaria si.,2017-05-19 00:00:00,2017-05-22 08:17:03
6b07cc742221d1dca0db78d1f38fa877,f186d03d544280e8b47474d4ca836ac5,3,,A nota fiscal não veio.,2017-05-19 00:00:00,2017-05-20 09:28:00
e85d0a6e3e5b4f70ab50f6f6ed6f47e6,782d3bc431fb7dfe50633f53fff4ac62,5,,Antes do prazo!,2017-05-19 00:00:00,2017-05-31 12:43:39
018278677675e07184d9a078560f836b,b2a04f1e9c3932855c266b1c8ba7b7c5,4,,indicaria,2017-05-20 00:00:00,2017-05-24 20:53:42
12721008b38d28a50aae3150f348af4c,a8f5a2b22f55e0af45b300929d1fdc7d,3,,,2017-05-20 00:00:00,2017-05-22 13:01:13
720194ea74696ebe049b8caa416395f4,fa3b973e0d6218a2905cf9808c158794,3,,,2017-05-20 00:00:00,2017-05-23 13:26:11
85152f1d6b267f9f9aa3149d4c62c048,dd0488bddbf592ba7d9855279f65af62,5,,"Muito satisfeita com a entrega, pois chegou bem antes do prazo estipulado. ",2017-05-20 00:00:00,2017-05-20 07:15:11
df5f522cb3764a0981cd290ed641751d,544238f04f24765a69670a0195dc23c5,5,,Produto chegou antes do prazo. Produto excelente. Loja muito boa.,2017-05-20 00:00:00,2017-05-22 00:18:42
0abb0ba2566059d88092d3de8e45b88d,98b59311f54a330a4abb1037b2a1449e,5,,,2017-05-21 00:00:00,2017-05-23 23:18:32
5696a982484469dd9a6130f202f43152,b84b9f8e6380570cdabdb0af246d6b9c,1,,Ainda não foi entregue na data.,2017-05-21 00:00:00,2017-05-21 13:19:49
dcb3c68821b178fc6733c5825819573b,0cf2af331f55382bd5698864658e73f0,1,,,2017-05-21 00:00:00,2017-05-22 14:08:37
61e9e064ddcb74aadd5fe7c35f6241e7,24d9966e0448b19c57091951a299c0c4,5,,,2017-05-23 00:00:00,2017-05-25 14:35:30
74795f24ebeb9a8273414cd25e439710,358001862da7e31fc81214650e2f134a,5,,,2017-05-23 00:00:00,2017-05-24 01:22:02
b2f29be148f2e96c331593c1e8f14112,f199cd14cb3f15b4b30dd5b94dcb7cc1,4,,"Produto de material de boa qualidade, porém as partes de metal achei de baixa qualidade, principalmente as parte do prendedor de metal da alça maior. mas nada que comprometa a qualidade da bolsa. ",2017-05-23 00:00:00,2017-05-24 19:44:12
b9877495d12f5aeedda7b27d6092e7ea,1ab73bf6573a454e2ea4a88dea0ba430,5,,,2017-05-23 00:00:00,2017-05-24 10:35:38
d148482790b49f73955e9bc73a190d12,27da527c266684c5bfb86fc601060406,5,,,2017-05-23 00:00:00,2017-05-24 00:14:24
1b8df55d40e129a4003858afb671129c,b12e5d725658a4566286153c51727af2,4,,,2017-05-24 00:00:00,2017-05-27 11:14:56
8ae9ef00a1852b18a90981a10dd71770,5010ab6b12449f4912c2aa83c16bf2bc,1,,O produto ainda nao foi entregue ,2017-05-24 00:00:00,2017-05-25 15:52:35
28d27f12d6922dbddfd9fd5f1f10d078,943eaec3487658de2dc5291e9c051e51,5,,,2017-05-25 00:00:00,2017-05-27 23:47:16
8ed0207669eff2e6f3811a3d279a98c7,3ed44f394dcafefbeb7377f0450ba269,5,,entrega realizada duas semanas antes do fim do prazo.,2017-05-25 00:00:00,2017-05-25 20:45:37
b8fdaa6fa509bd1405ee9cdb71258f64,cedce2be74a9e660cec99d6f9c6674f3,1,,"Parece plástico de encapar caderno, muito fino, não parece em nada com o descrito e não é blackout. O desenho parece que foi impresso errado e com resto de tinta, é todo falhado. PÉSSIMO NAO RECOMENDO",2017-05-25 00:00:00,2017-05-26 04:13:28
bf17bc4a925785db512843351d27a64a,3befd8331efa9255d2e09585a7042fc3,5,,,2017-05-25 00:00:00,2017-06-05 13:44:28
c0df3d29a28de04c75e1f46219febaf9,c083067a0c4c5dc8446fb1a11b345cb4,4,,O problema são os correios que não cumpre o prometido na entrega.,2017-05-25 00:00:00,2017-05-26 00:13:32
deae485423c1e591423331734e5450b3,d367a93b215e8828942054fc3799c834,5,,,2017-05-25 00:00:00,2017-05-25 19:09:19
f7d05dc177fd2d9f8d37a65814dc8ed9,d0e7c11999696d6e68df274547d2bd99,4,,,2017-05-25 00:00:00,2017-05-26 00:47:59
3d3d37e6809f6baeb3ea78499f087298,bc3b36d86572b02655327f69e10504d2,5,,,2017-05-26 00:00:00,2017-05-26 23:51:08
d0eb8dd607173edbbacff3151afb39da,6053546de45b3aa8422ee0020b1a2da4,5,,,2017-05-26 00:00:00,2017-05-30 21:36:53
dde59d789837404b8b96b19e53a45d1d,809c4ebcc270057a021dc813195717e3,4,,,2017-05-26 00:00:00,2017-06-03 17:24:20
497dc731c887342031f54297dd57d661,7ab64f42a8f9ab290e920eed320d7e60,4,,,2017-05-27 00:00:00,2017-05-28 03:05:31
8d4a9243f0e25a8c220b4ca422bae6f0,f561e528dd0491e6fd42ba9b07958979,5,,,2017-05-27 00:00:00,2017-05-29 13:48:59
95e3afa5debb8d42cd07cd5347694afd,3516e5d5f67c23496363aa89756c4cba,4,,"O produto tem-se mostrado excelente, só não dei cinco estrelas pois demorou chegar, no entanto, o atraso foi por conta dos correios.",2017-05-27 00:00:00,2017-06-06 17:37:38
8e5623e7ff97383c53bd34cf427ffe93,0e3ec3c17b64c6cc7bc01bba21e7afdf,1,,Estou muito de saco cheio minhas cortinas não foram entregues até agora ..dia 22/05/2017 recebi um comunicado que minha área de entrega era área de risco ..mas isso pq eu fui atrás para saber .,2017-05-28 00:00:00,2017-05-28 16:53:05
8cf79a962c2e818284ed93da518bb3f0,d0d6f28c88378bb68aaed959896a43f5,3,,da pra melhorar um pouco,2017-05-30 00:00:00,2017-06-02 00:31:04
8e42039f9508e0fb21b61262ba2ce672,bea1d77e861b4f44276f02d599d25705,4,,,2017-05-30 00:00:00,2017-05-31 14:13:00
b51731f02e742a7706c7ff6f0ab99fa0,24bfe29693d0dbabd5e08b3b3bf1064c,4,,,2017-05-30 00:00:00,2017-05-31 00:59:42
ea0f1c27a39483518bbebef03e3e59db,65dd9664feba93680da24da77168ad7b,5,,,2017-05-30 00:00:00,2017-05-31 18:16:25
16b425a4dfc1905a31fca0f8fad1ddd7,148988b3acaa4d165fe1b3cfeff74a1f,5,,,2017-05-31 00:00:00,2017-06-03 16:30:22
3356816a884c597b4dd71747783094a6,ce243573aa83a8e70bb99ca6133a210e,1,,Produto muito ruim.,2017-05-31 00:00:00,2017-06-02 23:12:13
bfdf509b9b5db46e3cdcd9b7bed41813,30eefcc39df18702a6f28ff1a98a0a61,4,,Só falta ter o frete mais em conta,2017-06-01 00:00:00,2017-06-02 00:51:13
0ba3f0f5147ff37e02af65795482cba5,ad9a8214948a5bbd4fa03af2ea598a20,5,,,2017-06-02 00:00:00,2017-06-13 18:32:44
18674ed94b0d0f2fef391144f6b36c76,06eda05597492635e3b91e00aa434332,5,,Comora segura e agil,2017-06-02 00:00:00,2017-06-02 23:26:19
423c3947bf496671722a8e08db34c72b,0ccb884361ec00003176dab0ea647f59,5,,Nota 10,2017-06-02 00:00:00,2017-06-05 14:07:31
7ef5cfbdbfabd08c105300e28292c199,94a4b177f8c0189f23514b5390fb396f,4,,,2017-06-02 00:00:00,2017-06-03 16:28:44
c5cef741ecac225e8ec7d915be82d5e7,c24a00c414738de9ee6121f179ebba9c,5,,"A versatilidade e a logística são componentes da equipe do baratheon.

 Muito bom.",2017-06-02 00:00:00,2017-06-04 00:54:19
f44600dfb390998ac0ea65707051739e,c91bb9b296c26b316c8acead6501905a,2,,,2017-06-02 00:00:00,2017-06-05 15:11:41
0bdc4441eba9a906a5b2729bd9201d39,e4aac63ea6f6b75b6d91ead05207fb43,5,,,2017-06-03 00:00:00,2017-06-03 18:57:26
556fbbc39cc6e4f1df9d1279ab219409,4f61042cd85285c68606c18b44a1b13a,5,,,2017-06-03 00:00:00,2017-06-05 23:09:21
8ad92e79ad03a26ded6f715036e1e8ff,7f8627b25121727150b46207617a168a,5,,,2017-06-03 00:00:00,2017-06-03 23:17:28
f80b564cece75a7ca9390b26130b174d,04211073930bd30b88b8170431a071ed,5,,,2017-06-03 00:00:00,2017-06-05 11:40:42
d80889ac5e64526148081227745e82d7,a5f8439f1e560659a492608e370ecde2,5,,Ótimo vendedor,2017-06-04 00:00:00,2017-06-05 00:25:57
944406d8294e61daf236bc81fc16052f,282798d3d9e90c0c2c02697bdb07b839,5,,SATIFEITO COM O PRETENDIDO,2017-06-06 00:00:00,2017-06-10 12:02:23
9ad5917adcfd30b32c450bca99d692bf,4c7c07c668cc6ddf5697998d547e6d41,5,,RECOMENDO !!!,2017-06-06 00:00:00,2017-06-07 11:07:26
2a806a1aa11001041a25852306a2b0ee,d66702922aef0a934935edfba929e95a,5,,Uma rede macia e grande. Adorei. Recomendo!!,2017-06-07 00:00:00,2017-06-08 15:34:12
3c7d76842658192cbc04a04135bad253,c2efd7dd7ea9e5bad9dffbb89653491d,4,,,2017-06-07 00:00:00,2017-06-13 19:19:20
c46a279541e8ce5d1bed5bc4079402cb,cd3f1c4c9d4aaf1ea8940fbb22adced5,1,,Nao tenho o q dizer agora,2017-06-07 00:00:00,2017-06-09 17:32:00
27196b28176f35cecb9364dbf09cd10c,ed1acc924e85e293849485a9d5dc3498,1,,"Fizemos a compra no inicio do mês, já pagamos o produto e não o recebemos. A lannister, por ser uma empresa séria, deveria acompanhar mais de perto os parceiros com quem trabalha.
Muito insatisfeito",2017-06-08 00:00:00,2017-06-08 11:10:13
3f8bb859f2d7024bc419b489a3fcfd56,204c3a076103a93b98207df2faeb6b4c,4,,,2017-06-08 00:00:00,2017-06-09 20:28:21
40b670a8f304ef4899b30154e289dc84,1e43fdb774abdae4d882174e2f08e495,5,,,2017-06-08 00:00:00,2017-06-09 23:26:02
59a179ad0c363e30002f17688f45fb1b,6478538d03095a03a2562a4fa6a658f6,5,,,2017-06-08 00:00:00,2017-06-11 00:48:12
6ec832da9f45cf50af5a9c8d8a37c126,6f4452481a003461b40a81ffa3605ac6,5,,,2017-06-08 00:00:00,2017-06-09 11:47:25
b95bdb6920a595cfb14ac2ca402123d9,2f336c3bd8fa1208e968bb0601eb8b92,5,,,2017-06-08 00:00:00,2017-06-09 03:35:28
c92d5b18233497342647856c33f0a527,d16f8ec8edbb1c3652f142cc60042a86,4,,,2017-06-08 00:00:00,2017-06-14 13:12:40
a7081be8b504ba4a7a211a48203f2fe9,e13d1b8079da63aa71fa8ad68b3c3586,5,,,2017-06-09 00:00:00,2017-06-12 14:03:53
3c656b8b3fbd57e9d2dc978c2338e83c,d10d073e94c144befb776edab73b84b8,5,,,2017-06-10 00:00:00,2017-06-11 17:11:41
58e80dd013cb98b6c78a258a4fd6c466,2f246ee329fce6932458bc7a10625d2a,5,,,2017-06-10 00:00:00,2017-06-10 19:02:47
10c98b959b006e272ee7295bc45cb622,505d775eb158590af72d04189474e23c,1,,"Não recebi até hoje,recebi um e-mail falando que a compra foi cancelada eu não cancelei nada o que houve.",2017-06-11 00:00:00,2017-06-12 00:30:16
0b00941c6eac6a6ab86086768dc6af01,af1c0dc1f2cdfc4a74069019fe837717,1,,sem comentários,2017-06-13 00:00:00,2017-06-15 01:26:47
427bcbe840cdbd98c89f1c295720ee22,8553cd91f67faa93fd2aa45148bcc3c8,5,,,2017-06-13 00:00:00,2017-06-14 11:40:18
6ceea911ac3955c7bc04daed3abd7683,2b7c0e3fb7de6dc7f388783e33800777,5,,,2017-06-13 00:00:00,2017-06-17 04:05:42
16587c677753e8e8f1dffcda3314657e,5edee244fe02fdbeb9a2d97a4e8cf17c,5,,,2017-06-14 00:00:00,2017-06-15 23:37:38
62e799b8252eda1853aba00b468eb809,cd3d84e6743d5f2e14233c017e9bd10a,4,,,2017-06-14 00:00:00,2017-06-14 16:38:58
92a80852ab2845d8362547405ddceb36,bf593abe2928b23b60cee1ff3471a4dd,5,,da forma que eu esperava,2017-06-14 00:00:00,2017-06-19 15:06:40
bb8ab00d21f0fff373f9b63470013abe,98f75acaf1c9b0c2424f3b0fc6a22bdc,5,,"Recebi os produtos no prazo, corretamente e até uns brindes a mais. Recomendadíssimo.",2017-06-14 00:00:00,2017-06-14 15:03:40
e761efc4c76b9aa6731c942cc7f46dfa,a6401d6c8f6d0df7821a17a628c1f36a,5,,Produto e entrega conforme anúncio,2017-06-14 00:00:00,2017-06-15 11:17:51
ee537ff5c5acfa96afce2d01cdd1da39,fc79d61f2a305370fd69ee2c8048d5af,5,,,2017-06-14 00:00:00,2017-06-14 15:38:59
378d97fd94df16d4c96a7c00e90fe072,28583c5f21217c9d51f9578b37a4b224,5,,,2017-06-15 00:00:00,2017-06-16 10:34:07
737decbba63f9c61ea44c9bb47d8d8fd,f204f70875d6c6b3ef8858487847fec4,5,,Excelente,2017-06-15 00:00:00,2017-07-04 23:05:08
898bf00eef03a760b43f00a0206ebdf3,8b888647a2115442e3a034d649699df7,2,,,2017-06-15 00:00:00,2017-06-17 15:14:44
b4cf79b798aab41dc47acab90f506332,64cc5ef24e102ee02c47f7a1967b8d27,5,,,2017-06-15 00:00:00,2017-06-16 20:12:54
b9e74146e8f546fcf1729a1c6af005b2,0a8f8c393d9dbc5901daf7d157afc427,5,,Produto excelente! Exatamente como anunciado! Entrega rápida! ,2017-06-15 00:00:00,2017-06-16 02:02:45
c5bf7ffdd356ba2a3351bc7f8771bd23,6defcba2f5df4f21c16be676addd3ce7,4,,,2017-06-15 00:00:00,2017-06-19 11:40:22
cd9125d39cfcb70ed3967732642e4864,cc80e8ed42d1d4ac3dbe8e800672d01c,3,,"Achei a qualidade do produto muito ruim, não veio nenhuma bucha ou parafuso para fixar na parede.",2017-06-15 00:00:00,2017-06-19 02:23:02
2782f48d644ebac730eaf9b5bdcf3a19,2f4f4e713ba94c2880bd26d5adb142e1,5,,parabens,2017-06-17 00:00:00,2017-06-19 13:21:45
84e1b02ff4ed50cc9823db1ce911e879,bf593abe2928b23b60cee1ff3471a4dd,1,,Recebi um cortador de salada ao invés das gaiolas,2017-06-17 00:00:00,2017-06-25 19:57:43
d4b030b3d3f2088a1538ec5ec61fd2f8,071a4b7cb627e6acfcbde9c7ec233893,5,,"Excelente 
",2017-06-17 00:00:00,2017-06-19 22:17:21
fc7e34a95d30da3f10333b219bdaeff7,0dfb6682877b58ca5105919c6cd2b741,5,,,2017-06-17 00:00:00,2017-06-18 02:57:06
7a560a5ae4e1dd3ebfc4c9cd05cc49c8,3ec2bc5de0fe81f5d14adb115df88e36,3,,Não foi entregue em casa .disseram que não tinha ninguém pra receber;só que tinha. Usaram o expediente mais comodo ..entregar todas as encomendas no posto do correio e o cliente se vira pra retirar...,2017-06-18 00:00:00,2017-06-18 23:27:51
ff53e0eb936cf25b0f35d2d4e9f37de0,08e5962f7b156426e52078f8504e9b9e,4,,,2017-06-18 00:00:00,2017-06-20 19:09:36
1ad9ea3f9180896c3ef1439628bee434,af42a8855a3f0b15c3878111efa19ba6,5,,,2017-06-20 00:00:00,2017-06-22 22:33:21
333de1f3b4eed4582102cffc23123675,9b32795311e821b3314911f55bb8a327,5,,EXCELENTE,2017-06-20 00:00:00,2017-06-21 19:27:09
de1e0fbae794a490c5f378e7b7bfefaf,f9d5bfb53147f381e81b89a848e26b16,4,,Gostei cumpriu o que prometeu,2017-06-20 00:00:00,2017-06-21 16:11:55
1cabcee02e257d211a29c504ca0a5eb0,e387acf12982c1b307ea89d69c292345,5,,REOMENDO A TODOS,2017-06-21 00:00:00,2017-06-22 00:01:45
29d53bf690db0e866c06f08b19a62389,b497a58303bca7160ad663bd22cea268,4,,,2017-06-21 00:00:00,2017-06-22 12:11:19
58198452b0ee95f94fb57efdbda2a5d5,fb66a068381c1be27f5ad0a25309d424,5,,,2017-06-21 00:00:00,2017-06-21 22:59:11
5fd337c73543f1ce1f19bb13d6c6d9d2,129752a77c2cbf91fc9892660f83dc79,5,,,2017-06-21 00:00:00,2017-06-22 11:19:56
7b51d196eb5e6cd9864e5334af78b7db,1593ad9516af3ed6b4bfa1769d77f0b0,3,,"Os Pneus foram entregues no prazo, mas gostaria de relatar um problema: Apesar de ter sido entregue dois pneus de modelo e marca iguais, um deles parece ser semi-novo e não 0 Km, conforme o anúncio...",2017-06-21 00:00:00,2017-06-24 13:07:09
228f61c4e8775c1751eb5dfc23d963dd,d99b88619176350e49d910a4e548b951,5,,"Adorei o produto, recomendo!!!",2017-06-22 00:00:00,2017-06-23 12:15:49
c48adb66e492dba2511d13d6007f18a8,92e3bc2d87e3b3c8d2357a4525d5af8b,1,,"Recebi o produto diferente do que estava na oferta, já solicitei o reembolso do meu valor e até agora não obtive nenhuma resposta para solução.",2017-06-22 00:00:00,2017-06-23 15:38:31
f177154b94dc07423ff562ac83688c4a,3d1015779173f2ac043082581b12e826,5,,"Muito bom, parabéns continuem assim!
",2017-06-22 00:00:00,2017-06-25 13:18:08
f691fc3c47e600615724b106e9520a74,4c3499a7df623b40778ee01a90811a2f,5,,,2017-06-22 00:00:00,2017-06-26 12:50:29
08fbc831aeaed1ebc48da757ac69352e,604970dd9342c16efde4207c42f38f2d,4,,,2017-06-23 00:00:00,2017-06-23 23:18:05
1042b99f2f79ba59620068573cca1367,36beeab200d5cfc98103d1fe0b00669d,3,,"Produto bom - nem mais nem menos - entrega demorada, mas dentro do prazo.",2017-06-23 00:00:00,2017-06-25 19:30:34
12427be2474f61dc6a228b14d021fbce,03dd7d68a345c4fb5061f35f29ad959a,5,,muito bom,2017-06-23 00:00:00,2017-06-25 14:18:42
1631b5463ec9ef5825142c00ed6e13ec,b6369b16620510273273fe0d6be68744,5,,,2017-06-23 00:00:00,2017-06-23 23:36:00
4ecde43e4be0a8409d10233dc992e89a,5f9e345bd69028860ff1b6a72c26dc45,5,,"Sempre sou muito bem atendida e recebo os produtos sempre no prazo,já sou cliente a muito tempo e só tenho a agradecer.",2017-06-23 00:00:00,2017-06-25 19:32:24
548ad7b033d17967afbe123c5e3dabb5,f803879e0bfd93a6599c19a3f2b4b74b,4,,,2017-06-23 00:00:00,2017-06-23 23:15:34
565da3a7d14cac2911354c50623d64aa,2629c961d080657de062559a9187b49b,3,,,2017-06-23 00:00:00,2017-06-26 09:26:13
0c12962a926d25a8f4660ac0d83a257a,898a3c6ae100548e40cb528dd26df687,5,,pontual,2017-06-24 00:00:00,2017-06-27 13:58:13
e2e91613591bd10e7dbeaad576e201d2,44440fdd29ac17b06eb5c690b95d19ed,1,,,2017-06-24 00:00:00,2017-06-25 21:29:51
7c4edc8e654a7bce0cd905b680a96f80,8d24e39cc7ee4017efd53c88a131b000,5,,,2017-06-25 00:00:00,2017-06-27 09:01:33
7c837daf77e032dd9db2dd81b1dcd48d,67efc48800e617879edb36f04f815c59,5,,,2017-06-25 00:00:00,2017-06-27 04:23:41
0f796638e2113acc489d81f731762113,4ff17917a5050a11678d9af3fb12ef57,5,,satisfeito com a compra indico,2017-06-26 00:00:00,2017-06-26 19:16:21
87c13a40ddb9333c0818f8f6745af183,84152c38452eb1dec5ddae4198266724,4,,,2017-06-27 00:00:00,2017-06-28 00:06:47
8fa2b3d1b62265e07b8c55bf80d41f11,0a3c7a080b1152884a662e6da68906e7,4,,,2017-06-27 00:00:00,2017-07-02 13:48:46
b7292bcb6993abc0dfcb545df285cf17,6eccf2d285566975653dcf25ec2f21ed,5,,,2017-06-27 00:00:00,2017-07-10 12:16:32
e513683dd85fcc2d13cfa52f853b0e24,33bf2ecd9c887519e7c11288384fa270,5,,,2017-06-27 00:00:00,2017-06-28 20:30:32
141b902029c08788d29af899d83778fb,3303ae257c7df7d22445570e801fbe6e,5,,Tudo certo,2017-06-28 00:00:00,2017-06-29 14:10:15
206fb094cc29774dc9e2039b15be7f59,cbd1b65ad17e5be3c2c8dd66d0e581a2,4,,,2017-06-28 00:00:00,2017-07-03 20:27:04
61e8855b0596417fd4dc25f0a5c3a5be,b7fe42fc0d57642abd6b868ce754865c,4,,,2017-06-28 00:00:00,2017-06-28 23:08:19
b78186431d02c82e4f5ce7a941f85f3d,ecae73914f65a01db35cc609281364ef,5,,gosto de comprar nessa loja tenho sido bem atendido.,2017-06-28 00:00:00,2017-06-28 11:30:44
c5b4dc528c66bc0ac345c35c30a83e09,dd8b565021d8781e5b1a93e85ec5aba4,4,,Tudo conforme combinado.,2017-06-28 00:00:00,2017-06-29 01:11:39
dce802e80645c005b51222c9948d9d89,b7fe42fc0d57642abd6b868ce754865c,5,,,2017-06-28 00:00:00,2017-06-29 02:57:20
b4bfee48259794e76c0ec98fcd95ce13,5dbd99a1d0b13836606e44c8efe79fa9,4,,,2017-06-29 00:00:00,2017-06-30 03:07:00
bd5b719a13539def7dc1a284845f1fcc,689213e7743f18906e01c88ccd31e880,2,,"3










",2017-06-29 00:00:00,2017-07-02 18:49:04
08146764883b0160661dec051503563c,f8dfc821045ffbcaa7a319a3320f7258,4,,otimo,2017-06-30 00:00:00,2017-07-01 00:36:58
3379513d3f27511e7c8673d849926dee,5e3f975c4be17dfadd26987a66fd8061,1,,Ainda não recebi,2017-06-30 00:00:00,2017-07-03 11:18:34
9009e7e25f6a8e4588f0a8b43297d9d1,288ec48ad5ea4c98afe99ea53d523b78,5,,,2017-06-30 00:00:00,2017-07-08 00:14:13
b52a0211205e28cee2a9a261d7075b5a,92b8ad8746bdc2d63f544dd75b17d7b3,5,,Sempre bem atendido. ,2017-06-30 00:00:00,2017-07-01 01:52:05
f94c5e3ec3a039fb44ca66806720ecd1,2688613ae3d2299ed6dfa709d64750b7,5,,,2017-06-30 00:00:00,2017-07-01 13:32:09
0b2c78152d63dcf308f50b75a9dca09f,804e5ddab73def7d5e86b8ae6f27e83b,4,,,2017-07-01 00:00:00,2017-07-03 10:35:10
188c1aa38b8bb680814b6f4b07d4f4a9,fcd0f8a6842216f0d6d5a217883eb711,1,,comprei 2 cartuchos ORIGINAIS HP670XL PRETO conforme anunciado no site e entregaram 1 cartucho COMPATÍVEL. Reclamei por site e estou esperando retorno de e-mail. ,2017-07-01 00:00:00,2017-07-03 17:54:50
a6ab65d42a020deaaa6a997e73ffb71b,7e4465ad21a49af2c190e90895c3edd4,4,,,2017-07-01 00:00:00,2017-07-01 23:11:15
1e6dcf3e365bc12afe596b9666a5b711,82a914d5f7af95901a18ef83b388bd4f,2,,Paguei e demorour para receber,2017-07-04 00:00:00,2017-07-07 13:25:44
1238a48b7ef547e2dbdd6a4ded71ba92,5cfaa2e60887ab4aed7d4e637efe2156,5,,,2017-07-05 00:00:00,2017-07-05 23:04:05
768574c62d552bdb457f99997dd5ab3a,58199a8d18062ab7c3fee55f16366d45,3,,,2017-07-05 00:00:00,2017-07-06 13:05:29
83422df9eb74384ff97b76fd5262de7e,96c4604cd628d2deeba98d012743a455,4,,,2017-07-05 00:00:00,2017-07-07 15:12:32
27575e78f18ad021e911ce1bfd3f6208,1a17c1925a4d5a18c4880b06b51c2b0f,5,,,2017-07-06 00:00:00,2017-07-06 23:16:01
654be0cadca9e7426804632f3f4f13b9,1f40ace91ba066aaaeb2a36066eb5391,5,,,2017-07-06 00:00:00,2017-07-11 23:59:31
7cff75460b47ff71efe3b2d7c64a3a1f,50affbf242adb2cf23efc823a471d621,3,,,2017-07-06 00:00:00,2017-07-06 23:34:11
f233c105fc4009b896bd0c76e331d65f,1ac0eff2487c84f0181b8204a9bf6124,3,,,2017-07-06 00:00:00,2017-07-07 14:16:32
a4fd3d012f05ba18e3abf2e1be71573c,01c18108db50c163daf7dfe461093fb7,5,,,2017-07-07 00:00:00,2017-07-08 03:15:42
aa8f41f6f9838dc3614508a26bb72a5c,b80a30ad4fad5c35fbc7904d46cb25e6,3,,bom,2017-07-07 00:00:00,2017-07-07 23:55:47
7af97d890a85ee61cbf535cf982c475d,31a6cbe67abc9e5414688f0f59681ec0,4,,,2017-07-08 00:00:00,2017-07-10 13:12:18
828b5efb6c4933de4cc778e3f79a2c32,68ba2f5321a125f8524a6e7b2fcbfd94,3,,"Não recebi o conjunto de mantimentos. 
Foram preparados para envio?",2017-07-08 00:00:00,2017-07-09 03:41:00
fe49e817b32604318325531d264b51e0,cd3e9759dc483946db2133168746fddf,5,,,2017-07-08 00:00:00,2017-07-11 19:45:25
11b1124e2fc36f5828308c7aea2ecda9,a5d049fb139be4e41df304569addeef7,3,,,2017-07-09 00:00:00,2017-07-10 17:17:01
2465ec9538644e7f8fcdc8c03323b560,2112e59b69d2f316f9fe16796ca0db5e,5,,"Parceiro muito bom, vale a pena comprar com essa loja.",2017-07-11 00:00:00,2017-07-12 04:42:06
3661f2f4a65debc8e2eac1b3765c7e91,bacd96c90a381b246902e1882c0fb7d1,5,,"chegou no prazo e o produto é muito bom recomendo, funcionou perfeitamente no meu computador",2017-07-11 00:00:00,2017-07-12 00:10:24
47b0a29225e4787c32531415ad96ed34,24f926887373bfb98b4f309ecabab893,5,,"Entrega rápida antes do prazo, recomendo! ",2017-07-11 00:00:00,2017-07-12 00:12:22
4d6ce7fc32dd0ce3e8fd64f563c37b1e,2787b157e624680cffc26163900e2543,1,,"Recebi e estoquei, pois pois tinha um já aberto. Acontece que comecei a usá-lo e o mesmo fica vazando. A fragrância é idêntica ao que já possuía porém não a fixação é péssima, produto suspeito.",2017-07-11 00:00:00,2018-03-05 00:14:33
84c22a37afb9437ae26cad1deef9f2e6,97f6c1beeb18315f25509f009a45b111,5,,,2017-07-11 00:00:00,2017-07-11 20:07:35
93cae3741e55b29571f04a41d30db123,dc282855b102a2d5cffe41332d73c196,5,,,2017-07-11 00:00:00,2017-07-12 12:51:02
9c622782dbad93cb5f4cf1f820dbad03,6e4136c5ace9e2c496768e5f6e97abe5,3,,,2017-07-11 00:00:00,2017-07-11 21:27:03
a3abdca0d0a91c739119697b595293de,085bc46be56c7b3c4d5d805843d02e5e,5,,,2017-07-11 00:00:00,2017-07-14 22:06:56
becba746946a6a7708b5d0e8988ab309,2d26f440845a3b31ac584864e2d1a82e,4,,"Loja totalmente comprometida com o cliente! !!
Parabéns! !",2017-07-11 00:00:00,2017-07-12 23:07:48
d7465e4ed6e3b9c4d679b7e65c8d503d,474871bbd62988ab38f2d15c093f3233,5,,,2017-07-11 00:00:00,2017-07-19 23:04:17
f091a5a97bf2af13f4a12b62df70af80,672b229b951f5c0e6a574808b406bd53,1,,"Pelo preço, achei que seria pintado as figuras e principalmente por ser de cozinha, onde te muita gordura, mas os potes tem o desenho de papel colado,",2017-07-11 00:00:00,2017-07-14 11:15:06
2b81b4b91cb3848b85309c878cab7b8f,a7b5e82b294d8eac1109824b0194abb9,5,,,2017-07-12 00:00:00,2017-07-13 10:56:44
6b279b1a5e4cf2454ac6f1bafa9326e8,fc55691eabf7bd6d38e8d49b4cdd8629,1,,,2017-07-12 00:00:00,2017-07-14 10:31:58
c57abbc3c7c8e0c8023af0f4f97a3fdb,381d16906fcc904fe66028d7438ebc3c,5,,Lindo o kit de mochila e lancheira frozen. Produto de muita qualidade.,2017-07-12 00:00:00,2017-07-15 23:18:56
29aeeca2ed21aedc552cc21421eeb983,06b2c7035561ef12b16045ef4bf459e2,5,,,2017-07-13 00:00:00,2017-07-18 00:24:04
4812973f7fb59a488cb5fcbafe275581,e28b309a54ca704f4ef3c6fa95da3fb5,5,,,2017-07-13 00:00:00,2017-07-17 11:08:39
4812973f7fb59a488cb5fcbafe275581,4a34792ebbc108e28a7d9cc2332ed0e1,5,,,2017-07-13 00:00:00,2017-07-17 11:08:39
52ade27d9540d1511edc3cefd236537f,1facf0f943e2e863012876581d779f16,4,,,2017-07-13 00:00:00,2017-07-24 18:48:14
55287e6149910803d344cf71ca8c7015,4a34792ebbc108e28a7d9cc2332ed0e1,5,,,2017-07-13 00:00:00,2017-07-17 11:08:25
613e8b3deb82299fe1e3d1c581e9ce2d,fa0516e60526f3547106618fe2482801,5,,,2017-07-13 00:00:00,2017-07-14 11:05:07
6d36bc81d8f93a29cbc9b04933338fa7,f2793cd4b64bd3a177d4a367a3cf40bd,5,,,2017-07-13 00:00:00,2017-07-14 19:10:15
04d945e95c788a3aa1ffbee42105637b,029863af4b968de1e5d6a82782e662f5,5,,,2017-07-14 00:00:00,2017-07-17 13:58:06
0dd0a5b02a4f79320a777ceaaaf9d0d5,cd9d1d8f26cd28414908863fd4538ef6,4,,,2017-07-14 00:00:00,2017-07-15 01:10:21
8f495603a92c21dda53f99f03cd618fc,b3ef4de1762699288ca5c55a1e574a12,4,,"parabéns pelo atendimento, produtos entregues muito antes do prazo, e nos dá a opção de acompanhar o pedido, muito bom",2017-07-14 00:00:00,2017-07-14 19:25:53
977431a1f7a33d41da65508b383c46dc,3aa0bcd95f24f4a91c0ca3f0a160ec9f,3,,O produto foi entregue em tempo mas ao tirar do pacote e abrir quebrou.,2017-07-14 00:00:00,2017-07-22 10:26:49
fffcfa6087cd3b651c68252342f13cb9,4069c489933782af79afcd3a0e4d693c,4,,,2017-07-14 00:00:00,2017-07-15 02:14:44
01386a5362421b46de2a2503f1f163a4,369736d4fdf5f12b5b823fe2abb3e485,5,,,2017-07-15 00:00:00,2017-07-17 10:23:36
0337bca518afdce6ba36f45912d15a9d,e64219e0a4f33d57e6dbb217dfa73564,5,,,2017-07-15 00:00:00,2017-07-18 21:45:09
4badd2132bdd2e6fd8972608ccc5bf17,3b0dd50dc2aa331331704962064c8a8d,5,,Ótima compra,2017-07-15 00:00:00,2017-07-17 15:15:05
5e0459a8198e9e077bf65fe66bb45c24,25fe494885908cc898eceec3e6594d2f,5,,,2017-07-15 00:00:00,2017-07-16 02:02:20
67caff29ba033d18a15fdc393f9f46b3,d578a6c1bb288c7f9a25b8cfbc3ab962,5,,Blá!!!,2017-07-18 00:00:00,2017-07-19 12:47:53
0531d5c15a92dc92c39738bcd347cfcd,7b2c820a0c74e5a87489ee2463ae2492,3,,,2017-07-19 00:00:00,2017-07-20 00:00:32
12ef9b8a49d2f5a80dde1573e24d0dbe,96e78a16640bdff7370dd73cb821fc01,1,,Quero o valor de volta,2017-07-19 00:00:00,2017-07-19 12:21:53
39e48c63f9125d35d5460f0b3919d979,050db8a61ea366db684e7d127082b5da,5,,,2017-07-19 00:00:00,2017-08-16 16:50:21
61fe4e7d1ae801bbe169eb67b86c6eda,029863af4b968de1e5d6a82782e662f5,4,,,2017-07-19 00:00:00,2017-07-20 12:06:11
7ffe9965cb3d8ec50de101bdc6e25fc6,06b2c7035561ef12b16045ef4bf459e2,5,,,2017-07-19 00:00:00,2017-07-27 16:35:51
e3c99d7ada09d8ab54562e58160533d7,f888aadfaf9861131a6b24882e4c5ee4,4,,,2017-07-19 00:00:00,2017-07-20 00:02:23
2f8ee679bcd271ed22484e28aeb95f01,e04cfa713960b9fe50d64e5082155c8b,5,,,2017-07-20 00:00:00,2017-07-22 23:45:20
6dec5fcbf979c44de6fca0b3f9e931e6,d83d899f5a20b2d05342270eab088987,5,,Infelizmente o manual não está em português!,2017-07-20 00:00:00,2017-07-20 21:06:06
779e808c363bb3c1cd3711c56c891f50,465bf9fa1326d9215c7f699901a7b30a,5,,10,2017-07-20 00:00:00,2017-07-21 15:50:04
8eb907971f4ea133d160f129a87351d4,4ecd4654955a39a165e7cde49b3ec0fb,1,,"Minha mesa veio com o tampo todo danificado parecendo usada. 
Estou tentando a troca na por enquanto está difícil. ",2017-07-20 00:00:00,2017-07-24 03:11:21
a7aba82959025672895ede66985b14a8,294d70a37f9e32ceb08958fd03ee49fc,5,,"Produto chegou bem rápido. Parabéns, lannister pela agilidade.",2017-07-20 00:00:00,2017-07-21 01:48:35
15737e068eb072a06846be5aa8697120,8f5c0b7943a43043c30c4ed2cc43fda3,5,,,2017-07-21 00:00:00,2017-07-22 22:20:34
2afd5c26c451f0a1ca8e5b47c8572002,b3656ff96573b07910d0f54a4505454b,4,,,2017-07-21 00:00:00,2017-07-24 11:12:40
c8ffb2107c778409a1c37c73d5920eb3,53f4a393eb9126386cfc207f1aa6ac34,1,,"O PRODUTO QUE ME FOI ENVIADO, NAO CONFERE COM O QUE EU PEDI.",2017-07-21 00:00:00,2017-07-23 17:12:03
081572a2378ec5d0a649e144f081dd36,d5b1124327e83f25ce12d9c48c9ecfe3,3,,frete alto demais,2017-07-22 00:00:00,2017-07-24 23:32:56
17ef46ed76c66a3efb49d072bebf2e80,06a6627d9cc91a04e9d146bf65fee0a2,4,,,2017-07-22 00:00:00,2017-07-25 09:27:28
83ee85d3e36bfa5c4eb998a7eee34d86,33f7f48fbeb5932ce834c34dd204a6d3,4,,,2017-07-22 00:00:00,2017-07-22 23:56:51
8cbf8a46afb31e23d7af669a79b61d6f,941eccbab1cd0aec1888e669e608e5bd,5,,,2017-07-22 00:00:00,2017-07-25 22:08:20
a73cc15d5079349ee1a83d64d4f5eea4,b1a4d93b091b621c2080d96449ded73a,5,,"chegou no prazo, produto muito bem lacrado em perfeitas condições",2017-07-22 00:00:00,2017-08-02 12:19:12
c935ac1d7f6ee772115fa843721620f6,46c7c115d719ca780eebedf719fbd4e1,5,,otimo produto recomendo a todos,2017-07-22 00:00:00,2017-07-26 10:39:01
0870652c648825c25ec4c29a64ea2aca,53892f0dd25da0289fbdb0053853bc34,5,,adorei este kit,2017-07-25 00:00:00,2017-07-25 23:36:23
3122f94484a1666f5d4d63a801ea85d6,d56cf7e9548584ea9583339b170f8314,5,,,2017-07-25 00:00:00,2017-07-26 11:12:40
5fa259ab1b13ae04ee7364ab584c5d3f,afd6fcb99a54aac6b88ff635b2e687ea,5,,"O produto foi entregue antes do prazo, pelos Correios, com segurança e acesso fácil a todo o processo.",2017-07-25 00:00:00,2017-07-25 23:29:06
6530028e554a695f3c74d214229a549c,5f6a08ae6b18361b3f12fcc746567974,1,,"A cadeira decorativa veio c/ pé trocado, c/ solda aparente, acabamento mal feito. estofados vieram s/ nenhuma proteção (plástico) numa caixa toda remendada, s/ manual e medidas não conferem.",2017-07-25 00:00:00,2017-07-26 14:19:50
71e737fe59ab19c9812405e876045315,95e97906186d7174caa3a682de6d7653,5,,,2017-07-25 00:00:00,2017-07-28 10:48:07
94c670d028f5f1161e94f469277e24e1,671d3f16cc641e15fb8b5df50be64cac,5,,,2017-07-25 00:00:00,2017-07-26 12:27:39
9f343fdb90ccd7cc51ad9d22dbccba2b,3e7bc2221b2c46fafa06f741386784fc,1,,"recebi a nota fiscal de 6 produtos mas so entregaram 1 , liguei para o lojista e foi ate atencioso falou que tinha enviado os 6 pois ele falou que tinha que fazer uma encomenda(caixa) para cada vidro ",2017-07-25 00:00:00,2017-07-27 19:19:47
b0ab24f11aadcf5d6a8661ef07234f56,2ef7655210817ffa67b86a61331b4c92,5,,,2017-07-25 00:00:00,2017-07-27 19:49:30
ecc59bece25957c423a7dfe52b6eeebe,f84c351f8ea512e04301c11470be273b,5,,Recomendo!!,2017-07-25 00:00:00,2017-07-25 23:26:32
1003d31aa525228abd3e948f89ebdb2d,82d8553c3dd123ec5e37807edc69fc76,5,,,2017-07-26 00:00:00,2017-07-28 02:49:50
1ef17c31c6a710e3cee7853fb387dcc3,94153bbf95f273c5b6c342d2acc6d017,5,,Muito bom os produtos e foi entregs bem antes do prazo ,2017-07-26 00:00:00,2017-07-27 03:34:07
575b8876eab791d734eeb9bc6b3cbf51,5ddb2ce1958a158606319b7a9204fd8e,5,,,2017-07-26 00:00:00,2017-07-27 12:10:08
cb125c3fc52802035debb7e825d72e94,709c6595b82e501a8c6a767b30aaefbb,3,,,2017-07-26 00:00:00,2017-07-27 05:22:14
010f3547cc7e4b1c7e4d4cb766b85e32,f1f707a756579d773b3c1a28d213e85e,5,,,2017-07-27 00:00:00,2017-07-28 10:59:24
2396f8708225f1ceffd67a446506b7b7,010b0f6bd323a9effd095a743e660f26,5,,,2017-07-27 00:00:00,2017-07-28 11:23:15
5660d7a94ecc8e9cbe8945bcfb06e764,94153bbf95f273c5b6c342d2acc6d017,5,,Muito bom os produtos e foi entregs bem antes do prazo ,2017-07-27 00:00:00,2017-07-27 10:22:47
83af6b1c427f35d1fab42647eb35d3cf,534100b99398bfa0b9ffbf40fc8c7757,5,,"Mercadoria bem protegida e embalada,entregue no prazo,sem avarias.Estou muito satisfeita.",2017-07-27 00:00:00,2017-08-03 06:50:42
9a5e0194769ba39ef9d4a8870f84684e,851edd7bad3021e86dd7fa72e9a5688a,4,,,2017-07-27 00:00:00,2017-07-28 04:08:50
b1c8032bc2dd9ef4997dfff104e2b078,4a6309669545b27a89528e2afcf76b6e,4,,Preferia que fosse direto com a lannister.com. Entrega mais rápida e frete mais barato.,2017-07-27 00:00:00,2017-07-31 20:12:02
b75dc7805531d56ff9440e7114d88a34,799236014ffd7f07bb4ab4172f2f9a56,5,,,2017-07-27 00:00:00,2017-07-27 20:59:24
fedb88519de58ff0749db3cdea54b5c2,8babefcbfff85cc907e0ec86e9f0ffd8,5,,o produto chegou perfeito e na data correta,2017-07-27 00:00:00,2017-07-28 20:57:46
021bf0fa5c0ee53227f30645e9adddad,f0efbfe7e1091577a93ddcf0d02e6119,5,,,2017-07-28 00:00:00,2017-07-31 23:42:06
2ca692315779d8a902d9663ab9dd3a43,2590e980b10a80b8a69f0120addc6590,4,,,2017-07-28 00:00:00,2017-08-01 19:26:58
8873956053907bb59971c559b7da63bd,ab6ccded40dba2056dfa826368b5adf3,4,,Veio separado do outro produto.,2017-07-28 00:00:00,2017-08-09 18:42:49
fc27a4442a7e94f87a1e8b35d10a2cdc,867323864f390e786132fb596893b398,5,,.,2017-07-28 00:00:00,2017-07-31 14:34:57
0412828492f4450436e7feb2708dded9,431e57fb445e35e908a2d4867bfc9b27,4,,,2017-07-29 00:00:00,2017-07-29 18:31:27
1e2a6468c810d2d973bbb7df2f876c6c,617feb6ceb857d95ee0250e05f43e70e,5,,Produto lindo de ótima qualidade e entregue super rápido,2017-07-29 00:00:00,2017-08-11 13:03:00
6bfcc5e27e5d56beaa44f0acffe75410,56ccc1571462d48192dc45fba66fb7d5,5,,,2017-07-29 00:00:00,2017-07-31 19:15:49
72f909c72c394a6a0f4ecdaef5433528,992820d1ce536d61c8eecb0352245944,5,,,2017-07-29 00:00:00,2017-07-29 19:30:11
9d32b6f01dda87c478005b8ad7491e4d,02701a0103fedd7310a8d575f9a8d291,5,,,2017-07-29 00:00:00,2017-07-31 22:51:27
dd9a35b8161640b1e5b044425f8af416,fb11780dd534a4af0611d27c007b88b0,5,,"ta otima
",2017-07-29 00:00:00,2017-07-31 23:30:46
e0dc8fab5795424a7804391737854036,032445a7ba9d6dc90dfc011a48e5c954,3,,O produto foi entregue antes do prazo! Parabéns!,2017-07-29 00:00:00,2017-07-30 00:51:49
eaefb12507397cf10b0095495fdb814a,30e476c243252bdf160c2490607bc3f0,5,,ótimo,2017-07-29 00:00:00,2017-08-01 13:10:24
12f4400029f175e7e2ebfa35b106b899,789be7af719fd7c9ac8ece69f76f876f,1,,"O cumprimento do prazo ocorreu, entretanto a qualidade do produto foi péssima. O produto não vem em embalagem original da Philips e apresenta diferenças entre a lamina original. O uso demonstrou-se pe",2017-08-01 00:00:00,2017-08-03 15:05:06
387f9786a2a1e00ae0ecad8da2e59530,321b1257cfaf6c0ca8a709d230158920,3,,"Tudo entregue certo, só o tapete que era bem mais claro do que o da foto. Por isso dos 3 pontos ",2017-08-01 00:00:00,2017-08-02 01:43:14
bcffa0553faef89446e14baa00111fd2,9a5e801a0c51ede9c94e91758554d57d,5,,,2017-08-01 00:00:00,2017-08-04 21:57:01
d665c7319f69529790bfbc54264b72fd,137e61abfdecd3bfc15f45999fbe8809,5,,Melhor site,2017-08-01 00:00:00,2017-08-03 23:36:56
048dd16df24530a012d8ca28ebd28ea2,81e59ee7e0269d15ff2b3c7dc8377f3e,5,,,2017-08-02 00:00:00,2017-08-05 11:12:42
5f3227ce2aae260ea7e7cff5b791183a,315525dbd71c2330c3f38a92d8fbba32,5,,,2017-08-02 00:00:00,2017-08-02 23:48:34
90dc72cb2c5d287975f33802d04bbc34,f42d66ddca55a1f750b6797c4269cb30,5,,,2017-08-02 00:00:00,2017-08-02 23:52:33
10e576b6573bf3ab39551731264eebaf,cae1cef56202db2581379f836268bfda,5,,,2017-08-03 00:00:00,2017-08-03 23:38:33
4a225c31abbd6a1d9ea3ea2c132257b5,e80d57705140f5094ac949c1c982fe70,5,,"Entrega rápida, antes da data prevista.",2017-08-03 00:00:00,2017-08-06 07:11:41
718560a5fd36ee2842034611bbfbf757,672d0085da7d96c6350cb54170e4b944,5,,,2017-08-03 00:00:00,2017-08-04 00:52:26
7e2479fde9e44dbfe6a207dd5114644e,70644768ae200b063d8fc6d47cc85ce4,5,,Superou minhas espectativas. O abajur tem um ótimo tamanho e é lindo. A entrega foi feita muito antes do prazo. Satisfeita!,2017-08-03 00:00:00,2017-08-04 00:08:06
9f8cda0208f15358442a32ac3ace6a02,054316a4a3afc149108b6b1431d11274,5,,ENTREGA COM RAPIDEZ E EXCELENCIA,2017-08-03 00:00:00,2017-08-04 15:47:16
ac3b3c6043e4b72d6afa409e7b2edad0,96fbb3c21966b51cc6e5176010070f2b,5,,Muito bom.,2017-08-03 00:00:00,2017-08-04 08:36:47
cad41b5311de7427610175d1243aaa3d,04e289ce03d58b279959796d73dee219,5,,,2017-08-03 00:00:00,2017-08-03 23:44:16
da14b64dcb951c7774db5215e6442e3b,6d182a625d3780efba31f2ad22cec6ba,5,,ENTEGA MUITO RÁPIDO....GOSTEI MUITO,2017-08-03 00:00:00,2017-08-05 18:03:52
e9dfe40c4ddc2038a52664d71652c851,7ffcf0c67ae44cd430cf6dae850cb79b,5,,,2017-08-03 00:00:00,2017-08-04 12:30:16
5327c436cdff5c975e318d7bb4d0d0c7,2de291f751850e8d254b73ddae39bb91,5,,,2017-08-04 00:00:00,2017-08-05 15:48:12
8dcd88913fda5d43918241b61f467262,f545c6d66e2fa494386ccbdd3e6762cd,5,,,2017-08-04 00:00:00,2017-08-07 00:35:08
8dcd88913fda5d43918241b61f467262,5210b81b464dc0a92a977632cb6e8a6e,5,,,2017-08-04 00:00:00,2017-08-07 00:35:08
a587d5b8ccb4c0b09c6bed22edd8f249,c887c09a3acf3b6fe0ba319d68d385a8,5,,para e a melhor de todas .,2017-08-04 00:00:00,2017-08-05 11:37:05
f3e00ad4640472ddb6bead180ed1872d,b2ad7cad7381ae63e968c60fa8f7f7a2,5,,Tudo perfeito como sempre,2017-08-04 00:00:00,2017-08-08 13:39:39
2514eb1aa2363ac5afb217542c840ea7,0d8a7787ec26d5fb6e97f946e95e2c89,4,,,2017-08-05 00:00:00,2017-08-06 04:07:30
273b1f0d4e4cd3400e90d3d426f33b35,4ecdafc07882d357b5607a05e3a1a46f,1,,"O produto veio diferente do pedido original,comprei um modelo e me enviaram outro,não fiquei satisfeita com a compra.Já fiz a reclamação com a lojas lannister.",2017-08-05 00:00:00,2017-08-07 13:50:26
4ee22fb042df6600b11bd2b1cc15f2da,f10d89887008fbf26e4ac9027716360f,5,,,2017-08-05 00:00:00,2017-08-07 19:30:13
67e4e1e5a5f1e9f133b7e92eff1509de,3366858be589fddbcf6a199aab0058d4,5,,,2017-08-05 00:00:00,2017-08-08 17:38:34
a874f1f98cbe3e32335d16ae31864715,3366858be589fddbcf6a199aab0058d4,5,,,2017-08-05 00:00:00,2017-08-08 12:51:13
d4151d2dc056a3ed149d044c3141b198,b3f3f413f89e281887189ce9f68f4ff9,5,,Perfeito ,2017-08-05 00:00:00,2017-08-06 00:35:06
60c1b177c15a0b07fba5cff7b4ea8dd0,0e33e4ed66579e92794c46a5232e51dd,5,,,2017-08-08 00:00:00,2017-08-11 11:46:03
6a59f9a4f185592bb5f3ea5edcf4ec20,966816b575380366cf697b71679a90ae,5,,,2017-08-08 00:00:00,2017-08-09 16:12:26
c7602d7e1c9718d0fbe0c54f3ff39789,0c41f512e2783cc1d84227b9afee153d,4,,"o valor da nota fiscal não veio com o valor total pago, simplesmente chaegou sem o valor e frete cobrado",2017-08-08 00:00:00,2017-08-11 15:04:03
e4b93781f1011f5628c5e80951d5330e,4a0b498204bb56ab863db1f1acd84288,3,,,2017-08-08 00:00:00,2017-08-12 11:51:00
025cd215a1100f3a2f3436ec36b77b5b,f280a33d2c98180e655aaca0e9b48cfe,5,,a descrição do produto é tal qual o site indica.,2017-08-09 00:00:00,2017-08-09 19:26:37
3a1fa5b0c01986d0355800d207fa77b8,ded094084602b9a58f2615372fd3a99b,4,,,2017-08-09 00:00:00,2017-08-12 02:21:11
64977cdf05527392ac01d6a3e3c9b439,e2747b7f8ef2d891fc5c127dc44c68b5,5,,,2017-08-09 00:00:00,2017-08-10 02:46:59
8879d54fce675056ba44c157be388190,de396a46ff91b76a683f05d1f1f9b2c1,5,,O produto era exatamente como eu esperava e chegou bem antes do prazo,2017-08-09 00:00:00,2017-08-10 22:59:24
93f9eff8e2ffc2a14c421ade8959dc64,3e28393f83efb34c56df093513721d60,5,,Demora na entrega por causa dos correios mas produto de ótima qualidade super recomendo,2017-08-09 00:00:00,2017-08-10 11:05:34
a9f67d4d31e4a27dea57c4b8db68e1a6,011105c3b5b8693eda1bfb1f152cec2a,2,,Não recebi o produto ainda.,2017-08-09 00:00:00,2017-08-17 13:25:55
d41624995c3991e27c7f30c00e998293,ca51acb0ea778cd548d56dadc66f014f,1,,"O objeto veio com a embalagem frágil, até estranhei ser um produto comprado nas Lojas lannister. Sinceramente achei que fosse um particular enviado algo sem devido cuidado. Vou até testar se funciona",2017-08-09 00:00:00,2017-08-11 01:01:53
5e74651dc26c66a6ce4bbc7c633b0e1a,a9456d47156dc580a5421d6b0a12074b,5,,,2017-08-10 00:00:00,2017-08-11 09:22:16
a4b08083b495e5abbc019d18352ef51c,b7e23b7efc57795b6806ef873f1e5ab0,5,,,2017-08-10 00:00:00,2017-08-10 19:55:55
ae097d696746511a3d09405dd9714b3d,89e2bc56c561f718d762250d9d6eb0bc,4,,,2017-08-10 00:00:00,2017-08-11 23:40:37
b3bac502a71f9d52d1691a96fe13e437,e99d985e66dc0f62859946b86b5beaff,4,,,2017-08-10 00:00:00,2017-08-11 02:46:07
e4819fda3f6a00817ab69a32569adcdd,c046afaf1c43c061d5347d5ac3c6ff5e,5,,"ENTREGOU ANTES DO PRAZO, SOMENTE A COR NÃO ATENDEU AS EXPECTATIVAS, MAS O PRODUTO JA FOI DEVOLVIDO... AGUARDANDO A MINHA TROCA....",2017-08-10 00:00:00,2017-08-14 21:16:24
eba7c75a66666d5b6f2104fee449f39a,c264a40f0928de690a343e0f86c8e320,5,,"entregou bem antes do prazo, produto de excelente qualidade, super recomendo.",2017-08-10 00:00:00,2017-08-11 11:33:17
2b962c7bbbd275fe7099a6a337aabccb,84ce3bfa332a0a5e57045f91f6dce21e,5,,,2017-08-11 00:00:00,2017-08-14 12:29:53
518d00fe7dc674e5c03ab2fe10eb4e82,c101853f695b94e64c34f41941ff1048,5,,,2017-08-11 00:00:00,2017-08-13 23:32:53
b7100e66b9618da839bc399f3107083a,0ee38d8cb24b76282ac30b971bc020ba,2,,,2017-08-11 00:00:00,2017-08-12 15:09:28
d8bdbbc6cabacfae47701ddbff7035fb,ba8d16a572292d042403094d3c0fc354,4,,,2017-08-11 00:00:00,2017-08-12 03:41:54
23b9e7533ab342ec691e962ce61c7e8a,6a5c14e6b9a898873a371e04d2e8f4d2,5,,Foi entregue um e faltou um eu pedir 2 LNDF. Está faltando um.,2017-08-12 00:00:00,2017-08-13 01:03:45
9e7853eccf22d9a48c84e3e8a86921fd,08b9d47b3be61595c61eddc50b42ee02,4,,"Produto entregue em perfeitas condições, acho que o pacote deveria vir com o logo da empresa, mas de resto esta bom!",2017-08-12 00:00:00,2017-08-14 19:42:52
f11702dd2ce29cbb97f2a04114e9dcf9,60b3fa9424e97cd3b6b95ca799d511c6,4,,A imagem que veio no case era diferente da pedida. Como minha filha abriu e gostou não troquei...mas não veio de acordo com o pedido.,2017-08-12 00:00:00,2017-08-13 18:41:07
f77f020b05eb6f6bf5fc9149082a5f1e,48d007b3d7183bc54336d813b1380d26,5,,,2017-08-12 00:00:00,2017-08-15 04:13:21
4815fb966b3623f883b006fe1a054ac0,12aef789cfc998f5f44ddf27c24e354d,1,,,2017-08-13 00:00:00,2017-08-13 10:15:49
a7e8a7308b20e80a1874e80615e80b8f,be3b8d058b8100d8a2539ce0b2c6ec0b,2,,"Seu processo em minha opinião esta errado por não haver quem atenda a chamada para tirar dúvidas, essa compra foi altamente estressante, pois só depois de um tempo consegui resolver meu problema. ",2017-08-13 00:00:00,2017-08-13 11:39:03
de0f21333a5ccf2376360a6d8a950a75,dec95374a1bf2366249bf770e0568a85,5,,Produto original,2017-08-13 00:00:00,2017-08-14 11:56:12
5c763d99c48f8ba17de02e0fa32c256c,566d9c868488d3e11feef9ec86a29357,4,,,2017-08-15 00:00:00,2017-08-21 10:52:27
7d7d3cc475ab5809b74f0edf62c7e2c8,a9451e0c97199724d8edfc301ea8ca65,4,,,2017-08-15 00:00:00,2017-08-15 20:30:27
a2e875d793f3108bbbf7af096f135c94,f545c6d66e2fa494386ccbdd3e6762cd,5,,,2017-08-15 00:00:00,2017-08-15 19:30:45
bbd49905c8e20694bb25c00c69439fb3,9f101be6d0a10cb40cc622691e49714c,5,,,2017-08-15 00:00:00,2017-08-18 13:51:06
e82fbeb09cc32cf310ddbf004b374c25,499db357fa1bac9b96c44bd42dd17718,5,,,2017-08-15 00:00:00,2017-08-16 01:32:59
eeb67e77273a728a81223b9b9a4242aa,3db932725b90f4f388d2e361b0f1247e,5,,otima,2017-08-15 00:00:00,2017-08-18 08:20:16
f6e990b1a482d9906aced50050df9805,2d74fd323d42fddd4e9a4398d5c589c6,4,,A primeira impressão é que valeu muito a pena comprar .Material aparentemente parece ser muito bom...porém vou avaliar mesmo com o uso diário... A entrega foi rápida antes do prazo.,2017-08-15 00:00:00,2017-08-16 03:55:06
ba336a702825b4e95567eec2797ac5c4,b6f999c6eccbf4df9af77d67c77a8e52,5,,,2017-08-16 00:00:00,2017-08-19 10:35:02
ea13f408f9f91e78274f1caa2c9663d2,a5be0f3a1b2874d7a949d0234acd688f,1,,"Produto chegou quebrado, ficaram de trocar",2017-08-16 00:00:00,2017-08-18 23:40:15
fd53ace363f9af2bc44ae028b2e926d6,b6f999c6eccbf4df9af77d67c77a8e52,5,,,2017-08-16 00:00:00,2017-08-19 10:34:40
0ad32ff8572b160bd0e4dd671d905be8,c6a9e39db5f61068d017ee903b277478,5,,Entregou antes do esperado 🤗😍,2017-08-17 00:00:00,2017-08-18 15:34:28
9b890de3015af789f878c44ef16518f5,6abcaedd175c7aa362cb758f3f728053,4,,,2017-08-17 00:00:00,2017-08-18 01:19:28
1d9bef8136eeb0895310dc1630750629,f9938fc84bc7f6ce7d868a41dace1777,3,,,2017-08-18 00:00:00,2017-08-19 23:13:48
3d68c33f742adee99b78a41e954a30fe,9ce48efca38264fece92fb03a3e33562,5,,,2017-08-18 00:00:00,2017-08-19 10:59:56
42d78d9b8bc00cacab3fce4da4e849be,28c04306e978f12f75bf6d7a989a4ccf,5,,,2017-08-18 00:00:00,2017-08-18 16:56:14
5f11a46583fa3c951194c8201969215c,451fbdf4d10b8d3d4da3f5d226bc5ae9,5,,,2017-08-18 00:00:00,2017-08-19 00:59:03
5f48ab1481b85aa59282ce40bc5bece1,7ca78299e5ac08885988b1cc259d16a9,4,,,2017-08-18 00:00:00,2017-08-20 19:45:20
89d95576a835e4f0fbe9ecd09ded5252,eddf1b58726e1b53c010f681422195fc,1,,Eu comprei a bateria interna para samsung Galaxy A5. O produto que eu recebi não foi o que eu comprei. ,2017-08-18 00:00:00,2017-08-22 15:27:58
956afd6e7ea4eb47eaf593a442039713,b210c676cae65f95f7e08a49d195e1a1,1,,Cancelei,2017-08-18 00:00:00,2017-08-20 07:54:00
ad7def2415f73baf56617d6974321206,6be9be082a8d228c8d43056cfce0c147,3,,,2017-08-18 00:00:00,2017-08-19 03:18:45
cd6a4f9deed12d3d51c097bc6e280cbe,e079ed774a2fadd1906622fb9dc89f87,1,,com a loja tudo certo mas problema com aparelho,2017-08-18 00:00:00,2017-08-22 16:05:34
0ae0721d27f2748fdc6afa1a8c1929c2,b96a0998be02fcdd701b834f5d66f235,5,,Concerteza recomendo o produto chegou tudo certo e bem antes do prazo previsto satisfeito com o produto excelente atendimento. ,2017-08-19 00:00:00,2017-08-20 12:48:55
2f111691fc93df88fc3aa8c2deac61ce,f70a0aff17df5a6cdd9a7196128bd354,2,,O produto veio faltando a base para auto e como eu fiz o pedido por telefone justamente para confirmar se a base demonstrada pela foto acompanhava o produto e tbm constava na descrição do item.,2017-08-19 00:00:00,2017-08-19 23:46:02
4dc032822f29c7795a9b8ede8bee16f6,5dd757355fed8ec589b18d6d5c47e6a2,5,,,2017-08-19 00:00:00,2017-08-19 21:13:26
5045d9de74f4536038cc9e88bbf1d931,3bf64404e90aaf774854f9d82327af00,5,,,2017-08-19 00:00:00,2017-08-21 23:45:35
595d98d486e668983f9598a2010f38cb,e583169435fd3724212034fc16805ee0,5,,,2017-08-19 00:00:00,2017-08-23 13:51:55
d68dc13b23876178942f5c1d6e89dcb6,4c004439e63485114caf4e97ed9befe1,5,,,2017-08-19 00:00:00,2017-08-19 21:04:31
decb6d5cc38b376800651755763751ab,eb994ff501ea0ee354f36776225f3fb5,5,,,2017-08-19 00:00:00,2017-08-21 02:41:03
7e7b97a6b35356fff6395c6f29fa5310,1057bf6391c17f9b6960dd996029e1dc,1,,"Comprei o produto no site, porém depois de uns 15 dias me informaram que o fornecedor não iria fazer a entrega. Fiquei na mão!",2017-08-20 00:00:00,2017-08-23 12:04:55
281c753d171e950f6a91dc41208766fe,ad37eddb1c31a48b3a6677488593b984,5,,Produto muito bom e chegou bem antes do prazo determinado ameii super recomendo,2017-08-22 00:00:00,2017-08-23 17:24:08
4b60ff7061cc76cf019c25c6059cb13a,c7dd54b6015ecbd1bb94612862927514,3,,,2017-08-22 00:00:00,2017-08-25 09:38:29
e0b33b0a7b476b73387d72c6976ba0e4,4b4983c2c40d67af0bd3ec2ac12e0ffe,5,,O esperado pelo valor ,2017-08-22 00:00:00,2017-08-25 15:44:29
13f1561d9be95de2727e133b6d160c2a,416b0ed65ba7a348e1041689147debd1,5,,,2017-08-23 00:00:00,2017-08-26 22:13:38
140e0edb92dc8c562d56d0a120397892,ff6373dfa00603bd092cb8f6eef3349a,4,,,2017-08-23 00:00:00,2017-08-28 19:54:30
1c0c84f0e3132c3af0a17f0aa4987879,60b3fa9424e97cd3b6b95ca799d511c6,1,,"Muito ruim a qualidade, as bordas do desenho veio com aspecto de queimado, não consigo tirar a pelicula da frente do espelho pra ver se afetou o mesmo... sem adesivo pra fixar. ",2017-08-23 00:00:00,2017-08-27 23:36:45
3b04cd9be70fef166aebd48aac0a9a64,d865bc459503b9c8a19382a7634ed5d5,4,,,2017-08-23 00:00:00,2017-09-01 17:23:47
3e8b2be7e4a928126099555a0bf3fc89,e2d21f16357e9da293db665a9d8a646e,4,,"RECEBI A ENCOMENDA ANTES DO PRAZO ESTIPULADO, PORÉM O PRODUTO É DE QUALIDADE BEM RUIM, UMA DAS ALÇAS SOLTOU NO PRIMEITO USO.",2017-08-23 00:00:00,2017-08-24 16:51:51
ce5cb137f0ed7bda7cd4c92424520889,d43f72571877365b197ee657196d8d30,3,,,2017-08-23 00:00:00,2017-08-23 23:34:05
0bb0ebf289e81ca1900db5f59687b40c,27428009109805ea69e0638806aa97ef,5,,,2017-08-24 00:00:00,2017-08-25 11:29:36
442f08ec3d2f08aca9aa77f2e9ad0ba3,c1b6e4f2ff6555773a6764c3a3286101,4,,,2017-08-24 00:00:00,2017-08-26 02:10:43
490717658bd8dcee04520a585903d37d,1b2a8a35effe3c031684be53784ac90c,5,,,2017-08-24 00:00:00,2017-08-27 22:52:22
5aa79ad047cfcc58a974d14afd6f5659,f495bbbd2a26c02d0518dec2f10251fe,4,,,2017-08-24 00:00:00,2017-08-27 13:38:51
63a9512a8a9f83781f3218db6114d9eb,c0f5eb23b8443f0945a621152bb6bd62,5,,,2017-08-24 00:00:00,2017-08-24 18:08:56
67a839f495b7eeadfa17b4c80f3ba6df,bfcf79aaae774aa4030a0d2e2046c525,5,,,2017-08-24 00:00:00,2017-08-27 22:41:00
a29ece123524c2fa3677053e7304a65d,ed75cc8989121918832e0dcd3de3b3a7,3,,,2017-08-24 00:00:00,2017-08-25 10:52:10
51043ea52b32dbfbbe75da9cea32fb80,3e7433883ed362df81977e1b24e3d6ec,4,,,2017-08-25 00:00:00,2017-08-28 01:21:18
54b2495978a0360d007438ba096fc7e4,6df5b7fa93966d4105dd318883a09a41,3,,,2017-08-25 00:00:00,2017-08-28 15:41:22
64bdd947e52a4e36625f36505e18c8eb,41d0050b0a103c674289659fdd6f602e,5,,Otimo,2017-08-25 00:00:00,2017-08-28 22:52:36
94f2d9e9c7cb8c0db450b76c02e74b3e,3b7620f0a3652abfdf6bc1b145b9117c,3,,"Fiz o pedido de dois HUB USB 10 PORTAS, no entanto só recebi um, e na fatura mostram dois e no pedido também.",2017-08-25 00:00:00,2017-08-26 18:30:06
22d7edf255c8faa44f3cb3d979ceb736,b4d02f5e2416f97c4879e0585170855e,5,,Muito bom,2017-08-26 00:00:00,2017-08-27 01:31:26
3fce31aa65e3e6a3eb82bd016407fe23,90f6194c9f26e2f8d1f955c7bf4c5f5b,4,,,2017-08-26 00:00:00,2017-08-29 13:02:51
43e676521e8936752abb5fbe62a7d9f7,2fb7dfe5fec51c8a96ee5349c1faf9c0,5,,"Produto muito bom , veio bem antes do prazo ",2017-08-26 00:00:00,2017-08-27 01:32:22
a3d4a51fae4b1fa4c8ca1170f6a6e1fe,f391902a7436d24842c938f2e5b1bc34,5,,,2017-08-26 00:00:00,2017-08-29 09:54:46
d4532058db2e77c5fdbb80de43a4ff0c,2197e55dca60ccd268157d328616d64e,4,,Dentro do prazo,2017-08-26 00:00:00,2017-08-29 23:00:10
125de3b7533dd6ea790a7ab550593c3e,2d0aa670db1b1678d2de5127f85c0729,5,,,2017-08-29 00:00:00,2017-08-30 01:58:40
7e1b534865a773eb4a2b101a743cfbbc,246c8cf4ca9e3c50e4a172a4ba462a11,5,,,2017-08-29 00:00:00,2017-08-30 01:26:56
d3d320d7a179d7e06ec86288252842db,f0a35c83ab3251347b674f0f3e0d01f1,5,,,2017-08-29 00:00:00,2017-08-30 01:06:31
e5b700f61669873ece96f9612823d834,eaf654ecfd0270019b5a997aad141e80,4,,,2017-08-29 00:00:00,2017-08-30 00:57:33
416e488af0d973567225cc53e2c6213d,4f0d4b217cab0b16c36d9bb7aa71b6f4,5,,,2017-08-30 00:00:00,2018-01-22 19:45:42
bf6bd48fdcf42e6033a0adcf04b88faa,a7a43f469c0d7bdb0a23a82db125aefa,5,,,2017-08-30 00:00:00,2017-08-31 15:18:34
c6793d47a5257b9a4341b996d772aed6,dbd1cbc05d31e4c71790b63eb1fc870f,5,,,2017-08-30 00:00:00,2017-09-01 18:33:58
c8eaf86a6ad7da8f093ab518925b24dc,1308401e91987ef9e69d495e612e7919,2,,,2017-08-30 00:00:00,2017-08-30 10:56:05
d66644b45303e4a4f3d8e44a141fbf0c,ad9ad462491a04f6673a43f6ec4a54d3,5,,Tudo perfeito.,2017-08-30 00:00:00,2017-09-02 14:17:34
0743538f6aa0cb278071c69e871a6247,1af38227c088980113da10c4e6d925cf,5,,Entrega rapida e produto show ,2017-08-31 00:00:00,2017-09-01 02:05:51
b0938b7c73a2458310287df2d95f8a58,c0ac92509aa6420f0f3d6f78748793e1,5,,,2017-08-31 00:00:00,2017-08-31 21:22:15
bfa7fa709c0d6f3f11876301252acf0b,268270567c35e07af0d2f8c8cc978410,5,,,2017-08-31 00:00:00,2017-09-01 09:46:40
25d12a3440addc3b36e4394aea67d85b,5f2a70479467ace7fca14db6d059eea1,5,,Excelente,2017-09-01 00:00:00,2017-09-04 19:57:16
2e21bb397364fa799a4a1609fd2e6e3b,9d7f2c9f33008498700ffdc3162878fb,5,,ótimo chegou bem antes do prazo .,2017-09-01 00:00:00,2017-09-04 20:46:52
33f9a7ad7e076a51be7968fcf987335f,e9435c6647559b99f3fd1fb54fb566eb,5,,Era o que eu estava esperando muito bonito e seu led é perfeito sem conta o som que é muito potente enfim perfeito,2017-09-01 00:00:00,2017-09-02 15:41:50
e1240101113cd39dc90f02b3c795cc32,30db3beab6efd31f72732fb15c2862dc,5,,Esta loja tem um ótimo compromisso. A mercadoria foi entregue com semanas de antecedência. Os produtos chegaram perfeitos e bem embalados.,2017-09-01 00:00:00,2017-09-04 03:47:02
96ff827aab8ccebc0b99964b8f79f23e,1dbdc102b987762075cb2b4684ee141a,5,,,2017-09-02 00:00:00,2017-09-03 00:26:38
e49525baa4b8556e035637812d9f4008,45d3bab2e12de78e29ba522146da7e91,5,,,2017-09-02 00:00:00,2017-09-04 20:37:39
642836d30a12da933b7331872c6494e9,fd910e1bec44f27b8680a01c7a5e377c,4,,Produto intacto! Entregue no prazo!,2017-09-03 00:00:00,2017-09-05 18:22:30
44cdd8d54598cff05fcb49081f85a6f6,724b19e5eca8ec552146bf7904b4cbeb,4,,,2017-09-05 00:00:00,2017-09-06 01:15:57
a18207ee7c5e956d63f3f7a5b25ad81e,709926b31b6288e322d926e2b93459b6,4,,,2017-09-05 00:00:00,2017-09-06 02:15:25
c44fba2f6d80cfc73054c8fa012832b1,08935d5052c6414b1960eb67796d01f5,5,,,2017-09-05 00:00:00,2017-09-08 14:06:56
7f95060d545fbd28f046c810965a2000,c40c104dd1bde11aba73864c16a42f21,5,,ótimo produto superou minha expectativa recomendo o produto..........,2017-09-06 00:00:00,2017-09-07 00:58:26
87b406d2b3ae0932e1856355d2cfec85,82d48f3eb08cf0beca3cead1f85f525a,5,,Produto entregue antes do prazo. Amei!!,2017-09-06 00:00:00,2017-09-07 00:40:00
90c5b4f57dba3c9aa4fa40b519ae1e77,41d6a7b15ec6c87722ac10f480c1d5e3,5,,,2017-09-06 00:00:00,2017-09-07 05:21:32
ac963ff1842655f008e87588f99f7a19,4a74e1934860e224f8750db3cbc1e991,5,,,2017-09-06 00:00:00,2017-09-07 00:39:38
bce71f23ce115a0ae6d292ffed50b0fc,bea8e045e01a9594d652427ef4ae7236,5,,,2017-09-06 00:00:00,2017-09-08 10:58:48
f527610887b0fa8ec35b19d73769d711,a7087dc75317cad3db08ed7830b09723,5,,,2017-09-06 00:00:00,2017-09-08 14:12:06
a581b4d54299e9e6503ea83af83dfd10,aa19638830b7cc5740500c18ace611f6,5,,A loja tem um excelente atendimento,2017-09-07 00:00:00,2017-09-11 11:46:29
ab731f7e557cd478bf4dc303a093bdb2,19a88878097106f2e1dc6f056cba940f,3,,Poderia ser melhor,2017-09-07 00:00:00,2017-09-08 00:31:54
cb1167d0d72ad282833cc85c0fe178f1,248f977b0cbdc09f2c33465578b76873,5,,"Melhor preço e entrega super rápida, sou fregues a muito tempo, loja totalmente confiável...",2017-09-07 00:00:00,2017-09-08 20:56:56
adf1e04e671c8977bb233b3f52c6aa54,3bdbd9f5f42278fb48aa879475fb33b4,5,,,2017-09-09 00:00:00,2017-09-10 12:14:44
cdbfc1be7af9891dca00086942d405cf,57d2d40a9a06d20a610316800f82ace3,2,,,2017-09-09 00:00:00,2017-09-10 15:32:56
7cd6646539326760ba81bcb10df3a223,5f71bc83356f39cf9e9b8004f39a989a,4,,,2017-09-12 00:00:00,2017-09-15 01:47:12
c09f3aaaf0e89d28b6501f4fdc48c2e0,714e708f39c09ff4048aa43423ab2a0a,5,,,2017-09-12 00:00:00,2017-09-14 19:28:43
d6d1e908191ce44ad6b1625fea2dd4bd,a61af3cdf328f1d0a9f63286918c67bd,2,,"A entrega atrasou demais, eu já estava cancelando.",2017-09-12 00:00:00,2017-09-15 19:08:55
f372130f6bfe262c52069cfc412f9f54,ff2ac13b0f36dffb6af9699f59b18377,4,,,2017-09-12 00:00:00,2017-09-13 19:18:01
523e3fc5af0fc1e01a6dad59f8e267ed,9c8b8ff59ab268b976e66d35464ac79b,1,,,2017-09-13 00:00:00,2017-09-17 14:36:41
5ed0e7f2543faaa9ebc562d5ef02e502,430bd310105f069ac72ef7758f40299b,1,A câmera não funcionou,Câmera não funcionou ,2017-09-13 00:00:00,2018-05-09 00:09:05
a36a6c77782d766d252737f4d14d0b1a,b5199c66306c07a949f9a9069f7fda57,5,,,2017-09-13 00:00:00,2017-09-16 11:32:58
75151066cc6d70e7101a557c83ff6fe5,f98a633c73840753516ca92e24128574,5,,,2017-09-14 00:00:00,2017-09-15 09:39:49
7714bbf3e88f397ef7a2750c9d782906,71603031182fa8f497b5bae069bb9361,5,,,2017-09-14 00:00:00,2017-09-15 15:57:57
a734a2dda562cda4487e0679a0189e0c,5a1f6d22f7dfb061ef29216b9af687a1,4,,,2017-09-14 00:00:00,2017-09-15 00:36:16
aba28f3d7d6a362eecb78eec3c7fbfe8,4ff976f3269ceebad2dcd032489c9ec9,4,,,2017-09-14 00:00:00,2017-09-18 20:53:54
dabccf3bd29ec66986eeeecd45525a55,c13f7e0f6e68493d056654349be6c15b,2,,,2017-09-14 00:00:00,2017-09-18 23:04:29
e2193e3b6494aef065a1a06bc699d12b,96e9ecc667e4daf9dffd5ee2173815bd,5,,,2017-09-14 00:00:00,2017-09-18 17:39:53
18501b24f156a96fd2357110fdf11275,4642b5eb7edc14a4a0dd2c2eb7b68e14,3,,,2017-09-15 00:00:00,2017-09-18 18:39:14
4feb650d97f5ba389164497af821764f,19fe6cd13dca5943f17abd2c37c46abd,5,,,2017-09-15 00:00:00,2017-09-22 16:40:26
6f7c371f3b4f640aecb18a312a4c8d14,aa0cbb40775d50f0535c3e4a38603b3c,5,,,2017-09-15 00:00:00,2017-09-19 19:11:40
bb9f631a58c83ef24dc132ad93265d1f,334bdd786e5d50231aac545ecdc7e291,5,,,2017-09-15 00:00:00,2017-09-18 11:14:38
d23bba9a2f1d16e5505a02e5968c1e68,19fe6cd13dca5943f17abd2c37c46abd,5,,,2017-09-15 00:00:00,2017-09-22 16:39:24
d23bba9a2f1d16e5505a02e5968c1e68,360b84029c125bb8d4ede52585f058f2,5,,,2017-09-15 00:00:00,2017-09-22 16:39:24
d4cde16cc0fed9d2a6b4afc3d94db24f,f6f5da11ef603df65572d4a9444e1030,4,,,2017-09-15 00:00:00,2017-09-15 18:39:00
d8a6dfe15e331e7977d62ab3fc41239f,6fd3f9bf79e48b384ee918cb691483ec,1,,,2017-09-15 00:00:00,2017-09-19 03:18:55
4aefaeee5ed09296c3352265560dd522,94cbeb924291c55038f6d70ce58944d1,1,,"Quero o produto que comprei. Paguei pelo amarelo e pelo acgua 2 produtos diferentes pela cor.
Me enviaram 2 Acqua",2017-09-16 00:00:00,2017-09-18 18:33:20
57ae86fe9f45f3c2965dc6c6800b7f5b,f3b7643e42ed973c3f506f7ba18a6723,5,,Muito bom,2017-09-16 00:00:00,2017-09-19 11:49:36
b80574dda0a836cfc5e217bbec7d289c,2304fd42f10881dd456928039a1ef576,5,,Chegou certinho ,2017-09-16 00:00:00,2017-09-18 23:16:41
e3bcc420a76df13225fb5a50cf0d6255,8c58b2a5e9f75210cd15eae77b7441f4,5,,,2017-09-16 00:00:00,2017-09-18 19:41:49
eaf3d12d2fda1c62872f0924fdcf7611,20e1fe47866114539324803e7f7547c9,4,,A base sai na água sim não é como vem escrita mas é boa ,2017-09-16 00:00:00,2017-09-18 18:36:22
eff64c10167b850552531d6960caeeae,5c7d0a72d5ce2ffc03f4a86238abcd9d,5,,Otimo,2017-09-16 00:00:00,2017-09-16 22:36:17
f1b307add820c0166cf932a11702cbc5,53fa1584e9fc3d9b50f19da601874fd5,4,,,2017-09-17 00:00:00,2017-09-19 12:57:02
13528900ecfb9d27a048e7cb585b3e1b,517c5482beb73742b5f8b08e4197dde6,5,,,2017-09-19 00:00:00,2017-09-22 01:59:39
44864deb6e48fd2dd4184fb9a56ffcad,3b12b05b1ef9fd1f18face4e10c50c2e,5,,,2017-09-19 00:00:00,2017-09-20 02:43:32
5a1f0c8945b7826220877e7f4c5321ee,6644170ea0130942cfb3064dce01004a,5,,entrega muito rápida,2017-09-19 00:00:00,2017-09-21 11:47:37
5cb53a065f28613064fdc186e5e38734,39cf873ad8dfacb60ab26448e511723a,4,,,2017-09-19 00:00:00,2017-09-20 21:22:30
a4f6a060718e6b5b73e4b15166eef773,71a0049f34d4d5b556c2194855da9771,5,,Muito bom,2017-09-19 00:00:00,2017-09-20 11:37:47
d917031a0b00876738161d1e0a7df3fa,3cd82d2cfb48466fdfcb8594444e211d,5,,Gostei de comprar na lannister. Com,2017-09-19 00:00:00,2017-09-22 11:03:50
05f4b626cec052d0b66829136768a7df,546a729b8042c31a71745ad37ad453cc,5,,Tudo maravilhoso,2017-09-20 00:00:00,2017-09-23 06:05:42
3feb69c417e1a61f9e4f74dd9f2cce2a,77810238ed0e20808a213bcdb0de6ae5,5,,,2017-09-20 00:00:00,2017-09-23 10:38:47
5a5bf33ba3d30ddc2eef5870d35ba1d8,0944dd6401b58739dc030557fb149b25,5,,Produto de acordo com o anunciado e entregue antes da expectativa.,2017-09-20 00:00:00,2017-09-21 12:48:39
ca71d4f707c57dfdf7cd7937889d9628,a7068cfd6d38617e2a752a01e40230f5,4,,O.K!!! TUDO CERTO.,2017-09-20 00:00:00,2017-09-23 10:44:05
f750801982fa44d719c73fe510c369ca,f56dc9034c3962e36d49fb73baa12800,3,,,2017-09-20 00:00:00,2017-09-20 20:38:15
02b2f7f2b7f9abf0a35281521f19bdc3,942ca92b6dd15a40d979cc95c6b8c761,4,,,2017-09-21 00:00:00,2017-09-21 20:34:57
1feb6ac485ac63dad57bf7f3781da3a4,ef02392a4753ae9d3777f16b5feca9c7,5,,ótimo produto,2017-09-21 00:00:00,2017-09-22 11:59:47
371579771219f6db2d830d50805977bb,83c1379a015df1e13d02aae0204711ab,5,,Foi entregue antes do prazo.,2017-09-22 00:00:00,2017-09-22 23:10:57
38edbd0493567c84669b17cf6f7eda43,3c5c2cfeea91d9a57ac3c979ec6c9d62,4,,,2017-09-22 00:00:00,2017-09-23 13:25:31
6ef5a72381dcf64b810abd382e254161,3c5c2cfeea91d9a57ac3c979ec6c9d62,4,,,2017-09-22 00:00:00,2017-09-23 13:24:32
b4169d3d64a2e1d9834f402dd55c72c1,021d0261c214591da7db51193c9aeb29,5,,Excelente. Chegou antes do previsto,2017-09-22 00:00:00,2017-09-23 23:56:59
dcf4db11d7d71563687e32adafa99632,f47e4063d6bc1a7b8ae44e93faa70fc1,5,,,2017-09-22 00:00:00,2017-09-23 10:19:15
16c5d1c797108735a2c342606e99bb24,7f52fe36580dffc15fb684d226b12f32,5,,Produto muito bom . Para melhorar o resulta no cabelo da criança eu recomendo secar fom o secador e selar com prancha ,2017-09-23 00:00:00,2017-09-24 11:08:08
212ee709017b3c2736ceae3e8d328f1c,ed0b6f8c8617370e53735a5d963bb5b6,2,,,2017-09-23 00:00:00,2017-09-26 01:34:14
4201b9e1f5b1c68197f861a1214092d4,c38813ffe793f98e9c552fdd4f0a21ee,3,,,2017-09-23 00:00:00,2017-09-23 21:48:14
4a746391af112fb32935992ad3d0e913,19530a2973e25dffb52a39210f27ebb0,2,,"Qanto a maquina de tosa recebi super rapido,porem fiz junto na mesma data o pedido do cortador de unha.O qual foi cobrado na mesma fatura com o mesmo cartão de crédito,porem até a presente data não.",2017-09-23 00:00:00,2017-09-27 03:22:02
662d4ca710682c799c6b45a8ac5a6709,2a63765c400304a82efd12bd16d8f1d4,2,,"Por enquanto só foi entregue o decantar, a tábua ainda não chegou, sendo que os dois produtos aparecem como da mesma loja, chegou um e-mail para eu ir retirar nos correios, porém so chegou um deles!!!",2017-09-23 00:00:00,2017-09-23 22:05:54
66cd38b97623c3c4123770d8cf1b748f,bb13fa2703eaccdcb1e263eab3be6de4,3,,,2017-09-23 00:00:00,2017-09-25 22:45:42
a35794e93fde3b3c27ac36764d7563c3,a9514842c946fff73632509db47cc683,3,,,2017-09-23 00:00:00,2017-09-24 13:46:07
b695e7cd5a8b8748457b565fafdada24,6ddbe0f503c2940cf5d24e1d8efee655,5,,Ok,2017-09-23 00:00:00,2017-09-26 00:07:00
1db3d8ba4a7123e157687e37d48e8ee4,92bdfe9e203d9d027f9c26b8b39f6ec8,5,,,2017-09-24 00:00:00,2017-10-23 12:39:45
f0b559f49270eba1e2b9312f800eb82e,5a7b40567394cf2a17b67ace5ea32329,5,,,2017-09-25 00:00:00,2017-09-28 00:20:45
1792971275893870276abda12034cae4,a794d432d0990aa47220cda510a0a872,4,,Entrega rápida e bom custo benefício. Relógio automático Winner excelente. Pena que que a bússola e o termômetro do relógio Oulm sejam só enfeite. ,2017-09-26 00:00:00,2017-09-27 19:42:15
898761f132430f3bb394c1ae3ff8507b,e0bb8d950282b26db2d1090b296244fe,5,,"Chegou antes do previsto e o material é de ótima qualidade, porém eu não sabia que por causa do efeito arredondado do smartphone a película seria menor, decidi não colocá-la. Mesmo assim, valeu!",2017-09-26 00:00:00,2017-09-27 00:18:20
927e697b86066a6c1d30ffef83263727,9bee2a0789ef47ce6515c171c803a285,4,,"Eu amei a babá eletrônica, me ajuda muito na hora do meu bebê dormir no quartinho dele, ou quando não estou por perto. Chegou antes do prazo e em perfeito estado. ",2017-09-26 00:00:00,2017-09-27 01:07:05
bca6bf48477fe2bcdd227adab79be4ff,63cb6e6a5632d2fa0406a8f3c6eae8cf,5,,,2017-09-26 00:00:00,2017-09-27 01:51:48
ca95fa3ceed2ad933c1b8da7068d0efb,036ea72a17833a6fbbcd3e4df8250292,1,,"Recebi o produtos errado, e não consigo fazer a troca ou devolução ",2017-09-26 00:00:00,2017-09-27 07:50:09
d70352c8bc42b35b54e68475ef659abf,bb937ae1ca42e99347c215a7b0d05847,5,,,2017-09-26 00:00:00,2017-09-27 01:21:01
44e00fb29fcf44cda84d272d637088a9,6297b306b33b7a9028dfaa203b9742a3,5,,,2017-09-27 00:00:00,2017-09-28 08:25:00
5fe3e2c858e5e3f4c739e462eba10257,ee0ceef4f6b0b57613eedaf1568bff02,5,,,2017-09-27 00:00:00,2017-09-28 12:11:49
b6515f3b4baf48eea3dddc6171b86312,b362e77722405d304dc6fb5947ea3bea,4,,,2017-09-27 00:00:00,2017-09-28 03:15:06
bb65b975da442672cac2fa76027b7e7f,8484c5fe4c5e00deaa868795d62d1db9,5,,"igual foto,e lindo mas e bem fino....",2017-09-27 00:00:00,2017-09-30 00:22:32
010c608287be2d983db19b8438b268a3,ba4f4ffc1063e52435824b76fc7933a6,4,,,2017-09-28 00:00:00,2017-10-01 17:21:31
837976593a7cb76b2d56677e42a713a9,abc3e842e38ace4030133da4ebd501f5,5,,,2017-09-28 00:00:00,2017-09-29 01:29:10
a096233e4810ab81f7ead145254bc1e6,b605af5fb88eb77cc70df27f2df3a883,3,,"Produto diferente do modelo da foto é fabricante, pior qualidade. ",2017-09-28 00:00:00,2017-09-29 01:58:06
de59a38dfb8ff25c9e87dc9f199680bb,7bbf1280be83a8ea2790e7b3a5aab7e6,5,,,2017-09-28 00:00:00,2017-09-29 12:24:14
6519080b163d1e342b31e16868795b93,57c6fa4668d9985ee3ffbcbdc15b77f6,5,,,2017-09-29 00:00:00,2017-09-30 16:01:17
6e0f8b3f10ef00ecb8547bc3f17f3140,11913ca0eb4a5aaedf1c5fcb3a69899a,5,,,2017-09-29 00:00:00,2017-09-30 17:50:04
7e84c369a79782afa71cbc1d08eb241d,7f9df823add120adeb81bec9c2c421a0,5,,"Rápida entrega, produto de ótima qualidade. 
Amei...",2017-09-29 00:00:00,2017-10-01 22:19:25
8ce5b6e9591a327fe7909a9e63c29ccb,6297b306b33b7a9028dfaa203b9742a3,5,,"Produto excelente, de boa qualidade. Na foto parece mais claro do que é. Mas gostei mesmo assim.",2017-09-29 00:00:00,2017-10-02 20:21:18
948e95e2a7eccd1405e8e3e0b69a4927,e1d1213b6608018866541300bc7e095c,5,,Otima qualidade e de fácil aplicação ,2017-09-29 00:00:00,2017-10-01 20:07:20
1a5b3dd79b3eb25a4b2ac68b29fd192e,65d5ab70320210b215c305db9ff2f1c8,1,,Ainda não recebi o livro!,2017-09-30 00:00:00,2017-10-01 13:26:26
219cb56781473bd4ee7023459372d25c,0046e1d57f4c07c8c92ab26be8c3dfc0,5,,,2017-09-30 00:00:00,2017-10-02 00:13:27
f1f06eeff2e2c92a6a4bd4b338ab05d9,cda07ad4f2f777317f2d6b2e3621a5cd,4,,Transação rapida e segura.,2017-09-30 00:00:00,2017-10-02 10:36:51
984d1362589fcb822ce8b5bd5565c8c7,8391a032db0a71458e548af0b6e9eb8e,4,,Chegou antes do prazo final,2017-10-01 00:00:00,2017-10-03 23:00:57
cfea9e0f625f73437dbabd9ab89435a7,ac28887de5f5bbd520cb77370e8b219d,3,,,2017-10-01 00:00:00,2017-10-01 19:03:05
db7f7ec7e464d3979f4ba4e0d7c4e5f1,8a9e16e628ff47d5e3cd022089c9082a,5,,,2017-10-02 00:00:00,2017-10-02 19:54:24
253be13de799f51278831416d9b8354c,bb1cb0653f2664a83f30a4bc0b483f94,1,,até agora não sei a onde foi parar meu produto,2017-10-03 00:00:00,2017-10-26 17:34:13
8e988665dd02eca629f505e39055b804,8c43035f1afa3fca88c0514d32ff70f7,5,,,2017-10-03 00:00:00,2017-10-05 11:41:51
e1a68f36fb2622cccf5c8112c5bb540f,02dade411839b1c334363dc9058e1124,3,,,2017-10-03 00:00:00,2017-10-04 00:03:44
01bfd0bfc47e36c6a6203969ca9c3e92,6d97e3d5d9043bb4fa4f8fd0b4d9f230,1,,"lannister deveria cancelar essa parceria pois a empresa targaryen é um embuste , é fraudulenta , agiu de má fé . Essa empresa denigre a imagem das lannister.com ... Estou no aguardo do meu reembolso",2017-10-04 00:00:00,2017-10-04 15:57:28
067b7c9c760d8bda7a2c38fb1f3fdf6e,e747b099854432937d27178c640102bf,5,,entrega rápida,2017-10-04 00:00:00,2017-10-05 11:09:27
30d2c30490c3a7ab77b27dc111fd85bd,6badfcc75dd97eb3cce25aa4bc7dd773,4,,,2017-10-04 00:00:00,2017-10-09 13:16:23
d21a43cd5178a63af0f8b5eac338cab6,d824a4f31c8c8abaf5c415c8dd473a59,3,,Não foi entregue ainda ,2017-10-04 00:00:00,2017-10-05 20:57:34
d54e1bac9d8277c909016bc4af8eef97,799e53347e276d82f68872b6741bf731,1,,O vermelho 70 reais ainda fiquei confirmado mais o bege 100 reais quando eu vi que ódio ,2017-10-04 00:00:00,2017-10-06 21:21:23
f2d73264a4ce072971efd7b95a0220f2,106dccd8cf01a9d15921ba6b3028a09d,5,,,2017-10-04 00:00:00,2017-10-04 22:51:47
fa39a798a3f79385c0aa5a8ad9de822d,678e948d6ef6324c0891d0c714d23946,5,,,2017-10-04 00:00:00,2017-10-09 15:10:18
6009c637bee33f538801ab499bcf234b,e684d169c6ce5450a7cf6af58dfeb900,5,,,2017-10-05 00:00:00,2017-10-08 22:46:04
73549822e50ed0860f6a84c10d6c967f,87b11e8650942d90851905d1bebae8d1,5,,Melhor do que o esperado,2017-10-05 00:00:00,2017-10-06 00:39:27
97fe33b644b9fa50923709771cc9dcee,b2664e0e967b1c146e574185530e813d,5,,,2017-10-05 00:00:00,2017-10-05 22:55:21
cca3bf41bf344d9a213efd889ecddf62,09026ebcef956ddfbc9af4af7c46d377,5,,,2017-10-05 00:00:00,2017-10-09 13:22:04
eea01ccb870a15bfc1efd54d1ca2cb25,51a7e6cfd3daa5187a2f973c44a74a74,5,,,2017-10-05 00:00:00,2017-10-09 17:05:09
2eb0f0f9b99d7b2f97d88d48d1524490,e352178ae3b81e3d7d67ee7edd973a43,4,,Muito bom .,2017-10-06 00:00:00,2017-10-07 01:33:39
775f84ba33ff35e67ca4c288347555ac,0990523dcb57830447203c2e6d8804d0,5,,SOBRE A CORTINA ÓTIMA ,2017-10-06 00:00:00,2017-10-09 14:22:41
ab233fbc2d3a3e20e0cf8d44dcfab1c3,ae55c180decfe41ac363c68f08a16003,4,,,2017-10-06 00:00:00,2017-10-07 02:39:56
ca39a1a64d706c6f652d50f524230235,7ef2e75823b06b05aec1e71f3b2b22fa,1,,Ja paguei as parcelas e ainda não recebi meu produto. Vou pro Procon!,2017-10-06 00:00:00,2017-10-07 22:21:40
cde465dc55470103b2999aac27d12f5a,926f8e6e4b3febd66f57a92de958be15,4,,,2017-10-06 00:00:00,2017-10-08 20:36:40
ced1f4d3a869d033787e92b930793895,711f88786eb588f0a5925cbc8282f3e8,5,,gostei muito,2017-10-06 00:00:00,2017-10-08 23:25:30
e6d96ab3025bbb0b0ff69e7e38c09fe7,3d17d211984312889a4d60f359859535,5,,,2017-10-06 00:00:00,2017-10-08 20:39:40
018f5885814b98f2d5ef6d1f9b8b91df,710d9b541d2ae52ef56ef33f5e1b795c,5,,,2017-10-07 00:00:00,2017-10-09 15:30:56
3ec75e95fb8b14acaf6e47909eb5c980,0372d2e3d0ac2600aa8e08e6c46cb7dc,5,,,2017-10-07 00:00:00,2017-10-08 13:24:03
53480786c02042966085f04e1c2a27ac,af42d1d70bc955e5272039f5d271c392,1,,,2017-10-07 00:00:00,2017-10-09 09:51:40
a49a2ff19439951630555ca8f82388b6,a32f136cacf2a9b45eaeb507057b33f2,5,,,2017-10-07 00:00:00,2017-10-08 04:53:02
f4db53f4695e59e3a28ee532f96e0db7,736813b41544d3ca0ed5d508802f4ca1,3,,Ainda não recebi o produto.,2017-10-07 00:00:00,2017-10-07 09:17:17
6472b78dbdd6b4a39c630179782c60db,8a5fcb4314afcbf3906bd354138b674b,5,,,2017-10-09 00:00:00,2017-10-16 12:46:04
09e0917c5d8c4f751f2b36b80d0b07cc,c378d1766ed412f14e38a4fd8547f9e9,3,,,2017-10-10 00:00:00,2017-10-10 21:16:20
2c1a327bf7a03b573a16ea2ad1bebe41,ace21e63d47750bf1c9d30301b61db13,1,,"Pessimo! Comprei 3 rolos de papel de parede de um mesmo modelo, só chegou 1 na caixa, sem Nota Fiscal e a embalagem do papel está com o lacre violado e sem etiqueta de identificação do produto! ",2017-10-10 00:00:00,2017-10-10 19:35:05
36c87b73f9f15249cbd0ea5167190a6d,9b156799a5b75cdf61bd52c0f7e04b61,5,,,2017-10-10 00:00:00,2017-10-10 18:22:02
4accd7d5790f62f6693d54e4c97c28db,78eccf94d43a3769c3eff6e740758c1d,5,,Muito bom vendedor,2017-10-10 00:00:00,2017-10-11 01:15:18
577316752b98d1d3cb7922c30f762bdd,60d9a5e952b00c9a481aa0e3d641b354,4,,,2017-10-10 00:00:00,2017-10-11 12:47:57
9bb99841295b81d305f138b682e7c428,8c7b47a875c412c4303eefc88e9d92c9,4,,Sempre no prazo ,2017-10-10 00:00:00,2017-10-11 21:06:35
cf29ea50d5396fa4fd7d04e8b431b171,934b7f6dbf65d976b415011a2e286581,5,,,2017-10-10 00:00:00,2017-10-11 00:04:14
f21711daae98605f22c18d85244e0bff,b5c5a6fb605260058c01713e1fb97aba,5,,Chegou antes do prazo e veio muito bem embalado! Eu recomendo!,2017-10-10 00:00:00,2017-10-18 15:15:05
520220e7f473dba90bdfa47470f3b9c6,4749a1374297f0088e587cf8cd9cc3f6,5,,"Produto exatamente como pedido, testado e todos em perfeito funcionamento.",2017-10-11 00:00:00,2017-10-13 12:53:03
553f005f4d7bb361c3c343d706657878,2b0b75a2e7ebb3fa4a95e3b6ab121e86,2,,Então conprei gostei mas nao e tudo isso nao achei q seria melhor,2017-10-11 00:00:00,2017-10-17 15:34:56
644537a36bc46b09f52e494d2922819a,c04ccf5367e419a74f5589f156a0b8e1,5,,,2017-10-11 00:00:00,2017-10-11 22:24:22
b16690c5eb987523136e815e3a643f4f,a05b1831c01baf69ce6c81050cc1405e,3,,,2017-10-11 00:00:00,2017-10-11 18:38:18
b9bea693622f1b33ccbd79d029645a19,110d11411569c88d2745d55180027f3e,4,,,2017-10-11 00:00:00,2017-10-16 15:02:38
cdf892ab249922236a537111da93b508,ee21a244d02c03d23adaa14fe3049b88,4,,"Tava tudo ok.so que o espremedor nao funciona como faço pra trocar
",2017-10-11 00:00:00,2017-10-20 20:24:59
dfa40198a6eac9daf153af122d0832cb,81039bb5e28d76cd6757558d5800a617,4,,,2017-10-11 00:00:00,2017-10-14 05:05:05
f415293c2ad7ef477c61b315c07e0ae0,ac67d8fc34e7d40fe10f3f99609eea60,5,,,2017-10-11 00:00:00,2017-10-12 03:53:49
0c41212d84731d0d0c5a73433349ffa0,51427a59ed7cf06820364d94af7a6f7a,4,,,2017-10-12 00:00:00,2017-10-16 17:32:20
7c59ac5939aa88b1057f3307d7f8f7cc,b98a5e1f2c386eb67df00a633c98848e,5,,excelente recebi em 2 dias ,2017-10-12 00:00:00,2017-10-13 13:38:38
147a139a7cd827aeef7b238c22945296,ade4397f52cb13f72b87939c8250e292,3,,,2017-10-13 00:00:00,2017-10-13 21:29:35
cef32541d11a78aadc5165896d31782c,10f19649ff10ef887aee3d8d536f5da1,3,,,2017-10-13 00:00:00,2017-10-15 13:44:20
14c3c20c1d367f82ce9800a9a4575bab,0a50b1ae078d9638440048842b7cd5c4,5,,"GOSTARIA DE RECEBER 1 COPIA DA NF, DEVE TER EXTRAVIADO
",2017-10-14 00:00:00,2017-10-17 14:54:58
b7654b0f527378bd085fea8a1014daec,eeb03bd554e175a6c6ae5cdc2e86d841,3,,Tudo em ordem.,2017-10-14 00:00:00,2017-10-15 19:29:25
a2663a2d4fa6ce0aa76cc60ab16e0939,6129370214b115f45a7b9b13e33c83d9,5,,,2017-10-15 01:00:00,2017-10-17 14:54:44
ccf75292ebfbfd9509fa9744cb618829,11a239a4801f822c98f826b625fc9baa,5,,,2017-10-15 01:00:00,2017-10-15 18:06:26
e77ac3f345f599d16c34c182e8fcfb7e,70dc1650fbe7679b733b3d80d3073765,1,,"Produto de péssima qualidade,cai todo os fiapo do pincel em ti.Não recomendo.",2017-10-15 01:00:00,2017-10-19 01:11:57
83769c402bf157486ce10d8b62fd0e29,b0cfe2eb432bba9a53dce35cd5793946,5,,Chegou perfeito,2017-10-16 00:00:00,2017-10-16 16:54:00
1a375d44b26992b9ab863512c14b216c,d5f471ea9cffc82fb64e8b07d247cb3f,5,,,2017-10-17 00:00:00,2017-10-18 11:35:20
58af04916fd03fde446dfa4efeffcf06,3e7d62de8eab0ea8d37a2983df8f7af9,5,,,2017-10-17 00:00:00,2017-10-17 23:58:05
6458e11e172a31a0704e66932f11179c,5337d26d14027f547caacb7fee230f81,1,,"Falta produtos do pedido. Chegou 1 unid dos 2 panos de prato e veio somente 1 unid dos potes de vidro dos 2 requisitados. Falta pote vidro 1,7 l e 1 de pano de prato. Solicito providências. Obrigada.",2017-10-17 00:00:00,2017-10-23 12:22:43
651e5ec3ac0198f655512694287fef6d,c157dbddbf8cf9a086acf9ef8eb8cf92,5,,,2017-10-17 00:00:00,2017-10-18 01:27:44
7365e64090ed6f38d5cb03a584ed2b17,b9964fe824ef79f3fe90110b41e048b2,5,,Tudo ocorreu perfeitamente.,2017-10-17 00:00:00,2017-10-18 12:39:41
810cf061c335a755b9651d37f83711cf,cda07ad4f2f777317f2d6b2e3621a5cd,4,,,2017-10-17 00:00:00,2017-10-19 22:31:50
93fd9c6fa65efb09369e376a50671957,e36361f00e1c093432050d4a52860c8f,1,,Produto péssimo. Vieram 4 suportes plásticos prendendo o brinquedo à embalagem. Não tinha instrução de como retirar os suportes. Por pura sorte consegui descobrir um parafuso embutido no centro de cad,2017-10-17 00:00:00,2017-10-18 11:20:28
9a433d59da3cc7baf3f9c40f5fcc73bb,6d2d513c85c6b40a59a24c477959acdc,3,,,2017-10-17 00:00:00,2017-10-25 18:48:40
d991e76a4362bfe35e36e08c637ddabd,50cbc0ce14ba62ab76c2c353dbf6bb7d,5,,,2017-10-17 00:00:00,2017-10-19 00:13:21
ffe61b4bfcbfadd352a3fb816f1b0cde,3ba290d869362a67994eede4e78130f0,5,,Nota 10,2017-10-17 00:00:00,2017-10-17 23:57:01
61444af46eba67a5d657ea209e893476,3ff25314bbe9dc1ec7c983499bdff8f2,5,,Ótimo ,2017-10-18 00:00:00,2017-10-19 01:34:11
6d9c26345b8ae12a1ceb25ebd4f2e806,b4b9e15f3787253b781c561f2d8f7eb7,5,,,2017-10-18 00:00:00,2017-10-20 15:09:22
90eee614369952a2935b5dd6f4d6dc1f,b624512c534133dd5a23c9a1acb8e2b0,4,,,2017-10-18 00:00:00,2017-10-22 18:13:22
9449bc61ffde4b959075a0a9f2e47ef9,21f27570ef536f54c3f27f4c9e9c9709,5,,,2017-10-18 00:00:00,2017-10-20 14:29:49
9a9bb5e2d9b2b85cbdb3c6fa62941b8b,621eb879252e1ef32bfbe6f3eab23b57,5,,"Material ótimo de boa qualidade, igual ao anunciado, tudo correto conforme combinado, ótimo vendedor.
 ",2017-10-18 00:00:00,2017-10-29 21:44:21
a155772ee0c13ef4b06384c1904cf40f,4971e311356ab2972110bcebd76e48c0,5,,,2017-10-18 00:00:00,2017-10-20 00:13:29
d1c6bbee80828032c19db8e39fc91cd5,17741d347806fbe91c72a69918b484ca,4,,,2017-10-18 00:00:00,2017-10-19 00:27:42
1df167a7e1400ba7689eee4da4279f7c,55af3f02d418fbfae46c0e04bffe4676,4,,,2017-10-19 00:00:00,2017-10-23 09:47:41
39bae51b52296f1f43ed013b94582be1,864a3b3cc4c7ea1045528ea46f1848e9,5,,"Apesar do atraso da greve dos correios, meu produto foi entregue bem antes do prazo.
Satisfeita com minha compra e qualidade do produto.
",2017-10-19 00:00:00,2017-10-20 09:02:58
3e2f218213b3fd2314e075c28e77de2c,196750f3a540bf20f0d449337221bd1f,5,,,2017-10-19 00:00:00,2017-10-19 15:46:29
4a0148f1e1d0d40dbe072f44a03a715c,f05357e2049ed23ef3cd55f90ab5f714,4,,,2017-10-19 00:00:00,2017-10-19 22:06:12
8affe1ebb2674dba9c90ed7fb005ab66,93fac531a5d1aa75846d96103217e85b,4,,,2017-10-19 00:00:00,2017-10-19 21:24:47
baa9f5aa33c0fa6851f64d788ada7d59,ab7342290dcd818479042d1def7583fa,5,,,2017-10-19 00:00:00,2017-10-21 17:40:42
df7cf7e5408bb6b56863a21966ff2547,ca7c7cc82b6d5531b6ff87a7e232357c,1,,Comprei um modelo e enviaram outra.,2017-10-19 00:00:00,2017-10-19 14:39:02
ef9fd5daf10e01098b58f762fb6676cd,88b09d34d523862ed31c57b3c3b310e3,4,,,2017-10-19 00:00:00,2017-10-19 22:48:28
0d05b499262e97238ac6c9ef318de64c,9dc0a33bcfa9c6bfa29e7434029a8631,3,,,2017-10-20 00:00:00,2017-10-21 10:19:00
426e4c273f92559bdc3118892650f3f6,06b29dbcb820a53c15525933a91ada27,5,,"entrega no prazo ou antes e produto correto e sem avarias, muito bom,parabéns à toda à equipe.",2017-10-20 00:00:00,2017-10-21 01:34:08
4e827f1e1bebe23e01e617d40f6fedae,b45d11b61c2a68756bbbd7665d67e812,4,,,2017-10-20 00:00:00,2017-10-20 23:11:48
544f987b9e960c5a9976710a9815515d,628892249eb28e0376c57474af8ffb26,5,,,2017-10-20 00:00:00,2017-10-22 14:07:28
8322a290c457ed9e966e72d84720b679,2b5a652c5e22d7c846b463c4888c5896,5,,Recomendo inclusive minhas colegas já pediram estão aguardando a entrega fiquei muito contente vou fazer mais pedidos novos nos próximos meses passei para minhas filhas aliás a família toda .,2017-10-20 00:00:00,2017-10-21 15:32:12
b4dffda6cbf1a5a615b2a8f146bdbddd,8df2feeda535c3b57a1e8fd9bbb9e95c,5,,,2017-10-20 00:00:00,2017-10-20 22:46:35
b4dffda6cbf1a5a615b2a8f146bdbddd,b45d11b61c2a68756bbbd7665d67e812,5,,,2017-10-20 00:00:00,2017-10-20 22:46:35
e0d37c1350a60bd8525a4b34d3bb8d8b,127ddd8ed5c8c31ad7d8f4c54d58997c,5,,,2017-10-20 00:00:00,2017-10-20 18:59:44
f19cddc4b7fed55381d896d92dda4447,e78008ab9ec891077c0b9e1bb4cc9f29,5,,,2017-10-20 00:00:00,2017-10-23 15:04:55
041a58e557302a8bafb784ed595e3114,b84a1e6e6311e6c40724fee7551a915b,4,,,2017-10-21 00:00:00,2017-10-22 00:05:07
4e35d10e39e1a9c454fd220f9a79209d,7ba66cc7f94f613ad60852e42e42e7e7,1,,"Apesar do modelo ser compatível com a impressora, a mesma não aceita o tonner. Realizei um teste com o tonner que comprei em outro lugar, este também, phaser 3040, e a impressora leu normalmente.",2017-10-21 00:00:00,2017-10-24 11:40:24
aa3e4c8db7932bf2e488c6ed8a3e56fe,a1ea1bd909502b5214a0b425746fca5c,3,,,2017-10-21 00:00:00,2017-10-24 20:59:47
b7a04a7cf1b113dd6798fcd3a4b1ed7b,7fe2184e6a2c80fe87a7ec1008364829,4,,Amei minha cortina é linda e chegou bem antes do prazo,2017-10-21 00:00:00,2017-10-22 03:45:41
ddcca8ce057532203d21477b0fba0b6f,b1a4848ea79dd95fd703aa8eebcfdf28,3,,"Recomendo a compra do produto é muito útil para quem tem outra crianças quase da mesma idade e você precisa estar com as mãos soltas.
Pedimos a cor azul marinho e veio preto .",2017-10-21 00:00:00,2017-10-23 14:55:56
f13e1c9ffddb0762e293271eea1a2452,5bdb0867cd3ddd505f79a2fc7b2d315d,4,,,2017-10-22 00:00:00,2017-10-23 11:44:31
15d66528211336ac09127a8c62ae0a3c,e53550183258c1680dd24b5923d44e7e,5,,,2017-10-23 00:00:00,2017-10-23 15:08:17
24508c6e256b06818bf5c4b0a40dec8f,d185b3d0bd26a99d5c96601c1fcd2fc7,5,,,2017-10-24 00:00:00,2017-10-31 08:09:14
5f81fabdbc69795bfc0eba8eaf4aea6c,2c293bd3c9f41735731112a36cbcaf81,4,,no site a pulseira de cruz estava como 21 cm mas ela mede 22 cm ficou folgada e não tem como ajustar,2017-10-24 00:00:00,2017-10-24 22:34:00
6bdea9d2ed8ccae63b1ee6c8e3d021ad,349af77e71491a1aed28d6bf0528e09b,5,,Meu pedido foi entregue muito antes no prazo máximo e em perfeito estado.,2017-10-24 00:00:00,2017-10-26 20:30:49
a2e282c85a4d4c8e91b9f5bb176e09b8,3957b45bce42070cac232014ad4d001b,5,,"Loja muito eficiente, produtos bem embalados e entrega antes do prazo.",2017-10-24 00:00:00,2017-10-27 00:19:51
c687601afa245bdbcabe26ec245d7403,4c4ac3e2dfb16b17d057cf101265b24c,4,,,2017-10-24 00:00:00,2017-10-25 01:02:06
e8b388a8a009e2ae22f8461e48f60e8a,64a49ec4515de1ebb60ba7e7b26a3893,5,,,2017-10-24 00:00:00,2017-10-24 17:46:22
fc9725130eb26a7f08763de69081aa69,f28e549e51f383974493cf9dbdce5d46,4,,,2017-10-24 00:00:00,2017-10-26 17:04:54
24a11cb88a372e11cb0a5639cc2fc825,9725871b2a067d972355980be11e7d1d,5,,,2017-10-25 00:00:00,2017-10-26 09:06:34
65396cb1b7386a2fbd67b510b8dced83,48dcae389be2ddd6ad3ba930055ebe4f,5,,,2017-10-25 00:00:00,2017-10-27 14:41:32
a7f71658b5f690b88c20146cb577273c,522527427b29a3fefe865a02a7a78962,5,,,2017-10-25 00:00:00,2017-10-25 23:08:18
ee5959858de85273cecebd943d5e3d81,8ee530ebcd1df2efa8f0f5b08ef3beb7,5,,RECOMENDO PRODUTO MUITO BOM ,2017-10-25 00:00:00,2017-10-25 23:08:31
f58f3677273e6cfc7146477f32b5be60,83832d7a696d54e9e32347d7cc7df962,5,,,2017-10-25 00:00:00,2017-10-30 10:26:36
10469f3c259327d25cb5c8bd2827c9ee,1bd0359d89e511c3c49753133e831bb8,5,,,2017-10-26 00:00:00,2017-10-30 03:23:42
44540aa86f2216e8271abb858e435042,28c3c716d01cc934376d3bebea04da92,2,,,2017-10-26 00:00:00,2017-11-02 18:12:53
4895d3c7066fab2379681f691bbfc124,20ef96a94887a09470ce16449d10b185,5,,,2017-10-26 00:00:00,2017-10-30 11:59:23
630d83ef424ddd42bf268577526cd944,4ec007fa66327a51919a32d840b49395,3,,,2017-10-26 00:00:00,2017-10-31 20:48:12
b7b42ae711ef5a7663baee05652808ad,7c91c3456c73201bef537307835f6ac4,3,,"Se eu não tivesse precisando tanto, iria devolver, pois na imagem mostra que a película cobre toda a volta do botão que fica na parte inferior do celular, quando na verdade não cobre!",2017-10-26 00:00:00,2017-10-28 19:37:22
ffa19552bfcb7ee73ddd1819b49dc331,d8716a985f69a46751cc046b0fea0d98,1,,,2017-10-26 00:00:00,2017-10-26 12:52:13
0e6e1fe949b6dcc4e19e7778f0c8cbf2,f0c8fa435e06ab4c026e78d690a6948d,3,,,2017-10-27 00:00:00,2017-12-31 06:29:04
837e919d953912d945129c8bdaee0350,9f9dbdaa390ccbff68e07b6181e0b06e,3,,,2017-10-27 00:00:00,2017-10-29 16:02:01
9390445bad8271988f9c98d274c540b9,cd466631c2bd74fbc4e744b131819ea5,5,,A entrega foi muito antes do prazo o produto veio muito bem embalado e de ótima qualidade recomendo a todos.,2017-10-27 00:00:00,2017-10-30 09:08:14
c2b05fb4766ffdc5a87b5dba1c2efaaa,e6b62f5711fd308616f3db4e2061673c,5,,,2017-10-27 00:00:00,2017-10-29 02:38:59
fbee4d1968bc27e2a2adf82c27b8d54c,e326a262b6e44dcbb1df6b74f9aea574,5,,,2017-10-27 00:00:00,2017-10-27 20:26:48
242236a349010732f50431137da16ed2,3ad540acc809c0ce95b1dfe9cb4b4343,3,,"Dei 3 Estrelas pois, Ainda não usei o produto mais em breve digo algo sobre isso!",2017-10-28 00:00:00,2017-10-29 12:10:04
40f1554a83f751b6ea6c01b2d2827938,332e264249f30a888b81bffd7a84e03c,4,,,2017-10-28 00:00:00,2017-10-31 09:58:46
8ad4b4b13ec3b69f37d9763954c8f085,71f3711def0641f613b693af7bf61083,5,,,2017-10-28 00:00:00,2017-10-30 11:06:03
9fc3b37fe7299e24c4817e0c825444d6,fc5701b47c62ca3a3f7c2514cd5edc56,5,,,2017-10-28 00:00:00,2017-11-06 00:04:07
a22b97a2a58698e8379f426edd1ce55f,350508df3bad3da1cf8a3ac50f8c0406,5,,"Chegou antes do prazo, excelente o produto muito bonito!!",2017-10-28 00:00:00,2017-10-30 09:29:52
04d9e36c3f8805240149625a63e36b24,36970c35cfe02cb355e55690bae4ac02,4,,,2017-10-29 00:00:00,2017-10-30 11:23:11
f09f4ffb31e10aaea125e86dcd7815c1,b262d7f5db1e8a9c23bfb44558c7e4ba,5,,,2017-10-29 00:00:00,2017-11-01 19:50:06
5067fb8cd30b38a214337e09e2592405,0f7f5047fb2535359f03240b1697085a,4,,,2017-10-31 00:00:00,2017-11-07 23:03:03
fed9ed0a35b3dbdba09ce40ace521bb1,887b522c355bcd896b5168f84a11e6f0,5,,,2017-10-31 00:00:00,2017-10-31 14:38:05
28e69cffffb54c94ba48ff91200583f0,867a96f5ffe70eb3e90140ff7c81cfc6,5,,,2017-11-01 00:00:00,2017-11-03 11:24:23
30cddc7993b7c4c4f4957add1e930f37,1434f15909999c1562d1c4a24a4409cc,5,,Produto lindo e de ótima qualidade!,2017-11-01 00:00:00,2017-11-18 12:41:12
42a5f5fd9b3c30a6d2a129ded28af535,9567f25dfe794bcd32a2a16ec00d7e96,5,,,2017-11-01 00:00:00,2017-11-03 14:36:10
475e7331449ae58849392ec7b1ddfa4d,5ef8f0f9c9d95604cd61fd97ab176835,4,,"Apenas uma resalva, comprei quatro unidades foram entregues 3 juntas e quarta entregue separadamente",2017-11-01 00:00:00,2017-11-06 19:38:52
48a5d29dd9fa7991bedf714c93bcfffe,1c68c68cddc15f7e365dc53a0e91e8f5,5,,Obrigado!,2017-11-01 00:00:00,2017-11-01 20:25:47
562bc0c1dc487ed6256e7d8e8e0faef4,bdd42e997b3dafd18ddcc233ad9c5195,4,,boa,2017-11-01 00:00:00,2017-11-01 19:19:39
820d0701be5b16d2e4f4bde5652a31d4,12c281ebecb5a750bfb59174f5660243,5,,,2017-11-01 00:00:00,2017-11-02 17:27:44
8971d0d95ef7f2fd30556b3447f24f58,3239c022d37dc6c0fd3b8749bb7a0b1e,5,,,2017-11-01 00:00:00,2017-11-01 20:27:12
ceea1f7a0d8f9c6d139da6813f09344f,89d9b111d2b990deb5f5f9769f92800b,5,,,2017-11-01 00:00:00,2017-11-02 01:42:01
f2445f4e7edbdd78483e48f51dd7e651,b9de8e8832759dcda0d6543a57db6715,4,,,2017-11-01 00:00:00,2017-11-05 11:20:37
05ea3e9db7462516374b181e5ec914a3,f589bd1ff18deb4e471366b1aa443c84,5,,"Excelente qualidade 
",2017-11-02 00:00:00,2017-11-02 16:30:40
0a413ea2f4638b2de1820d38b784cc6d,cc90dde77b3316b9877c87637a6f87d3,5,,boa muito boa,2017-11-02 00:00:00,2017-11-02 16:28:44
16076b67965b62189564a16513d61100,4351879fb74d0a37b9c8dad7ba7e59de,2,,O produto não foi entrgue anda e não recebíamos nenhum contato da Empresa justificando o motivo da não entrega do produto,2017-11-02 00:00:00,2017-11-02 13:47:28
18d7c77edfc7d11c3b90274541ae793c,3c31094fbd7da6168cc190beedf23888,3,,"Entrega no prazo ,produto correto falta só mais atualizações de informações de local no transporte.",2017-11-02 00:00:00,2017-11-03 09:15:35
367dc8c63031833afbe504d52383cb92,73d5596cd40ea2ece8accb9b4e5fc938,5,,,2017-11-02 00:00:00,2017-11-02 23:30:00
5daed8162373d5914d7873de82d86355,7e95334097aff5b45c6ff379ab492cf3,1,,O relogio não esta funcionando. Nao esta quebrado. Mas nao funciona com a pilha de jeito nenhum. Veio com defeito ,2017-11-02 00:00:00,2017-11-02 17:03:43
69e5dd2882a9e8cc92609e34aaa923a1,828cb23d35630c92b140ab22ff23c485,5,,,2017-11-02 00:00:00,2017-11-02 17:45:54
869c6ab5623de2d783b54744cab27150,016d1bdf6efab4f6b805df1c03043113,1,,Ainda não recebeu nem a capa do tablet nem o hd externo.,2017-11-02 00:00:00,2017-11-02 18:49:36
9fd9905a8a3804fb84d44324b478b632,6d6491e68b2e416f68ec6e23e004d3a3,1,,"Comprei 6 e só recebi 5.
Já entrei em contato e estou aguardando.. 
Espero não ser prejudicada! ",2017-11-02 00:00:00,2017-11-02 19:45:50
b7dd3acaa5446bd970a767c05959ff36,73df19345d0de1ae473fdfd37070f16c,5,,,2017-11-02 00:00:00,2017-11-04 18:41:50
d562f1c9d7c37699b61f5b86aa381506,ccf6899464ad94a5d61964bafc6a4f0a,5,,,2017-11-02 00:00:00,2017-11-05 13:49:46
d8b22fc584458ec5ca096b5496e10647,4a500df6bccc8012825a767ea8d04a28,1,,,2017-11-02 00:00:00,2017-11-02 15:55:46
5f4d6af62ac3aacf5abea8a3f4a943be,b0b2c1eac18964a383e18b20e718e806,4,,"O produto é bom.
Chegou antes do prezo ",2017-11-03 00:00:00,2017-11-03 17:46:25
17136da3ca9ec526c02f7420844195f8,62a2786bc58bb6ccba3e93b2d9664045,3,,,2017-11-04 00:00:00,2017-11-07 01:43:32
1ae0666995f30e76dc20b1098622f9ca,3599e4616c45ae9b879c2e6c54d76120,4,,Recomendo,2017-11-04 00:00:00,2017-11-07 01:50:38
20afd7280b34224e3ef776e856a10fd9,037ded3ba29ebe9a96acb1177cc52b51,5,,Muito bom! ,2017-11-04 00:00:00,2017-11-05 17:49:31
43e5286eb9f62cabe4471ec1dff7142a,f32506d911d029d9aa31e074798f2c2f,5,,,2017-11-04 00:00:00,2017-11-05 00:21:51
6698347c84d7a52eeb0207a3ccac94a9,d16387aa75d92aec2dbfa45f9510ec65,5,,"Muito bacana, a cor muito linda ficou ótimo no meu banheiro! Assento macio combinado com uma linda cor!",2017-11-04 00:00:00,2017-11-07 13:28:34
a43e7e282ffc6b029ab3bb0ebf8faf38,8490980aaf59839a601c4184474b9220,3,,Recebi um produto diferente do que estava no site há entrei em contato espero que a troca seja rápida.,2017-11-04 00:00:00,2017-11-06 17:21:08
d7479d4a7572bdd3ab8e844609669ca2,b87287b5e32f2ab2319f41ce30055288,3,,"poderia ser mais firme,achei fino",2017-11-04 00:00:00,2017-11-06 16:39:03
e9c0b6a5dc5df5db1c454c326bdaf43f,99bd93d530d8b588cc9fe65dddee7411,5,,Produto entregue sem atraso e sem restrições. Amei os pincéis! ,2017-11-04 00:00:00,2017-11-04 22:46:23
f832ffa86011e22cacc0b34434a06280,441cf7155f976d42536081646f9f4714,4,,,2017-11-04 00:00:00,2017-11-05 11:59:01
97bcebfc73a72905795476815cb5a2aa,53f3f52eca823461e5ee857dd46fb101,5,,"Relógio ótimo, como na descrição",2017-11-05 00:00:00,2017-11-05 19:16:53
aaba86dc8853de4e6322c989a76caddd,821c1b3c87d17a24efad81096bee5f09,1,,,2017-11-05 00:00:00,2017-11-05 20:23:22
1e5f1e37d3cb98071cec9630dd773c3e,f91ebd94de8a3da272808b5187316a7a,5,,,2017-11-07 00:00:00,2017-11-07 15:45:45
2cf2a9a085ad5d20275d3db1c8c72ef9,440d8c2b46ef6f71cfa424597bbc6744,5,,,2017-11-07 00:00:00,2017-11-23 00:44:02
65fe0875e3f79f89be2d903863899df3,ccb44718a5b5b8bde31b24e888d56d09,3,,,2017-11-07 00:00:00,2017-11-07 22:46:09
79845791c505eb0896d465de56c7ec96,a2e269d426176695531c8cc824265489,5,,,2017-11-07 00:00:00,2017-11-07 14:31:14
9316ff4c12b1ebca7837b56b830ee955,f32506d911d029d9aa31e074798f2c2f,4,,,2017-11-07 00:00:00,2017-11-07 20:49:49
efe9e3472a18414230c85e67c60c2270,bb8feb5c5a3d07a1e5e2ae3670a27910,5,,"muito bom, adorei.",2017-11-07 00:00:00,2017-11-07 23:17:55
196eda7b558c3f6750c4a8c8105fc3b4,1f77203b7fe6e2c54ddc8dde5276b9e3,4,,gostei do produto mas o prazo de entrega achei demorado.,2017-11-08 00:00:00,2017-11-09 15:41:30
42fc6da9f04c52482d97bba963575aa7,c854a1f42d7cddb25891587ddd91caa6,5,,,2017-11-08 00:00:00,2017-11-11 00:42:08
56b1484463861c689c1274141bfc3de1,ff229c2bb720b61c11d51e0249799aba,5,,GOSTAEI DA RAPIDEZ DA ENTREGA,2017-11-08 00:00:00,2017-11-09 02:26:08
90f2f078dfc0ab0db41e5a0736bf989d,ff6ab7a209609f6d415e5465e903bbe0,5,,"Boa qualidade, funciona perfeitamente.",2017-11-08 00:00:00,2017-11-08 08:40:39
bbfbf3574bc4d2e86ec3be227500a3f2,1ee5be25d6e54e1ea3c75d3fc9ca3d6f,5,,,2017-11-08 00:00:00,2017-11-09 11:00:48
de63eac36b598f8f19095caec33b54a8,80cc0c2852de298dd40b80a78677f13e,4,,,2017-11-08 00:00:00,2017-11-14 20:35:11
362eeed111292ab17acd427c12d641c2,2e98befb6d10b5b83de9d9b4a6f836f9,5,,,2017-11-09 00:00:00,2017-11-14 02:27:30
56fefe3b6ae80c47e14c3071405f59b8,34fe5a39b9e65ac47aac2872c3538c41,5,,Produto conforme esperado.,2017-11-09 00:00:00,2017-11-09 22:52:22
65a2fe79ef8635e82446b56357f86178,17f6b36b21f52d18d86ad4b667495d03,4,,,2017-11-09 00:00:00,2017-11-09 18:54:53
70a8116eca10985774c366724e7c57d4,ccb44718a5b5b8bde31b24e888d56d09,5,,"O produto chegou dentro do prazo, tudo certo e sem nenhum problema. Recomendo a todos! ",2017-11-09 00:00:00,2017-11-11 12:57:17
737f9b36db6655bc76a90df95e571035,ea63d003e45a23a57429b135d4595111,5,,"O kit chegou muito rápido,e os produtos superou minhas expectativa, muito bom ",2017-11-09 00:00:00,2017-11-10 19:37:16
a61674502e5f7af4af9ac41def037c59,e49a1046c2917c7dd73d6f9ae9a94afb,5,,"muito bom, recomendo.",2017-11-09 00:00:00,2017-11-14 01:38:35
d536b9f0070785b0fb37c076236d8ca2,a5bee526a0ca9f2a66f3704b82ad7833,5,,,2017-11-09 00:00:00,2017-11-09 22:59:33
1924cd01b6ffed9e029bc7b4a7c7a827,a9ebd6bcbc1aed90a92d93c774f2cdd2,1,,"Comprei 3 pendetentes de luminária, os produtos vieram pelos Correios mas apenas 2 um em cada caixa, mas a nota fiscal consta 3 produtos. Solicito o outro ou vou devolver.",2017-11-10 00:00:00,2017-11-12 23:13:08
34869475882b0744a95d4e899b36b47a,908c80ba9160e9d87007015b15aada39,4,,,2017-11-10 00:00:00,2017-11-11 21:39:49
706be2a0206411a303893e98731de570,f4644597165c84bebe72a057c53a0698,1,,"Foi encaminhado ontem um E-mail informando que a mercadoria veio faltando, ate o momento não recebi nenhuma ligação e nem um contato que posso entrar.",2017-11-10 00:00:00,2017-11-10 16:26:02
a3fbc0ad6758f05214f560c33d12be2a,31725408e39733c6fbccf9559d25f0e4,5,,"Chegou perfeita, bem antes do prazo.",2017-11-10 00:00:00,2017-11-10 23:43:49
baa83e72b031d0c801e5f8d429fffb1c,c0585e6e7446a97905280a732d27ac4a,4,,,2017-11-10 00:00:00,2017-11-13 12:39:44
0b2542d2935be3a6e264a4bcbbdfc18f,67773c483666d5120da1ff6188d8a00a,5,,,2017-11-11 00:00:00,2017-11-14 11:45:28
1eb51fc1c398f4cbdffb48b07da832a2,605690e3394de4516b0c3646e06a9599,5,,,2017-11-11 00:00:00,2017-11-12 23:10:43
97ce635e2c524d031a8fa2d89270826f,1932b344119786d8f945d699f339ee91,5,,,2017-11-11 00:00:00,2017-11-14 01:40:26
d59091c217360b24c2ac2e25dd083a3b,ec5073f5584f047f32a6375d38a66f9e,3,,,2017-11-11 00:00:00,2017-11-14 10:47:31
83e58aab6c46c9692fa65d7683289c45,5209e430c4a82e1eb7cd636ecbb573a3,2,,,2017-11-12 00:00:00,2017-11-14 06:36:41
0418d8e3f7c8fbb67934e11a50741b6e,c88fd0ebff880ffd57fe7f6528f8dc6d,5,,"a lannister entregou super rapido, mas o tablet qbex só funcionou 24 hs, vou ter que pedir devolução",2017-11-14 00:00:00,2017-11-16 14:30:18
0a0b7bd02885c2ca3bd78a774e92287a,ced9efa04f0d7b0543fa0d8ab9472a6c,5,,,2017-11-14 00:00:00,2017-11-16 15:51:54
0efcdae05e04e706e9d6f8999cb6b564,8e4f9161e403e220dee5b8eb22f0a3c2,5,,"Recomendo para todos.Produto original, chegou tudo conforme o combinado.",2017-11-14 00:00:00,2017-11-14 21:54:42
31db07929eef6c079d179cdeb436a5b8,ef99f25a4dd935f92a388af905f868d1,5,,,2017-11-14 00:00:00,2017-11-21 00:21:36
704740b39f98dcf5266b1aa2910d9037,1de86d094f7dd41cca13d246d3b7fd07,5,,,2017-11-14 00:00:00,2017-11-17 05:12:07
8f2d7dcfe37afdad34ea532b2bfc8aa4,7f724def94965291ea5556ad34f72a3a,5,,Adorei muito lindo super recomendo! ,2017-11-14 00:00:00,2017-11-17 00:09:30
c44476a92160c788979fc42ac8eee116,d1906aaa99334bb372ca6bb31b8ae5d5,5,,Proteção máxima e livre de oleo,2017-11-14 00:00:00,2017-11-16 14:29:24
e8b83281c8f3202536fd338d4f9caeb9,f76887473f528c398659936663331251,4,,,2017-11-14 00:00:00,2017-11-16 20:33:04
1ed01e8f777018a33227be5073a82e8d,908c80ba9160e9d87007015b15aada39,1,,,2017-11-15 00:00:00,2017-11-15 21:13:33
29a36b1d233f0c446decbb5b894bf5c9,00750f68bb64537034e93554c64b41b5,5,,,2017-11-15 00:00:00,2017-11-19 17:03:41
2dab3f883bbad33bcca57b44112b0151,1dbe2e0c5594a384eac781a7e46c6011,1,,chegou teclado mouse o CPU mas o computador nao,2017-11-15 00:00:00,2017-12-01 20:37:29
4a27917375f4e53b41e52e201eec1739,012eab2625c5f8aaac6f37f2c19ef62f,5,,,2017-11-15 00:00:00,2017-11-20 06:41:36
6b8357a607a21690b7db561a8093fb29,05d27719c66597da0628a53f6009ed67,4,,,2017-11-15 00:00:00,2017-11-16 00:11:04
aca72c880249fc327fb5961c4a99f2d0,a10f8134732c1979eea697d926498112,5,,"Chegou antes do prazo, e em perfeito estado!!",2017-11-15 00:00:00,2017-11-19 15:55:38
b00e159e69184a8f72827eb647073903,5b163ebdd5ac559f04d06af2069e23d3,5,,ótimo!,2017-11-15 00:00:00,2017-11-17 21:46:33
b4ef0952b33875181e0b1d763ef028b7,0713892246596f649555ebebe57a9a7b,1,,O produto que me entregaram não é o mesmo que mostram na tv.pq não tem nada a ver.,2017-11-15 00:00:00,2017-11-15 22:23:24
e28cc2a1bf48c11dbcc990894356bd82,1de86d094f7dd41cca13d246d3b7fd07,5,,,2017-11-15 00:00:00,2017-11-17 05:12:37
f5daca55aedc120086c17d08f16c1548,f9f15e02ed74cf8a21b8266a55498942,1,,,2017-11-15 00:00:00,2017-11-15 10:06:22
a827cc4463209bf86e1751b8a2fc79fd,bce2a9ffe2e596e54d92ad2a47a10a36,5,,"Parabéns,eu estava procurando um site seguro pra fazer minhas compras e achei, muito bom atendimento . 

",2017-11-17 00:00:00,2017-11-19 14:41:43
a8e3a7512fa5b1c3ba9fa2f7757766da,fa014da3aa5b1fd99b79a24c7a17d778,3,,Comprei 2 unidades e recebi apenas 1 unidade!!,2017-11-17 00:00:00,2017-11-18 18:45:51
015871cd74f1b49436ef8cea76c237f4,d433f15d756ab14939321574177af37f,4,,,2017-11-18 00:00:00,2017-11-20 13:17:58
7791c8dcd1d88628cb718c1daa19d700,178a419a329f2b4bf50a68f7357f8fce,3,,Nao cabe no meu ps4...,2017-11-18 00:00:00,2017-11-18 23:40:08
78abc19c8bdfc2a3795f6674899ddab6,26bd26a21d87b4594128d26b3b24e8d8,3,,Veio apenas o jogo. A capa não veio.,2017-11-18 00:00:00,2017-11-20 10:40:27
b8c5f6efaeb64d1e4b44593e3f40eb26,65ac166c30ce56f69586b063209ba83f,5,,,2017-11-18 00:00:00,2017-11-19 13:20:28
841882be14e668a6f227d863696e870d,7743e2bae1581bacb82f160d1c69a54c,5,,,2017-11-19 00:00:00,2017-11-19 16:30:14
b0e44446f9c926bc462c82c327299551,0ebe7b603e2e4b83d9adf9f169585f0d,5,,,2017-11-19 00:00:00,2017-11-20 01:25:02
5ec3dc0f2556c45e40c52f3e49d4e812,d347f2967d904f9f8657e9919366545c,1,,,2017-11-21 00:00:00,2017-11-23 14:36:41
636f9f81f9bd107fb457ca9af8b6c549,ed836a8fccba401754e0b283c9b32f09,5,,,2017-11-21 00:00:00,2017-11-21 21:41:48
dfd6d7f47b623d56320557d0e2dab5a2,4093f51e15660b0278941a5b38e694c8,5,,,2017-11-21 00:00:00,2017-11-21 15:49:50
008679f351b56eeff72bf293ece6405e,260ec445d18b2120c8ab6f87ecae2a1d,5,,,2017-11-22 00:00:00,2017-11-25 00:56:45
386c3174bdb3d59128944da0ce2498e1,24f2edef847fd6eeeddc6aa5dd82209b,4,,,2017-11-22 00:00:00,2017-11-24 22:53:08
42abc75a6990c0ed3dc495c6de57eda9,9524a52b2633d2f96da98b947c60a4de,5,,"Otima qualidade, chegaram bem antes do prazo e ainda veio com um cheirinho de nenem! Amei, recomendo!",2017-11-22 00:00:00,2017-11-24 14:23:14
882d2eb70a4d79431932fa3d941fe0ef,ffa39020fe7c8a3e907320e1bec4b985,5,,,2017-11-22 00:00:00,2017-11-24 23:22:27
a619ce99186d26a00d84bf8da6df014c,56d77478af78c445066db1c9876e9e84,3,,"CONFIANTE NA BOA REPUTAÇÃO DO SITE.
AGUARDANDO A ENTREGA DA CADEIRA.",2017-11-22 00:00:00,2017-11-25 19:30:08
a6ec8a4aa4c492d71508fd22f726a784,c82430e4a84f03b67cc2a82fecd873f0,4,,,2017-11-22 00:00:00,2017-11-28 16:32:28
f4fe0b16740311b706950b89bff98374,5b52136f452a7ee355f34fd4b2eb99b2,4,,,2017-11-22 00:00:00,2017-11-25 01:14:05
fb6d1e2f69d79f643ac42db6d3a247a1,17a64f4aa50ee9ab751db1cfb720776f,1,,Não gostei da embalagem,2017-11-22 00:00:00,2017-11-25 09:33:34
328b18e4899f28cb3c1910108c3ac101,6442e3b05a42edab01b9e1d93da84bc1,5,,,2017-11-23 00:00:00,2017-11-24 12:32:37
a4a5a4fa2b636e5d245b21ff977e29db,2373908388bcaa9a225c34e33d9e9f0d,5,,"Gostei muito do produto.
Atende as minhas necessidades e tem fácil montagem.
Recomendo!",2017-11-23 00:00:00,2017-11-23 23:50:46
f061d3bab6500e52e9d07e0bd01ec7e7,c5f72d97d28261afcce1192481123758,5,,,2017-11-23 00:00:00,2017-11-23 14:38:04
0a38c213f51401fc22e206fb48372381,8193580d95dea97d43937711060b2846,3,,,2017-11-24 00:00:00,2017-11-24 16:20:13
1d9ad5cca4a6f8d21746db19fbabb8e8,955b3eccb8e0c21820f39caeb0309789,4,,,2017-11-24 00:00:00,2017-11-24 16:45:55
5eb8bcfcab3334574d841c709f09b3b3,7af55e090c72474dfc02e91b82ed8c25,5,,Meu primo adorou o troninho.,2017-11-24 00:00:00,2017-11-24 16:11:50
85b1b1b8c21cb22904d49c04153b9547,a2253f696c9e2cba89d15e599caf280e,5,,,2017-11-24 00:00:00,2017-12-05 14:00:58
8b4aaeb132cf93a714351d1104c332f5,ed212234a6a31d41245df34b141e1830,4,,Entregue rápido.,2017-11-24 00:00:00,2017-11-24 20:12:07
af9f0db487323f1bf855432ecbfed846,82f67231caceb165dadf21bcc8f0ee72,5,,,2017-11-24 00:00:00,2017-11-25 19:16:51
c0dd4ca18424520737d855ec6f1c17b0,be382a9e1ed25128148b97d6bfdb21af,4,,,2017-11-24 00:00:00,2017-11-26 12:37:32
d040cd1b42f439d75af482cef3cd5e55,4e6d546fa72049694bdc912c60fc4953,4,,,2017-11-24 00:00:00,2017-11-25 01:05:46
42090eea831a1873d7fb9d583a56978f,fd1272ba40a94a5fbc6e9548a8486867,1,,"Pedido entregue incompleto.
Solicitado 2 faixas.
Recebido somente 1.
Como proceder?",2017-11-25 00:00:00,2017-11-28 00:09:34
78a41ca2ae82d3594002c65dd93661b9,0a89bc2ec7e822a78b0cef45518d6217,5,,Ocorreu tudo bem mas em outras compras eu recebia em casa tudo certo no prazo e nessa tive q ir buscar na agencia dos correios mim borrando de medo q os correios entrassem em greve so n gostei disso! ,2017-11-25 00:00:00,2017-11-25 20:04:06
a3c3bd7b9583c15aa8b72bbb94e8744d,acbe07f22f29ad7e5a78f30008cc6ec7,5,,,2017-11-25 00:00:00,2017-11-25 21:21:54
b1c9bd6f7d6cf348e670db9e3480b082,21427785ea63ce9a9fa59a41a32fe78b,4,,,2017-11-25 00:00:00,2017-11-26 10:16:51
c4d963cbe0e28ca5b056ee360a8cfede,32c6cdfda3c983d4b4d2953b9af3dbd3,4,,Excelente,2017-11-25 00:00:00,2017-11-26 00:15:40
73aba927d84a0111f8037cd678d85e84,d5bd0af0e37b739b88fa363a30301220,5,,a minha é que essa loja é ótima e eu recomendo a qualquer pessoa obrigado.,2017-11-26 00:00:00,2017-11-30 10:50:30
7c97bac9b9cdad868ef11901a8ae8e64,0c6829c9d92a6bb545d7bf1734d094c6,5,,,2017-11-26 00:00:00,2017-11-28 10:48:58
2381e1fb0932d9459573a0553dd8a2b5,1093c8304c7a003280dd34598194913d,3,,,2017-11-28 00:00:00,2017-11-28 17:14:46
2f7f5e0aa0c744eef42975968e5edab8,62e32bcad390a6d5236b810ab2034edd,5,,Satisfeito com a compra,2017-11-28 00:00:00,2017-11-29 09:32:35
30ef205ad4344cf56a08c48a09f6b3da,60058a96e9d74aba1c66b86edbd0535e,5,,"Gostei muito 
Só achei muito baixo ",2017-11-28 00:00:00,2017-11-30 17:18:36
3d8a8c1ac792cb04c70375a5b3ff531d,a52f0272f9150859ede915bb2eef1bf9,5,,,2017-11-28 00:00:00,2017-11-29 00:59:53
c04a1e704e352b6e8ca18783b98853af,1857ec1a182661136fe7584592437d51,3,,"Entregaram bem rapido, mais Só não gostei pq veio com defeito (duas manchas ) na cara da boneca.",2017-11-28 00:00:00,2017-11-28 21:46:24
53d4783b9db9575e940cf9c2055f2561,c8f63be082f4089d15558376d18c77e7,4,,chegou antes do prazo ,2017-11-29 00:00:00,2017-11-30 13:48:47
7688214fba93aa99b5a9da5c116da50b,e5da8f29d47b6f0f3ef8ab33a013a0b3,5,,,2017-11-29 00:00:00,2017-11-29 14:59:27
bf6db8b0ac29fcfdcf1e54673f32aefd,0f32b97a3ceaa816f0ffa6af3ca4e0d6,5,,,2017-11-29 00:00:00,2017-11-29 10:55:33
cc938526ed131efccd9cfb84d0a31f5a,5a5a4a1319679a5e560257abd2fa1273,2,,"comprei o modulo roadstar e madaro outro de outra marca sw2400 digisound
",2017-11-29 00:00:00,2017-11-29 22:06:11
e2a2179e0a69b6c2c5c5540cc5821b44,c6f52d94c1f44ee12e0fecf4b347bdc6,3,,,2017-11-29 00:00:00,2017-11-29 10:31:22
fb83f879a7eff7a6bdc9c9860bc72615,642a8a89c36a8b2f4884cd8e68168247,1,,"nao recomendo esta loja, como nunca tinha tido problema em comprar pelo baratheon n atentei a pesquisar sobre o fornecedor,depois do prazo da entrega ter passado fui pesquisar e existe varias reclamçao",2017-11-29 00:00:00,2017-11-30 15:05:29
1bda9a7017e002a3219616f235ce9c88,3fffdbcdd7ed6b3acdb0bdbc5c96df52,1,,Vendeu um produto que não tinha e além disso cobrou e depois de um mês não entregou e nem deu satisfação ,2017-11-30 00:00:00,2017-11-30 03:31:07
70f7a7a9cb3b6c57d61177f81bb37629,a4f9f0de4e3a9448542ac5a53197839d,5,,,2017-11-30 00:00:00,2017-12-03 00:36:13
7dcbdbf12e770a00d43b0addc428959e,ef21cb9d3fa728f51493d679143b7834,4,,,2017-11-30 00:00:00,2017-12-04 22:36:11
8204724e3facc40626d6ff71da8dc9a7,af922ed57b4035c102a373ebdf34dbbb,4,,,2017-11-30 00:00:00,2017-12-04 10:23:17
9425ae5b9fb6324324c40aff84eaa43c,43d640d9d8add3920e35acc0d8ca9411,5,,,2017-11-30 00:00:00,2017-11-30 12:39:26
c2d7b341874a17e8fd680001be32e7fd,3e4875148a652a619d8615653b4c8e3c,3,,"Recebi dentro do prazo, material do produto frágil, porém atende as necessidades.",2017-11-30 00:00:00,2017-12-05 10:19:16
ea1fbd19c48a016b08c92aa1daf658de,acbe07f22f29ad7e5a78f30008cc6ec7,5,,,2017-11-30 00:00:00,2017-12-01 10:27:29
ff8b888d506efbff7946a52199fabcc5,871785b214cc8a90e501c4a4200f25e4,1,,Relogios falsificado não gostei ,2017-11-30 00:00:00,2017-12-03 01:28:23
58fb3d58b9f55f79e61ef0a85fe38c23,c1f81880aca45c52130764058999025e,4,,Achei q eram maiores. Mas é bom mesmo assim,2017-12-01 00:00:00,2017-12-02 03:39:57
8f43e21835d078b5b95ed928dfb67867,9028ef4088169735678d41597586d167,5,,,2017-12-01 00:00:00,2017-12-03 11:00:25
906794da01f69f28ff537a59c8632c6f,5c92503c98d68728d4c409d18b268c31,4,,,2017-12-01 00:00:00,2017-12-01 23:39:53
0149b75c624b9ab3875659ec920e8418,baa95b09efafaa994da8b394b11f8814,5,,,2017-12-02 00:00:00,2017-12-04 19:03:46
3f1a1547b8d9a775b93de22f64157b1e,f6661fe3177a741fbfd91547b86a00e9,3,,,2017-12-02 00:00:00,2017-12-03 13:48:31
9590cbe590f1e6720cc56bbb29f85921,6ed3f553337457d7804e8c39b580ce89,3,,o produto e bom,2017-12-02 00:00:00,2017-12-03 23:15:58
ac3b80fc82300eddb1240e625b415a95,4e16a9ec5cf02e97e8f7fb665cc89391,5,,Produto entregue em perfeito estado e antes do prazo.,2017-12-02 00:00:00,2017-12-02 23:22:31
d70f2f60fa24caa15c3c4ab6682f7c6b,b719af721da8bc41ee0636c4ca0d7960,5,,,2017-12-02 00:00:00,2017-12-03 19:05:29
e1ada3e98e21147c894e7f7aef456dc4,ffd6f08f294bfa573e0eeb88d6afb17b,4,,,2017-12-02 00:00:00,2017-12-06 13:07:05
ea540055f497e529ce52cfb9c6af4b1e,a826cc67324e880829ebd6954f6ed5e3,5,,,2017-12-02 00:00:00,2017-12-04 12:32:21
07ebc86969dc313d530df6029b59f063,4277dbc4f6e73a6cd3378628f7883f92,4,,,2017-12-03 00:00:00,2017-12-04 20:06:15
33f53a9c351a5d385f4ae51ef12f8f02,1d9609dad08db33f39e233dad7556bbe,5,,,2017-12-03 00:00:00,2017-12-03 20:22:03
b2638de27e641672aa72063ef1a3f9dc,62492d216bd7ca39cab1f24109b6bfd7,1,,,2017-12-03 00:00:00,2017-12-05 06:49:39
f34a64e361d023b1779d67d1b307d1a5,60058a96e9d74aba1c66b86edbd0535e,5,,Gostei chegou no prazo sem burocracia,2017-12-04 00:00:00,2017-12-04 19:05:13
28ce672c53d9c7f49e548550fc80d555,5873a59a3969d04a260ce297ee1b3ce3,5,,"Uma loja segura e responsável, recomendo pois são muito organizado e preocupado com a satisfação do cliente.",2017-12-05 00:00:00,2017-12-06 09:30:01
47f5164be85427ab4cf763027048ecd7,deab869c61051ea9df4fcc0daf282c0f,4,,,2017-12-05 00:00:00,2017-12-06 16:13:03
69d771e1e933ef6563bfe0704ceb4ebb,cf49bdb4bd3a57ea5f439199c69d5911,5,,,2017-12-05 00:00:00,2017-12-05 23:04:26
afb2f75b8631c27b518d72c600084cb9,274954faa1775d863067ba1e0e5dfe9b,5,,,2017-12-05 00:00:00,2017-12-05 21:20:12
b25a2762ee00056d33727f264bd704a4,9ddffc0194a79dd25662255b87eb9e09,4,,,2017-12-05 00:00:00,2017-12-07 23:07:45
15c7f7ae9983c2b379535ee4c700b184,76f27a60facc0c9b7ee8344eeb60c7a1,5,,Produto chegou antes do prazo! ,2017-12-06 00:00:00,2017-12-09 03:02:19
5699dd6cfd3e91519755f2b6cb6a851c,719a96d91d44ae214ba638b02db33331,4,,"tirando as rebarbas com uma lixa, ótimo produto",2017-12-06 00:00:00,2017-12-08 21:55:27
72f6ccb4b4cf569f0c40e03e327d7aa2,ebb2e4c3a4ed0d36a88cb8656e6a113d,5,,,2017-12-06 00:00:00,2017-12-09 15:34:19
a0e272200b32636abcf8f5c1f9a32462,af83f5e5f987977b6420b4763517beae,5,,,2017-12-06 00:00:00,2017-12-09 17:11:26
b0c718cac29db3255a45bb7190afd96f,23e2c5b211e209606334c66afd07fe51,5,,,2017-12-06 00:00:00,2017-12-07 13:24:11
f592cda1f31fab0e13e67cbd638944d0,ebb2e4c3a4ed0d36a88cb8656e6a113d,2,,,2017-12-06 00:00:00,2017-12-07 18:11:37
50fa1de15e4d678a99c81ed6ad725e57,eabb26aeb1ce1147b26952c40f719f0f,5,,,2017-12-07 00:00:00,2017-12-07 20:47:42
651158b78e79dab6721eb7182c286fe2,762e4a2e910d175a0fdabd749ae55d5a,5,,"Chegou no prazo, ótimo produto",2017-12-07 00:00:00,2017-12-08 01:37:41
75835e17857a98494515c6297fb635ee,c2899525db44fcc73342e7713b932dea,4,,"Comprei um relógio preto, porém chegou um vermelho, resolvi ficar com esse por também ter combinado com o quarto",2017-12-07 00:00:00,2017-12-08 02:58:10
7bffa21b5ac613e109c267877a3bce8e,35138e39f9a22af41b39da5df0cc6790,5,,,2017-12-07 00:00:00,2017-12-28 13:42:17
e6f20a4766d7bf389e56816f5d47ac9b,06970f3ad11e6267192d7d98af40a8f5,5,,,2017-12-07 00:00:00,2017-12-07 16:01:13
f709d2ed84a171fa922b29a0e5302683,73e1aa6df2a82994c73c52e4f46f1043,5,,,2017-12-07 00:00:00,2017-12-07 16:57:43
fa46408db4a0302a9a3db2cd5792a391,3cc50a462016d06a3cebf8f5731d3ee6,3,,,2017-12-07 00:00:00,2017-12-10 02:06:16
1e3a3160222fd1297edaa553e5671029,1c3a799cb7d9d4ea2c60a373c8f46342,5,,,2017-12-08 00:00:00,2017-12-08 10:27:03
347b5aad7a1c67bce9428abf62962cf1,1a8128463da10115b1c21e2f0b7ee4c3,5,,Ótimo produto e entrega rápida!,2017-12-08 00:00:00,2017-12-11 22:13:14
3e646699ee9c6ed8a83ebb522db63c52,854f58d1737ef431b98a28f2149a7125,5,,,2017-12-08 00:00:00,2017-12-10 13:39:11
422f673d85b30afd9b2208b9ed47a015,1d8f8ed077e12bbaeb0ee6675167d40f,5,,,2017-12-08 00:00:00,2017-12-11 17:29:01
8db0c437cc66cfe838eb5831ae47567c,6dc67cb39f917644a71c8f9410d6505a,5,,"Tudo deu certo, chegou na data certa e conforme o anúncio.",2017-12-08 00:00:00,2017-12-09 15:03:11
1804674e81424250ff4e9d06bc25195b,ab260012c90cd3ee59bb8d18b97b851a,5,,,2017-12-09 00:00:00,2017-12-09 08:43:40
1bb7b1336749755b1969ece96874855f,486fd37a365a65189747be8c6c4f05af,2,,"O produto não é o mesmo da foto porém com mesma potência, valor do frete alto parece preço de Sedex, mas demorou mais de 10 dias, além da demora p/ postar. Não recomendo a targaryen",2017-12-09 00:00:00,2017-12-11 18:13:35
7756173beb4043ae8a56b621d5767ac9,47fff6498d7050f55018f7c001885f3a,5,,,2017-12-09 00:00:00,2017-12-11 00:57:56
98cb51749a3bcf750ccbdfec2a2f9f13,c037dd9db2ac27aa44381219612e91ba,1,,não recebi nada ate agora,2017-12-09 00:00:00,2017-12-09 03:17:33
a46a7191081c54bc0d8700bf2f177372,f8b625b1a8ae63614f1c171fb18c7a49,3,,Aguardando o produto ,2017-12-09 00:00:00,2017-12-09 11:52:36
d476b60011094d5e08f5b5caad8a0f07,4753fcd70058320b38a45cc68f6de6c7,1,,"Encomendei 3 lustres, primeiro chegou um, dois dias depois chegou o segundo e o terceiro nunca chegou. ",2017-12-09 00:00:00,2017-12-18 15:14:55
0244609017158314995c531f87067e68,f4293a053b040f6515c5b48808a282be,5,,,2017-12-10 00:00:00,2017-12-11 23:38:46
19e78d9c1f792a91967b4f062db42b5c,c03ece81b9b15ca2f4fae4b061076d49,5,,foi ótimo e entregue no prozo ..muito obrigado,2017-12-10 00:00:00,2017-12-11 10:46:41
a0ac18c24b8e15c07b52fa31fd76cbc0,626b349f722088587417d2c277329c5c,5,,,2017-12-10 00:00:00,2017-12-10 18:32:33
d14e42ae3cb681b6ca8f77c679677592,79398f97f77a8ba43fdb4e00b1d44cc0,2,,,2017-12-10 00:00:00,2017-12-13 11:53:30
d322370556504d9baccc4c6e87f1433d,5c748cfa838e65b06c230b1f917ec95e,5,,"Melhor saite para entrega, chegou antes do prazo.",2017-12-10 00:00:00,2017-12-11 01:05:43
a20c24976e5130fdc8ac993ecd6b649b,2d7112fbe786c9c56050866c853e3a7f,2,,O produto chegou rasgado ,2017-12-11 00:00:00,2017-12-13 20:39:52
a20c24976e5130fdc8ac993ecd6b649b,061f2692f309a270bc04537e0a2508bb,2,,O produto chegou rasgado ,2017-12-11 00:00:00,2017-12-13 20:39:52
cef44ab6ff716b6c71a7fa9382521cc0,f3b592ea0db671d3d1977e043d2a1b10,4,,"Boa mala, pequena mas bem dividida.",2017-12-11 00:00:00,2017-12-14 17:28:44
d2a6aa65f5a1dac683e32b1668da5807,5de6387107c3165295d2f19ab2db7be5,5,,,2017-12-11 00:00:00,2017-12-11 18:30:10
0b28e74bcfe3e6d27e0f38401196f2f5,54c4c0c7e9a1d272defcf15ea985bef7,5,,,2017-12-12 00:00:00,2017-12-13 01:08:31
11dcfa9ee29432166f064e85d69d8015,0f43f4cfe3c1717621349b811d2a85c1,5,,,2017-12-12 00:00:00,2017-12-12 19:44:59
4836dd803b9810171446acaa3df7dae4,a7b3902a1a640e1f0d4f861d468c588a,5,,nao tive problemas,2017-12-12 00:00:00,2017-12-13 02:29:14
4e6a43db91acd02457dea1b192456ad7,e6b545944786339d4e5205e99554e8aa,5,,,2017-12-12 00:00:00,2017-12-15 00:12:19
61dd422804ce6b85fdff21357f1647cc,6bef43b399ad748e06bfbd0a31efcfb9,3,,"A Entrega foi em cima do prazo, recomendaria mais atenção e o produto é bom",2017-12-12 00:00:00,2017-12-13 18:43:31
67d2ec1b93f80979b16246cb7ffb6aef,be59e03672bb8d48da16e07a0fb660a8,5,,,2017-12-12 00:00:00,2017-12-14 23:40:57
6df32f98da7ad4067302f8f568408575,6684083994ae824286f8b72945b60758,5,,,2017-12-12 00:00:00,2017-12-12 19:58:32
6ff8dfca7db730ea452b808a036248ab,68507de712879fdc905ed762ee009d0b,4,,Recebi antes do prazo! ameeei *__*,2017-12-12 00:00:00,2017-12-12 19:23:22
a1ffcabc32f7c37e2e529b23205e5c24,9ed3fcbe70866599d450a2a00492f7e7,2,,,2017-12-12 00:00:00,2017-12-13 11:39:38
a6217785b20c23f600161e372a89c40b,510c73928b73404e2d64851f6b4bfdc5,4,,,2017-12-12 00:00:00,2017-12-14 18:04:18
b56a8ba1333e12b711eca05a0eafe5ca,1af8d93c6e62a97baeb370a572abe758,5,,,2017-12-12 00:00:00,2017-12-13 11:28:18
c676e266b6c4ce909594f2f144f2a236,c9fddd8d2730610e00bbcda3e79fdcca,3,,recomendo,2017-12-12 00:00:00,2017-12-21 19:16:11
c880f17947402374c0312bea411a7e18,c79387fbdb009010c07a17127bd21f0d,3,,,2017-12-12 00:00:00,2017-12-12 22:29:26
dea4cf787d108d990ef8a44e71354f64,9183260cf469f329e0804feccc1cf0f4,5,,,2017-12-12 00:00:00,2017-12-15 00:37:20
0fa5a87c37393384a3db02c027d978ab,4054f3a02c9191a518601fba04f06742,5,,Veio bem antes do prazo e exatamente como na foto,2017-12-13 00:00:00,2017-12-13 09:37:55
132b3d7a48d7a301c4650c19ce31461a,df6378bbbc39d69ba74b22e63d3bbeae,5,,,2017-12-13 00:00:00,2017-12-15 01:14:33
1e938ac905f5a97b681b9584b69eda27,0799a27b55977a0aedea205def0a6297,5,,,2017-12-13 00:00:00,2017-12-15 20:21:44
274ae9dd28a3fdd9dc1c48cb5ef3c7f8,b4cfd92086298b1af6fd30b2625583c8,5,,,2017-12-13 00:00:00,2017-12-14 00:00:55
45b256a0dd58d5ccc53fa45af3526254,7937987ff13bd22aa39304d525e1eafe,3,,,2017-12-13 00:00:00,2017-12-15 19:02:22
51a07d91c158838dabae6a8a1b4f4d82,bd3458e3df5a23eb95e6d526dc86bf2c,4,,Entrega no prazo. Produto atende prontamente às necessidades da empresa.,2017-12-13 00:00:00,2017-12-18 14:49:13
94d83670cdd17631a5555a1a0b54fd10,40235386473717246bb2eb10fe48037a,4,,,2017-12-13 00:00:00,2017-12-16 09:59:43
c5abafe4fe3bfe66b6e858857848c7a3,6c6e0980a0b7646b5ccc523ced08876b,5,,Chegou absurdamente rápido. ,2017-12-13 00:00:00,2017-12-16 14:33:16
d094a46e0e73c3beca915e64a6f6b80a,3e4e46d0c15b204178fc5dea7c9644de,5,,,2017-12-13 00:00:00,2017-12-15 17:22:36
0137cc8039d5b0d01b1535c6c7a4a0ab,7787da2148a7cb3d33fb258e674f8a3e,5,,"Excelente loja, super confiável , entrega no prazo, preço bom, satisfação garantida.",2017-12-14 00:00:00,2017-12-15 00:30:37
1be3e4747e1007cc28d78719cb204e2c,65e560b80ca884377880a124eb79a349,5,,,2017-12-14 00:00:00,2017-12-16 01:13:29
38b0602172a4987e0242b76ece30512a,4a91a1ba7768e400ff40aad6730251ed,5,,,2017-12-14 00:00:00,2017-12-18 11:29:59
6191152ac33782692b22f89908f96bab,f5194ba2a4560ffa0e87746852c61fc1,5,,"Tive um contratempo no pedido, mas a Gesieli me ajudou a solucionar o problema em tempo recorde!!!
Muito feliz pelo término bem solucionado",2017-12-14 00:00:00,2017-12-15 00:30:20
80e9808a0d63ca08c3ff6809e338a11e,771b1c1071afb60efdf55afffd0ad25b,1,,"Além de não ter notícias sobre a entrega e não poder acompanhar o status do pedido, o produto chegou quebrado e não tive nenhuma resposta por parte do vender após tentar obter reembolso da compra.",2017-12-14 00:00:00,2017-12-14 23:48:27
c828cac762cf6a53b6b179af1b33bafc,db92c37a984bfe99f6cc7cda7839c86b,4,,,2017-12-14 00:00:00,2017-12-14 20:44:09
cc6171e3dc8df3e32b1b755f826aa0d5,fc62afb57b86ee5363aee2b7c04421c0,1,,ja é a segunda vez que peço esta carteira e não me entregam,2017-12-14 00:00:00,2017-12-18 10:17:08
cd21a93bfe0e439150e852e7975bebaa,a37bfcf3d20f35acbeb8802726c3fabd,5,,,2017-12-14 00:00:00,2017-12-14 23:44:40
1d7e758bfdc2755619d70846eb62b197,0c1426109d8295a688ee4182016bba59,4,,,2017-12-15 00:00:00,2017-12-18 13:21:33
1d87cfe2af1681a2b4549c96189a7443,453b1d86b22e9fdb0d1da9c446dd2828,5,,,2017-12-15 00:00:00,2017-12-15 20:34:59
8710b1ec164fa0cffe108ae336189138,aa732419bf67ca56341e5067fa0bc357,5,,,2017-12-15 00:00:00,2017-12-18 14:32:58
8de5ba106aac86cc7848b9b1128ef65a,7090915026396fe970a03b8c4c6f0d95,5,,"Entrega rápida, produto bom
Recomendo",2017-12-15 00:00:00,2017-12-16 08:02:02
8fde9db6d62938d88c9fbd7666c8e8c5,ed36a885373249eb36b298e9907b5ac3,3,,,2017-12-15 00:00:00,2017-12-18 11:46:11
d1ce47b6a3428152e016c73ffde9481e,e601f404ef484e156f2242dc5ebd5554,3,,,2017-12-15 00:00:00,2017-12-19 13:51:28
e13968dc6b6a0cec450f744805187f5d,b1b0b7314cdf43b80c205664d0199dcb,5,,,2017-12-15 00:00:00,2017-12-18 17:33:39
2882456944926e6f972b1e2ca1fcce19,300f31d0edc9f2e0110bc756c906a154,2,,,2017-12-16 00:00:00,2017-12-16 23:03:47
495e0c169ed8b34e23026986b4a61942,d7c3a90ab28bbb07e47e1fccdbae401c,5,,"A organização está de parabéns, desde e escolha do produto até compra... comunicação de distribuição e logística chegando a entrega foi extremamente rápido e profissional.... show!!!",2017-12-16 00:00:00,2017-12-18 11:39:15
4f50b735266a67f370337dcfeabe027e,40566e07284e5387c3c479d0ac7aab9c,5,,"ótimo produto, bom preço e a entrega , excelente como sempre. As lannister e seus parceiros são os melhores ! ",2017-12-16 00:00:00,2017-12-18 22:43:48
84e6f2e9cee2227fc4955d26bf837f7c,2e571b4487c7119502acdb48043efcee,5,,,2017-12-16 00:00:00,2017-12-17 03:31:36
de9256fcd3e7c48a75141e41955fd86d,0606297cba03ae6663495514f5bdae0d,3,,O tecido é péssimo,2017-12-16 00:00:00,2017-12-27 15:57:55
0ad57b9e68d4d34814464772b6de54fe,75213e459cfe44a61c496c864e0a8c63,1,,,2017-12-17 00:00:00,2017-12-18 04:22:36
0ad57b9e68d4d34814464772b6de54fe,d22f0b06e1519065d7eddb2ba6b79b63,1,,,2017-12-17 00:00:00,2017-12-18 04:22:36
399a89ec5a8b10b491c6e50af20fd5cf,cbe19a86b0486bc9bfe295be1a564ff9,3,,,2017-12-17 00:00:00,2017-12-17 19:51:39
5f9f0747bde2127b2ba70b7a24efaefd,75213e459cfe44a61c496c864e0a8c63,1,,,2017-12-17 00:00:00,2017-12-18 04:23:18
5f9f0747bde2127b2ba70b7a24efaefd,d22f0b06e1519065d7eddb2ba6b79b63,1,,,2017-12-17 00:00:00,2017-12-18 04:23:18
678528ac02a38b281f86d306a3101d34,7296ad758e6c852b351261c5eb31bf51,5,,,2017-12-17 00:00:00,2017-12-19 12:24:06
9e5f8867a536497d576d9f1c7ce1d7d3,96d79140e31422ba9f8f990f4ed1addb,5,,,2017-12-17 00:00:00,2017-12-19 23:16:10
3eb9f9d2563d9e4503d499b4ad9fd003,5296a60e3eef35a29bfacb328de58d94,5,,,2017-12-18 00:00:00,2017-12-18 22:25:02
432dbb53c94fd57512ebcdabe49ce826,92d210ae0a4555c611b5ffdf82bba88c,3,,"DEMORA NO PRAZO DA ENTREGA PRA UM FRETE TÃO CARO, VÁRIAS LOJAS E VÁRIAS TAXAS DE TRANSPORTE",2017-12-18 00:00:00,2017-12-18 15:53:07
7aa705f41f3a6d0f2fb9ecc992fa4e98,6ea05fe0bc7ce79a766cea430fb1ea56,5,,,2017-12-18 00:00:00,2017-12-18 21:51:00
1740748e1d4f41d33ac78e3bc6d19cd0,10c7b16de7ade26ab82b8d6a42017e1e,5,,,2017-12-19 00:00:00,2017-12-19 22:30:50
190a8dfe8687df26f7d40c7d82537883,aa45e41799067f67755e2e4e41925aa3,5,,ótimo produto chegou antes do prazo previsto!!!,2017-12-19 00:00:00,2017-12-20 10:13:02
1ba03b02b9289ad98c16d217b8718364,6c0537a01fc638909ee26a49faa4c8a6,5,,,2017-12-19 00:00:00,2017-12-20 03:57:21
6446bab94e692c7b5c08ab57a59baa78,2fecaf598801440c691c00e5f378d0b2,5,,,2017-12-19 00:00:00,2017-12-21 13:03:36
89a683db127734a980fd88dc060afd8a,b8b6924f004e191923963e8ab1655ed9,2,,Aguardando posição sobre o produto,2017-12-19 00:00:00,2017-12-19 14:20:17
8caf59ba9833ce7b7467e4faea13c4d3,6e228f845ad0d104a3e3c343dbfd0c19,5,,,2017-12-19 00:00:00,2017-12-31 14:27:11
8d23036a0e1e6d1fbbc0df74c6a42ee9,1a144214f8799bd9e27e84ab6d55fbbf,5,,"Entrega super rápida, chegou bem antes do prazo, o produto veio certinho. Recomendo. Muito satisfeita.",2017-12-19 00:00:00,2017-12-19 21:11:25
91d43a23f8c56141b46a080dffc68c8a,9cc8a145d8be894ab07cdbd8503c4887,4,,"Produto de qualidade, entrega rápida!",2017-12-19 00:00:00,2017-12-22 13:02:11
bda2b0a4f12cb5143cf239140a72300f,701908713ef197558a29b03c00fa4ded,1,,"Recebi um produto que não tinha nada haver com o que eu escolhi, totalmente diferente, estava contando com o jogo de tapetes para enfeitar minha casa, para receber toda família no Natal.",2017-12-19 00:00:00,2017-12-19 21:41:18
c8fd9bc725523db8edc6028bfc48d0f8,926282951ac5113c0a44287b4a30d5bf,5,,"MUITO BOM ATENDIMENTO, RAPIDO E PRECISO,....",2017-12-19 00:00:00,2017-12-21 20:29:54
d440b03e9dbd0bd915e4890119037d03,7dfc0c4ee8e0efa633fe97c0409da2ea,3,,,2017-12-19 00:00:00,2017-12-20 02:05:29
e6af7accdd5ee548d1ee9d13ba0798f5,e257fe6c043babc3b737247f4f2a88c9,5,,,2017-12-19 00:00:00,2017-12-20 10:51:29
264d2fd81599b4c17af4a6e91dadddc5,156168da8a5dcb5224afcebe8b0a9c88,5,,Boa compra e entrega antes do prazo,2017-12-20 00:00:00,2017-12-22 21:25:29
34607a81539003a1cc38e8f8942d6e0b,d719d2c72e0dfc9d994ee85c1d594861,5,,,2017-12-20 00:00:00,2017-12-21 01:21:12
9593b7c565b1750007dce44d0f15c61f,4556e8c7a1fb280f57f939007f33c799,5,,,2017-12-20 00:00:00,2017-12-25 21:01:23
a277243fc9c9e9b66964a2c5ae489658,04b8c60eb3cceaecde917716daa30bde,1,,"Essa parceria não foi boa , não emitiu nem nota fiscal e não mandou o produto , e pelo visto não vai mandar , péssimos parceiros ",2017-12-20 00:00:00,2017-12-22 10:25:06
a3c6b232055e299c4e570518be92c6e5,a542babfe6f6339952a1f699ddc1868b,3,,,2017-12-20 00:00:00,2017-12-24 09:32:07
aff2be4070c0fc9ee6e65c9db170d95a,e460c3e09735ad9e71e6e6b84d5cd085,4,,produto muito bom recomendo sempre,2017-12-20 00:00:00,2018-02-07 12:05:35
b10ddf87a3c5262ef7eb2d612465ff1c,4d6654ead4a57a151e3df6fb20052675,4,,"Muito boa, recomendo",2017-12-20 00:00:00,2017-12-20 22:59:28
b258b70dedc95f963e9c346803cdf3cf,a23f7ba42e3c12b58d1e24b1b7615d05,3,,,2017-12-20 00:00:00,2017-12-22 22:27:49
d21c2d2803f7e68eac4520e06fd5c1fc,7c94a691cda1b50778849a3e52d45dfc,1,,,2017-12-20 00:00:00,2017-12-20 13:22:50
da2f4d2486526e3e1f74498d5590a9f7,bd54f9327a96271651655fe63b50ec1c,3,,,2017-12-20 00:00:00,2017-12-20 13:32:35
ec72e8db6271c9732565ac1aef57aaa3,003d804eef0e1b856881cd18e0cc0d4c,4,,,2017-12-20 00:00:00,2017-12-20 03:29:32
04e7d4a5b8d501f30d43ba26489202a3,c94821db10df06a6d17a8054d3a0b919,1,,"Firma não cumpre o prometido, pagamento foi feito à vista até agora não recebi o produto.",2017-12-21 00:00:00,2017-12-22 12:30:28
170e0673128561381a64a45022ae248d,55f6044cecace75277ac3fb0335bf9a5,5,,"Otimo produto entrega dentro do prazo super recomendo
",2017-12-21 00:00:00,2017-12-22 13:43:53
230f4e25eaa8479ee9edef4a5095a32a,d7db188906a24b4ae6a02dc37693752c,5,,,2017-12-21 00:00:00,2017-12-22 01:36:26
6cf70f26fca86f5115330357d18d7905,676dc08d3b7a83fc6f45f5e0eb1a2d9a,5,,Satisfeito com o produto. Entrega no prazo.,2017-12-21 00:00:00,2017-12-21 23:34:15
781d33aad20513c4fa64fe0a0c8fc8ed,3b6411f7911e3b69fa3f27220c7df366,4,,"Recebi o produto como descrito , entrega super rápida em 3 dias ...agora vou começar a usar pra ver o resultado 😉",2017-12-21 00:00:00,2017-12-21 23:08:22
870d44841005f655f18e64b097ef3a31,2dff08c63cc9d29788c8cccfc3799bf4,5,, Produto chegou na data prevista e de bom qualidade ,2017-12-21 00:00:00,2017-12-22 10:44:40
ea45102958f9e94306a487a22ec5b03a,209ee6cc42b6f0628db36da5d69fd1f7,5,,,2017-12-21 00:00:00,2017-12-23 22:39:49
fafb560db0bc85e7dde655a040c9fea7,06c94a45382f44abb2968a87bcee9bcf,5,,,2017-12-21 00:00:00,2017-12-23 18:00:11
073537c4ef29889655c66efb36e94510,d11fc5b9e5bf7a0c4ce41b04a59f0154,5,,,2017-12-22 00:00:00,2017-12-23 12:54:24
30a09aeacc06a733080118c609cce06a,e36821475008c5656ee16e2433f91133,4,,Dentro do esperado. ,2017-12-22 00:00:00,2018-01-03 22:47:40
5d8ce70e9032c45323ec35f92d27f29e,85e414384871e93a0c457ccf0b0d68b8,5,,,2017-12-22 00:00:00,2017-12-26 09:58:03
71a98176713dc6c343addd3d36f29cdc,f92cfbd80ead6ae168b77674a374b196,4,,,2017-12-22 00:00:00,2017-12-26 00:52:12
9333f18c127d3d2ba80086ba83100556,594c468bf0e84130d7184c7c872d7e11,4,,NORMAL,2017-12-22 00:00:00,2017-12-27 01:34:22
a89701ddb37339ce9758120cfb51d67f,8ef7f8c19a00b45667841442d36ad903,1,,Produto não corresponde a imagem de venda ,2017-12-22 00:00:00,2017-12-23 15:08:13
d46786ab2d92ad9c2833dfbc8b084028,cb503219f1a73d8a4dfe8561be373c99,1,,,2017-12-22 00:00:00,2017-12-22 03:05:29
e3202ab4aa6f3535d84cc56f4dbb10ef,c33d265d1050e0a3ddf9796301141a81,5,,Amei o produto ,2017-12-22 00:00:00,2017-12-25 12:50:46
fc87f6138b7b0e5d38b3ce7ca78cf766,394706e9971fea983907cd09aa349ed8,1,,"Foi pedido um kit com 10 unidades e foi entregue 1 unidade , faltando 9 peças.",2017-12-22 00:00:00,2017-12-26 13:02:26
2d92a73ecbe328cd261455d4fa0553bf,4d0de3f8be3ad40e85a5d6fe37054d9a,5,,RECOMENDO LOJA E PRODUTO,2017-12-23 00:00:00,2017-12-27 11:12:15
5ba06f7c2b7d7ceb0ef53fa40df828de,10516d5059a1ebd2841eafd0124d43ba,4,,,2017-12-23 00:00:00,2018-01-01 18:11:42
6ba07addfe8e0b4e38f5f92f33207dd9,e60892b75a62acf30d28e0423f8ba80c,5,,Entregou antes do prazo. Adorei.,2017-12-23 00:00:00,2017-12-26 11:26:20
78ac5dd33c67089b63c97589eec4729a,a11b617c5514af0a6b5181041a897b39,5,,,2017-12-23 00:00:00,2017-12-23 22:09:19
bb6987a0ebc2d1585bdbaa358944d951,e4c2e14a7b74c353045f9b611e4e87f7,1,,Produto que não passou pelo Controle de Qualidade.,2017-12-23 00:00:00,2017-12-23 19:35:00
17b8f86a2af7b6e51917f52819162a1f,1d3b8d78074e0b50f10346941e67e9de,1,,Produto não chegou ainda 30/12/17,2017-12-24 00:00:00,2017-12-30 14:03:19
414dba935769d2ebf94eb1717b2a8823,0a4717812af08b022a25c46f110d881d,5,,,2017-12-24 00:00:00,2017-12-27 14:06:26
612ded33cf887d99c06d9599c2c01377,5837fff4c5c9ea52b2e96674efccbc66,1,,Até o momento o produto não chegou na minha residência e a loja não entra em contato ,2017-12-24 00:00:00,2017-12-24 09:02:35
681f8011c4471f9830de066737a6f5c1,151a3f0bc95fa85152c33fb906012832,3,,"Produto chegou além do prazo estipulado.
Devido a este fato, precisei comprar outro celular para presentear meu Pai no Matal, pois o mesmo precisava ser entregue em mãos no Rio Grande do Sul.",2017-12-24 00:00:00,2017-12-26 22:57:05
7b2de5c9d7e1cc9ecfbd4166714d16aa,9855d762d535fda66aa7f273116aa77d,1,,,2017-12-24 00:00:00,2017-12-24 13:26:19
b415039bb925eea89722e0acb17b4657,1c518c9a4da98619eea4bc6fb9651832,5,,Feliz com a aquisição.,2017-12-24 00:00:00,2017-12-25 13:03:31
f49754ea0d72fbdf429f5a4f97712538,9af6f205c7247ac28685a350094ce865,1,,Ainda não recebi o produto sendo que a compra foi feita em com antecedencia,2017-12-24 00:00:00,2017-12-26 10:27:28
12f86e081d9ffc204563fd00fe1b23b8,1a46043f18f483b119bbeebb563aa77a,3,,,2017-12-27 00:00:00,2017-12-28 00:00:28
1ef2ec9e7697694c6ec7385398623ca3,4955ee3a893b3b780fedd621473486b7,4,,,2017-12-27 00:00:00,2017-12-30 00:36:08
28474597c09ad29b3454f2a5825e4431,34e578b2d8c11db4288447dd459f9690,5,,,2017-12-27 00:00:00,2017-12-28 13:20:19
4d3c7a0dc25b336aa8c6e83aa00d2368,b46dae9e3868b50ceafa02001dd5a1e0,5,,,2017-12-27 00:00:00,2017-12-27 23:09:01
aa0f0230b76a3cb295ef73e2c2de3fe8,3f79a9c310a0d09cddd05f95b3ebb4d6,5,,,2017-12-27 00:00:00,2017-12-29 22:33:33
b5673b22912d7b62d89bfb7c11ebe4db,733022e671d2bb3d8f678175a31177d0,5,,,2017-12-27 00:00:00,2017-12-27 22:43:33
f5f2296143c94f204ca379de94441652,0221d784b11a24077b3531e860b73434,5,,,2017-12-27 00:00:00,2017-12-28 12:30:46
09b698963b0259be2b1667cf14d94ae7,3f4d752085db597cc5c802381e0a2488,5,,,2017-12-28 00:00:00,2017-12-31 09:08:36
10501b9e86af47dc21f094d7378f9d89,6d8d761e59ad4c88b15467b203d3367e,1,,Não comprarei mais nada no app do shptime que não seja vendido e entregue pelo baratheon. Estou no aguardo de uma resposta!,2017-12-28 00:00:00,2017-12-28 02:44:20
2e2d91d4eb6b4bacbee0b85283aadc19,3ea886b4bdd5f739ff9eca6e87e08d18,1,,"o produto veio incompleto, foram duas bandeijas e so foi entregue uma, e a nota fiscal vei cobrando o valor de duas constando so um item na mesma, muito insatisfeito",2017-12-28 00:00:00,2018-01-02 17:45:12
33e366e1dbd934d14948b75ef09c1461,742dbb1a78c6cd58266bd0ee8fa0c89e,5,,,2017-12-28 00:00:00,2017-12-28 21:03:20
60c751e01f4709971c85f576a0a048c9,87625edd5358ed519f479259e703b1fa,5,,Recebi até antes da data.,2017-12-28 00:00:00,2018-01-05 13:40:52
799e404d68f4ca02b994adea7fe4d210,89cb4134e0fefa08caaca5c92dce938a,4,,,2017-12-28 00:00:00,2017-12-30 20:44:49
9069ebc7eab990425c9fdd371f5b354b,3c964e5625c2d5b6ace8c0b038a03460,5,,,2017-12-28 00:00:00,2017-12-28 19:59:07
9cb929eff1f17da1b2d8aee32ca60491,dd2f898dab99df4fea7aeb02b77fcd25,5,,,2017-12-28 00:00:00,2017-12-29 00:34:54
b8e9911d237366c60c744d61d5816c60,b1135445c9efaedf0b492762d692bbcd,4,,Muito bom e bem antes do prazo.,2017-12-28 00:00:00,2017-12-31 02:22:55
f970a021fb52df3d30e9d5e61fece7bd,241de5ef157f84bf8aa6c7ec7cc6f113,4,,"Recebi o produto bem embalado
",2017-12-28 00:00:00,2018-01-02 11:01:00
228d42d59bab8eb598ebb9adf6335bec,699787f56da4a1d2e5ef4ac575681986,5,,,2017-12-29 00:00:00,2018-01-03 00:54:19
3e282511e8beeaf0367ba03f6d50e507,d6735b4006968f903a39b74f740dac04,5,,,2017-12-29 00:00:00,2017-12-30 06:04:57
526589ffe74230fe3018a40114469877,314309621e99dff004e43be09afbbb3c,5,,,2017-12-29 00:00:00,2018-01-02 14:35:43
54e3c02158330e39788bcabcbb268031,830f2dd158e996fbc6d363d90978d530,5,,Mais uma vez comprando nas lannister e muito satisfeita com o produto e a rapidez da entrega. 100%satisfeita!!!! ,2017-12-29 00:00:00,2017-12-29 22:54:18
573175da6b2557043a11d9996d0cbc47,15044169648e6a6e9b1ffe21405b6391,3,,Veio com defeito,2017-12-29 00:00:00,2018-01-06 16:52:32
bce3d0e399cc029fddbb8f366abedcec,4759a81f4e1a2f8f8a7fba72b1f29868,1,,,2017-12-29 00:00:00,2017-12-29 23:59:00
bebb648b230a0d0cbe29708e6327a242,7166be578429d02a7a8b066cfd4a7969,5,,,2017-12-29 00:00:00,2017-12-30 10:51:49
e289b2c66b6dac89145a1e291cff71c5,0159b449009b3f8748ed7c56e9d84afe,5,,,2017-12-29 00:00:00,2017-12-30 22:12:45
4480d14399a613d62d25c7cd774074f2,f0d7cf07c69af0fc5220aa73b44efa81,5,,,2017-12-30 00:00:00,2018-01-02 11:09:56
54e5ac041fa070ccb4db7595b2e451ca,cb9dbf05ec6c88696a808bd2ec55f31a,4,, ,2017-12-30 00:00:00,2018-01-02 00:56:37
56e6dbd6a74f545ecd2291d938a0f3cd,ba242a1dd9c9df31f97af85c25e0e1bf,4,,,2017-12-30 00:00:00,2017-12-30 23:39:41
5d9e701391b67b1b524f29ef4df772d9,a1a43def14457b1136b6fb625b7553aa,5,,"A entrega foi super rápida. Fiz o pedido no dia 27 a noite, recebi o produto no dia 29 na hora do almoço.
Ótimo produto segura bem até as facas maiores, veio muito bem embalado.
Loja está de parabén",2017-12-30 00:00:00,2017-12-30 14:41:44
84d18a69e15a7dbd4311a010eb0f8383,3e22545eb8e4b43efed7c34d5a8be84c,3,,,2017-12-30 00:00:00,2018-01-01 12:35:45
979f7f2906b59818d05279c855a45243,d1b501557cbea543fbaeba346ba6ca8d,5,,,2017-12-30 00:00:00,2017-12-31 00:11:48
a419f6e102655ce2eadeefcc892c0903,2285f789479857a3883d50453a7279e2,5,,Produto perfeito e original ,2017-12-30 00:00:00,2018-01-01 21:13:43
a7c609ba8760ea2235d4bd61a0f4f7d5,9dbf98463571bd46e501a18aa7c2899a,1,,ótimo e recomendo nota oito e meio.,2017-12-30 00:00:00,2018-01-09 03:37:42
a889b39da3bcf7042712c02de58f2a9e,a113213b73eab23b8cc9744a43f7f65c,5,,"O produto é muito bom, atendeu plenamente minhas expectativas.",2017-12-30 00:00:00,2017-12-31 10:20:37
a9e359a0e3320a4f6d57719fc5fed121,199333052066b5ab18aeb76df7c69429,5,,,2017-12-30 00:00:00,2017-12-31 19:50:14
ca040c65a6d84064966b1c13f1f54be2,3fbd798d7e8c262456edce32abaee496,1,,JA LIGUEI PRA VOCES RECLAMANDO ESTOU AGUARDANDO UM RETORNO,2017-12-30 00:00:00,2018-01-02 18:43:36
25611b2ada4ab6faf084e59c69b3e9cd,20648e7d48939d4edd1dec4781fc1680,2,,"Dessa vez ainda não recebi o pedido, muito demorado mais de um mês aguardando.",2017-12-31 00:00:00,2018-01-05 16:43:13
54f2b6d2b97110d4a05bb988a8cb94c2,73aff38a1baa00056cd97d9a0e8e0c4a,4,,,2018-01-03 00:00:00,2018-01-03 22:05:55
6f6f82d86f3d6edfd5d96b90c798ecfe,2b29ddaabb47afeacb5daa2c68670baa,3,,,2018-01-04 00:00:00,2018-01-26 12:28:25
7fb3cda2a758c1efe3486137c2db84e0,b75335994c32baf97dc6ab68ecc64e4f,1,,"Minha solicitação de devolução do produto não foi respondida pelo vendedor targaryen, mesmo estando dentro do prazo legal para desistência em compras on-line.",2018-01-04 00:00:00,2018-01-07 06:31:06
826a0715b02db901d9ef4a4201c6df60,0ffc72fbf456655a67de48c1bd094594,5,,,2018-01-04 00:00:00,2018-01-06 02:21:24
854ce3274684322d2ad677b5246530c0,b8fdf0a70040d5461adca8f95ba4171a,1,,"Comprei dois produtos iguais, tive que pagar frete separado. E pra piorar umas das encomendas retornaou e eu não sei como vou fazer para receber minha encomenda. Não recomendo esta empresa.",2018-01-04 00:00:00,2018-01-05 16:15:21
888f11883ff85fa5c07e6ae1192d85c4,248907ae8054cb8e93d5aa44857779b4,5,,Cumpriu o prometido na compra e com o uma entrega em tempo satisfatório ,2018-01-04 00:00:00,2018-01-05 23:30:00
9ddc165fa13ef1d774d7e5321f185f77,12aab7cb25bc6ae86c66cb3e7dc35a76,5,,,2018-01-04 00:00:00,2018-01-04 21:40:33
d2c20e56bd07f02e627f0b444783669b,a8afd0d68136bf98efa8ecc64a0df6c1,4,,,2018-01-04 00:00:00,2018-01-07 02:03:06
e47846f0109c4f05340e827c318f1e28,c26761f0a70b2b7e0bb437aef502ffc1,4,,,2018-01-04 00:00:00,2018-01-04 21:01:38
f57f092b1bdc4ebe6359ac73a409feac,6a3c03b4d8dd9b6cf04b7c09c5cf6627,1,,"Entrega de merda , até hoje não recebi ",2018-01-04 00:00:00,2018-01-04 16:11:30
f97d3fb143fe28100ecd3f2359b36f40,cdaa3fb8ca6c3e104eb00fe8a33c88f6,5,,,2018-01-04 00:00:00,2018-01-06 22:24:28
9f48a1945aeeecd3d70cdfa7520197e5,e35528176e3374bcb21842931b5a3e8a,5,,,2018-01-05 00:00:00,2018-01-07 21:07:15
b82da600dec72e73baa60ea2d20893dc,137d0174b6161980026a858b907762fc,5,,,2018-01-05 00:00:00,2018-01-06 10:40:37
15996625ce58ca03e5b9c6c5d29b5346,55ca27587481961b3a085c32da46f015,4,,Gostei muito do atendimento e a entrega muito rápida!!!,2018-01-06 00:00:00,2018-01-09 01:38:00
29978e0295beaafa1d774ee406272040,fd6519b24982de9aec35784b4bc78d2b,1,,O produto estava quebrado.,2018-01-06 00:00:00,2018-01-07 19:24:05
8b2f6a5fb674d11fd1d3739db2f61d7a,2f2f33a69a673fb2559f95de9f14538c,5,,,2018-01-06 00:00:00,2018-01-07 20:14:13
ba69d8c9ff524792f380378510bdae64,b8fdf0a70040d5461adca8f95ba4171a,3,,"Comprei um kit para casael e um para solteiro. Apesar de tê-las comprado no mesmo carrinho, paguei dois fretes e as encomendas vieram separadas. O de solteiro não foi entregue na minha casa e retornou",2018-01-06 00:00:00,2018-01-13 00:53:57
d080eec1f1db9865cee32ba5a2e3c9b8,e3770527e77ed1a6d8b5992c286dc4ea,1,,"Recebi um produto que não consta o selo do ipi
 Que indica que o produto é original. Tbm não recebi na cx origina",2018-01-06 00:00:00,2018-01-09 00:02:14
e8eaa9ca359c47996e4f7aebafa0c354,1cba415ed9929ef8517f8915b418bbf4,5,,"Produto de qualidade, recebi antes do prazo previsto! ",2018-01-06 00:00:00,2018-01-09 03:37:14
f5af70e7cdc8235645f407c3ded041d3,0b3d6a94ff1d643af663f55ca8418520,4,,"Atenciosos, culpa do atraso foi dos correios.",2018-01-06 00:00:00,2018-01-07 19:17:26
c5bde0425f768ff0d98e75e03cb17972,0b7b12a402b064d880d3cb31051f6d29,5,,,2018-01-07 00:00:00,2018-01-07 13:10:33
e3b6a7b02e1555af7986199ba9a1a79d,4adbbb43be305843794e05fc4265f143,2,,,2018-01-07 00:00:00,2018-01-08 13:44:03
f41f45f2eb10cfe7d05070d62e850959,63e7f3b68db3707aee7cb7b4c10db358,2,,"a entrega encontra se no prazo,
constaria que entrega se antes pois necessitaria do produto antes do prazo determinado.",2018-01-07 00:00:00,2018-01-08 00:35:51
6ec19eabfbe094a51875e1a6e922226d,467d8823c7b37e758ad17a9a61c347bf,4,,,2018-01-08 00:00:00,2018-01-08 17:32:10
041b4c56f7d1b7028d1ed8e187fe90d8,11a9b7e0a0da34849647a487b13ef821,2,,,2018-01-09 00:00:00,2018-01-09 23:52:29
12b537151a5e71612763d55a3d9e326a,eb6c151662d92e0f9c6b1c3f30122348,5,,,2018-01-09 00:00:00,2018-01-09 19:05:44
1379a596eb27c5d21583b66d93170415,80d0ad65de53f6ff0e3ebcbc52d3b3b8,5,,,2018-01-09 00:00:00,2018-01-10 22:22:05
2bf71b1ab37b3f974f4f49c571f6f9c6,b9189dcba2f5219bc348356dce47d124,5,,,2018-01-09 00:00:00,2018-01-11 22:44:13
3ce848737d53b38f7d1af765ede36c3d,bb780bb5301c5109cb6eb07d06f3bd14,5,,"Gostei muito do produto,panos de prato lindíssimo ",2018-01-09 00:00:00,2018-01-10 00:06:17
9e7e0ab92a801a5701d9dcdc323f24bf,975d1705d55439b69ab5bdbe5195624c,5,,Super ágil na entrega e produto de qualidade.,2018-01-09 00:00:00,2018-01-09 19:56:33
b1a92c5ee9165644e1d118ec4e4716d9,7ae08d7647a19235b8c81f7769a1714a,5,,"Muito bom
",2018-01-09 00:00:00,2018-01-10 01:52:30
de244518d832a5dcb8afb26aed363758,bab38c27fa5095e8c2d70c3973cc78cd,4,,,2018-01-09 00:00:00,2018-01-10 22:55:04
df35a0c4ec2c6d1167a808da2ca52b3c,42752f96b7094cee19928f7b4317d7c9,3,,,2018-01-09 00:00:00,2018-01-09 21:36:00
1aba8982c58c746ea45cad31280c7e21,341ec2709ac1eea8f492c24d31a06942,1,,Meu produto veio com defeito e comprei um e veio outro no lugar,2018-01-10 00:00:00,2018-01-11 11:58:16
1ba3f48ae1d71de12096f7f35a44128c,62721ddb070ffb1e00edd35d85a2f616,5,,,2018-01-10 00:00:00,2018-01-10 19:12:02
28c379f98ce264691dcf9639a13d7ba9,7532f61a8fc7649fe822d89af2ff0a76,5,,,2018-01-10 00:00:00,2018-01-17 16:52:48
2e964f101b6b084977d8b953c7bd9f0c,e40ab8f901bb919f04246d31ab76970c,3,,,2018-01-10 00:00:00,2018-01-14 22:04:22
42f877b272ea469a4f1cb3a43981b16f,7ef689cb709f1d6e42a9f52a93e2da25,1,,"Comprei com 16 dias úteis para entrega, levou quase 30 dias, tentei entrar em contado com a targaryen e não tive resposta. ",2018-01-10 00:00:00,2018-01-10 21:24:15
4ba5068b921d3e5999d6ba2cabee8725,e0aee1eb2d57773753d8744277ddf472,5,,,2018-01-10 00:00:00,2018-01-21 16:58:59
8dd3ab3e5068274e83cbd13cb78cc0c4,121e29055e551edf515b58477ca53c39,5,,Tudo maravilhoso! Atendimento 10,2018-01-10 00:00:00,2018-01-10 21:05:56
90fdf0d26600c67b9b2755e273b03874,f9c47932f5342ee9c86d3492bc4e50f5,1,,"Até agora não recebi o produto que foi comprado para dar e Natal Natal minha filha, quando ligo ninguém sabe me dar uma posição e fqyei no prejuízo.",2018-01-10 00:00:00,2018-01-10 10:40:51
a8103ca2dadef72450e6a44a3976e0fb,99cf0f831c62dfbd52e4523910879f0d,5,,O produto foi entregue antes do prazo. Loja recomendada!,2018-01-10 00:00:00,2018-01-10 19:52:28
ad7fff49bb6b89f24964253884cab336,e5c32f239371faa3bdade23da46b2921,1,,A loja não respondeu minha pergunta e não recebi meu produto. Comprei na stark e não na targaryen.,2018-01-10 00:00:00,2018-01-10 02:58:31
dcea66782595ffefab5fc52e1835a0ea,e19abb91d2afddbb8df6f4cffe899579,4,,,2018-01-10 00:00:00,2018-01-10 19:32:34
2a2a1fda017244fb14ecb3efc78b050a,08db2dff56f31598b313e96bd2b04520,3,,Prefiro opinar após receber o produto,2018-01-11 00:00:00,2018-01-11 20:48:03
886833ce50b192e7342c0dff1d58cf26,70a186c8d58272cd86453ce487362fc2,5,,,2018-01-11 00:00:00,2018-01-15 21:03:30
976826d5164d3c7cba084c5c9671b4bc,b73b19c4bb2d3aded7b9714199bb83eb,5,,,2018-01-11 00:00:00,2018-01-12 16:39:28
0099624e6431adc5664e9f93d2b4f4ae,a6d26cc151cf55506e5fa88970b09edf,5,,,2018-01-12 00:00:00,2018-01-14 20:25:04
0df897b13124d5aa020649a1446af138,ea4379fe06f33b88de9ffd4fcdddd6ba,1,,"Creio que as lannister não deva ter culpa disso, produto de péssima qualidade, vou devolver",2018-01-12 00:00:00,2018-01-12 23:08:58
1a658696806103c3517fd854f59399c5,75926452a6f0f64a617dcb3b3b35a96e,5,,,2018-01-12 00:00:00,2018-01-13 11:32:42
31064e8c3fe918db73cf8a7f2ba48780,9b4b42fc4f3a0ff13e896d031a9723c8,1,,Consta entregue mas não recebi! Já chegaram outros que comprei pelo stark também e esse não.,2018-01-12 00:00:00,2018-01-15 22:50:51
32d562c9be569d94536a9d1a52030ce9,e576bdc500f0c1c9a1b2a3ccce7000fb,5,,,2018-01-12 00:00:00,2018-01-12 14:43:05
404c24ad75e8285ccb904e41fd6ab0ec,f3c19ec2622d12aafeb4c32621b951b2,1,,,2018-01-12 00:00:00,2018-01-12 10:32:56
656fba433b3bdabed53c2ef0c539d76b,a5f429a0b94f15b78d957ff59c461c44,5,,"A entrega foi muito rápida, adorei ! O produto veio super bem embalado, recomendo.",2018-01-12 00:00:00,2018-01-13 01:44:39
b711d5faadbfd45642148c497a2a9fd2,b79fa3320d9e28aa6994cd6864da40ba,5,,Como eu imaginei,2018-01-12 00:00:00,2018-01-15 00:19:57
c577faa817a66c6f1492728435f53cd0,97e11582eb8cdd7b83e35a4243d81f79,5,,,2018-01-12 00:00:00,2018-01-14 22:44:58
0535b2f2d113f2de8685c2473bc370f5,f0b3358d0acb067d9c09d3fb376a5e0d,5,,,2018-01-13 00:00:00,2018-01-15 20:03:40
762985f23f94383fccb17804fc11130e,d465c10f1f89099cfd6c57cd84249f6f,5,,"Muito bom entregue antes do prazo ,muito bem embalado.. Recomendo a loja. Voltarei a comprar.",2018-01-13 00:00:00,2018-01-13 17:59:31
7ba41d88901ae917762a7a0003d7ec8e,c36fe9947bce36c97cd3eb1a5c9303aa,5,,,2018-01-13 00:00:00,2018-01-14 14:52:57
93c53144f36fe62da38118345cdf2ee3,52593a44fbe53f7472cc1560a85b1cb0,5,,,2018-01-13 00:00:00,2018-01-15 09:28:56
afa798b2c249e1363e2387e4da3079d9,0e3743eb1b447eb4747eaafc9221fb41,5,,,2018-01-13 00:00:00,2018-01-13 22:38:23
b82ee94f9ecb9e29cd0f94d7d1b68a28,cdc0800fdbf7580a26201f0a1529ee1f,5,,,2018-01-13 00:00:00,2018-01-15 19:58:11
e0aac68ceaad118c23e117f44a78a308,b17bd9337504cfa6cc07d6e08fe9c884,5,,,2018-01-13 00:00:00,2018-01-14 18:20:18
0f3fd6f52a4fc4e9166c16531cccd24d,6d6175b9c1b238c3d6b510b070f96ed1,4,,,2018-01-14 00:00:00,2018-01-14 14:38:43
3e6133a354d7e33e6e5ea0468bf2b8f7,57e84fe39881c28f3079d56d038459e3,5,,,2018-01-14 00:00:00,2018-01-14 10:02:04
5332b72bdb781ad2bd607c774c450563,8fd10b4326b26a7131022cf8f659abef,1,,sem pontualidade,2018-01-14 00:00:00,2018-01-19 08:29:01
b4329e8ea138094db0568b16dca9c99b,ff978de32e717acd3b5abe1fb069d2b6,5,,"Ótimo produto, Recomendo.",2018-01-16 00:00:00,2018-01-19 00:10:04
e483b0b8959fcfb87dc41e43e575a251,754f7ec0dafafb537986302c08311dc6,5,,,2018-01-16 00:00:00,2018-01-19 01:19:17
1ba1dfcc16292571412a314c19fe467d,9f7fdd2f2c7e4bb38623b722c3782e5d,5,,,2018-01-17 00:00:00,2018-01-20 00:23:34
46ece8fa0ede136f5ab1db65be230f28,46ed7de79e3d33078ef83b3d1a75c182,5,,,2018-01-17 00:00:00,2018-01-25 16:10:01
50c445ad6391c334bafbfb967fff0309,571ceb25e5db8f2493bdc932ae31e994,5,,,2018-01-17 00:00:00,2018-01-18 02:05:32
5b3fd6f4ac0a822aaaf3028dac61a660,c2036cc87daa31d91f63b204717a9602,5,,,2018-01-17 00:00:00,2018-01-20 09:00:52
baac5b111e58e99c1715d9269862ca4c,9564dd2ea4d0f6f0f66b46258208ff73,3,,,2018-01-17 00:00:00,2018-01-18 18:04:20
c5f77467d2b2452f47c4d7138c507cee,f6f4658567da4b739eacf70531b041df,5,,"Excelente produto, entrega mais rápida do que o esperado",2018-01-17 00:00:00,2018-01-22 03:30:58
ebdf891968cdfb2e4a1dee3805c81bcc,7d3636cf3c3e12cd619c2ba47773c24f,4,,Custo beneficio excelente.,2018-01-17 00:00:00,2018-01-28 11:46:46
2430f56a47df413a058b34cd9b76b1bc,cfb5c71374e62ce7dfd7688c5adcd0a9,5,,,2018-01-18 00:00:00,2018-01-19 01:43:42
2ed4042acfff47618821e6d6306515cb,f9f9db702438563b3248048f436bf2a0,3,,,2018-01-18 00:00:00,2018-01-21 00:47:47
479455dcf5c7b17c5025011776ac844e,d4c1356b86dcc8a86c603174ba27d9bc,5,,"

",2018-01-18 00:00:00,2018-01-19 11:16:25
870c5f4c320807e99256e64a167a149e,dd691e4f12c592067339680ffc3dd443,3,,Produto não funcionou corretamente,2018-01-18 00:00:00,2018-01-21 19:44:22
bd26576eaf85aa202dfc26dfc09aa02d,2c898efc01eadc9d297ade3fd9fe540d,4,,"O produto e bom, o envio foi rapido.",2018-01-18 00:00:00,2018-01-20 07:32:38
4ebb568be121953ebf73e8643aea1570,143a9d75c62a9bc296541b7318f8a8bf,5,,,2018-01-19 00:00:00,2018-01-25 08:21:54
ce1bf56dfcded738a7bfb1e6eb1938fb,1bda188949c33f08bbd8a295ecd2c05a,4,,,2018-01-19 00:00:00,2018-01-21 20:22:49
d5e9b17535d5826b29ed4473ac875e35,17774450f243f686546b04633a04dbdb,1,,"Fui até os Correios do outro lado da cidade buscar a encomenda, a caixa veio com as especificações corretas do produto mas ele não possui HD de 1.5 tb veio hd de 290 GB. Temos que resolver ",2018-01-19 00:00:00,2018-01-21 12:31:21
e0045b7a2dba4118b988ff3ac57b5562,97790d570870606aaa458c9ddad507c4,5,,,2018-01-19 00:00:00,2018-01-20 06:54:00
804d2ef4fe65de2903187b80ebfd1a88,8c0d3e155b9fbc9742ec0200abbc6c6f,5,,"O produto chegou antes do prazo, é perfeita! Amei ",2018-01-20 00:00:00,2018-01-21 16:55:20
838f0806c4e3c233c8eb69f93e8646f1,0e577169a545cf287894094d0146feba,4,,,2018-01-20 00:00:00,2018-01-23 11:43:26
862a010db286ea7a6f2e800d01684a74,e1d6a83cd8b98c4eb29f2bb0f5a07138,4,,,2018-01-20 00:00:00,2018-01-22 17:55:17
9017ccdfcacf1df23aaf52d7de89b00f,eaad68bfbcd87a733cc317cf18af4bd2,5,,"Amei muito linda a corrente, é para presente !",2018-01-20 00:00:00,2018-01-21 13:20:55
b7267a22bbde6db12f50b67753d6b59e,6f5e589af963263dc343906250c323ce,5,,,2018-01-20 00:00:00,2018-01-21 14:29:40
bdbd44d85844c7f2af125c10ad92bb5c,161b62294734a5b8c35890b6a607c7d8,4,,,2018-01-20 00:00:00,2018-01-25 03:53:40
02f60705d83e090b18c2935f4ae6f2d4,9587bc545d7f5e1b8687a14fb3d2f6a9,5,,,2018-01-21 00:00:00,2018-01-24 14:19:40
60f5f0a052e9e69714ac1cdb485b8715,5795641bab8a44216bb7f551187af034,1,,,2018-01-21 00:00:00,2018-01-22 00:47:30
74b955c30b5fc25a9e601717bfdaa7cb,9abcbe39820292dab15332cef33e7a3c,4,,,2018-01-21 00:00:00,2018-01-30 04:36:51
75b585e9b4700726deb636c6df8776fd,31a5a68f9d077c999f8b5b3dc297989c,5,,,2018-01-21 00:00:00,2018-01-22 15:29:13
0ea7e04f4aadd817ee1e64de02ea6c9a,1610bbd775aa73327d7741d006c09fb2,3,,O produto parece não te muita resistência,2018-01-23 00:00:00,2018-01-24 11:55:03
116d7f2f848f1845e4afcdf549d8bda0,be28f879f9c5e345df9e5b5fb441e6de,5,,,2018-01-23 00:00:00,2018-01-25 01:11:09
2038361eb410df4007360391c8687967,89bed55dd88d035e3b1b2489862e53cc,5,,,2018-01-23 00:00:00,2018-01-23 15:48:47
324516c4f77bb4cb78ef13dcf34d5db5,1ffc479954398d74d9e8e0df789842fe,5,,,2018-01-23 00:00:00,2018-01-25 22:45:41
420b23e9a5a06b0bd6ecd12427c08126,a6ba138c34e43a8e0613646f065fcf57,5,,,2018-01-23 00:00:00,2018-01-28 16:43:38
7149b0b3f5eb5c13e361336974e8febc,0653cf037de0812e8ba775b4a0ea9c2f,1,,,2018-01-23 00:00:00,2018-01-24 10:50:31
bbfa9d7b3a06e5ab83d4ae071e505870,2522de34f8d922703d83ac636084a756,5,,ótimo,2018-01-23 00:00:00,2018-01-24 17:34:08
f69645cb45ea5ddc165c3037ef7da016,fbd3f15f34958b4aa4d193afa4a7278b,5,,,2018-01-23 00:00:00,2018-01-31 01:59:41
f6e3768de03662f24199a5e88bb72c04,652436e8f3a1ba0f1eb9798fedb75426,5,,Seriedade é a palavra que define lannister em tudo que comprei!,2018-01-23 00:00:00,2018-01-26 11:04:22
fa47ca29481c7f82be5244e4afa81312,6e98c6485a5b20c9644e1dd3125e40ed,5,,Comprar na stark e comprar certa entrega e atualiza o status do pedido via email recomendo a todos,2018-01-23 00:00:00,2018-01-23 15:07:33
fa79721e1fe4f7f52a52bd1dc5a5f0df,d21d7411b251f35ead1b210dc946ca70,5,,,2018-01-23 00:00:00,2018-01-24 15:09:14
04aead6c7b609f43b582bbcf8e830515,ac2dcc9201c601c1030aa6daa7337f95,5,,,2018-01-24 00:00:00,2018-01-26 13:53:07
0d83bfbb6bae15538fd48a47d5afdc8f,893164a028d4c803fb8a597327b48488,1,,"Conforme foto do produto, comprei um frasco com 120 cápsulas, mas foi-me entregue somente um frasco com 60 cápsulas.",2018-01-24 00:00:00,2018-01-25 02:11:14
8184c31a7bd2bbe9945130fd102a183c,fc10f44eba425f75f88abffef84186e8,1,,Eu cancelei o pedido faz uma semana e ainda não fui reembolsado,2018-01-24 00:00:00,2018-01-25 14:27:35
9a12d390f69489abc436bc116bb6ed91,517edfde8ef25f2a7f7da80e82c77c27,3,,"O PRODUTO CHEGOU NO PRAZO, PORÉM, NO ÚLTIMO DIA DO PRAZO. DEMOROU MUITO, PODERIA SER MAIS RÁPIDO.",2018-01-24 00:00:00,2018-01-24 19:15:59
ba9d2916acdc26bee2304232a5f8f67a,1cbc5d1981e34d5c950e9418aa02217d,1,,Comprei 2 unidades e chegou somente 1.,2018-01-24 00:00:00,2018-01-26 19:51:17
c893f7f9122e961a73ce3cd8ccf6cf32,f7a7709b479c021664777ee929ab3ee4,5,,,2018-01-24 00:00:00,2018-01-27 09:28:30
cb8a20b7fff177130620599b6e3da971,bda5db8afd8df3d2537a32c2a35169c4,5,,excelente,2018-01-24 00:00:00,2018-01-25 10:35:29
df1c3ef64924bed50dd935cc18cd6760,25a04f7590fe68b84a1812d281ef019c,5,,,2018-01-24 00:00:00,2018-01-26 23:40:09
e2e54e77e5d79b471f330c43e620ba63,3aafcd1ad1ad58bf5b66b06ed8935de9,4,,"O travesseiro vem com uma telinha costurada e não consigo vê-lo direito, contudo percebe-se que se trata realmente do produto ofertado! O gel só da um alívio no calor se você não colocar a fronha :(",2018-01-24 00:00:00,2018-01-25 10:20:04
ff17032b0a7a64ad2fee6c9aa21cc0a1,1f04c2d89c92de520d7c6d5708b5b676,1,,Qualidade do produto péssima. Na primeira vez que fui conectar o produto no meu tablet o produto quebrou dentro. Agora fiquei no prejuízo.,2018-01-24 00:00:00,2018-01-25 15:58:59
3c13b1bfbeb1111f4842bdc89f3e54f1,5795641bab8a44216bb7f551187af034,4,,"O produto chegou sem problemas. Mas, eu comprei 4 toner da mesma loja, e eles chegaram um por um... teria sido mais prático se eles tivessem chegado juntos. Foi uma sorte estar em casa todas as vezes",2018-01-25 00:00:00,2018-01-27 11:40:32
9c02b23bdad254e2c6b6ea20bb4d2f21,0d4429188b4311015ad2b6b091cc5f9c,5,,Chegou em dois dias! Super rápido!,2018-01-25 00:00:00,2018-01-26 01:48:39
b1ec5df43e35a932b8943b1a37917b86,d5b836c3e4d3591c11cfbc0d8a32948e,5,,,2018-01-25 00:00:00,2018-01-25 21:11:00
b3173575033936bce1045ffe655adcf2,71b3ddf23337fe1597d27c6af949d17a,3,,Já é o segundo produto que eu compro que informam a entrega sem o produto ter sido entregue. ,2018-01-25 00:00:00,2018-01-26 02:01:40
cede16d08530c51116a77077faf1bf13,afeb3354fc3b7d5c309239667cbee2b8,5,,,2018-01-25 00:00:00,2018-01-26 01:07:05
8d2a55e844edd4472ba3fdec3d112d25,a005841d24a8532b663e347f1237ba30,5,,,2018-01-26 00:00:00,2018-01-30 18:32:27
bf0df293cfc4b2e2ad9cafc7f501545d,e5df40271cc99ceb080a6681f786bf7a,1,,"Acho que a empresa precisa ter certeza da entrega antes da venda,não sei se voltarei a usar esse site!",2018-01-26 00:00:00,2018-01-29 22:24:42
d9ed5e8af5e4f94bbadb91e61324dea9,ab64dd52ffac216882def99c2768daec,5,,,2018-01-26 00:00:00,2018-01-26 23:55:49
1441841177330f751bac2f121192447d,54761f5e42ab5a33268fe64804e92448,5,,,2018-01-27 00:00:00,2018-01-30 16:27:14
2c82326c22543983c9dfc3bd3b0c52c8,a3a09d0a201027720550355df943b598,5,,Parabéns td certinho ,2018-01-27 00:00:00,2018-01-30 05:10:25
61c1b0439cc7986603066aa5032c0c87,8a302d5e7a9bf8493bce42dd0d629643,5,,Excelente parabéns,2018-01-27 00:00:00,2018-01-29 11:27:47
84a354babd290a9cd222d1324f1467b7,c6c76014b61dcf511dd9db142760ae34,5,,Muito bom,2018-01-27 00:00:00,2018-01-30 10:31:38
852118414cff80900457523d7bcc8f5f,9ba0521c38be94b8c0028f57a8ec1625,1,,Recebi um produto falsificado e estou esperando o retorno do email que eu mandei. ,2018-01-27 00:00:00,2018-01-29 19:00:16
a151e6240e623d423a794e9d293cd9a9,3819e7793eb12f5a299706cd17215d45,3,,"O produto foi entregue no prazo
Ainda não posso avaliar a qualidade do produto 
Por não usei ainda",2018-01-27 00:00:00,2018-01-30 12:23:46
b5053bf83c454ced35f2d467fd5a13b2,6a18a1eddac5656cac7e8bc4f06562c2,4,,,2018-01-27 00:00:00,2018-01-29 22:10:07
b649e360a6820963ae7e06614a1b74d3,b365b927da19a3d58a252e1c5695c86c,5,,,2018-01-27 00:00:00,2018-01-28 20:54:31
b893290024bc36b857a627c571d58879,04948f70a0acaf8f9bcbc5602c4a7a47,5,,Gostei muito do produto.Entrega rápida.Recomendo as lojas lannister.,2018-01-27 00:00:00,2018-01-27 21:35:45
d0f4a1dd4ca4b91a75311791903fcf83,bba6a2e9b906e6d432207b56db6b1452,5,,,2018-01-27 00:00:00,2018-01-30 13:30:15
d955029fabd3469f8f6c684db712c702,8497feec743d70689576b2849a5ae95f,5,,,2018-01-27 00:00:00,2018-01-30 07:13:34
df01d08730d3480b63de35115ead1f1e,1cebcb9fc81f76f727c7be020cb6cb49,4,,Muito bom,2018-01-27 00:00:00,2018-01-30 00:19:53
fc9bad472c4da95d66a49821ac324913,11cf686bd51e6060001abd7c3eb9b05c,2,,Não me enviaram o meu pneu ainda ,2018-01-27 00:00:00,2018-01-28 14:18:32
45bb429b7595646ed5139784dafa7fc2,bc6f0d20151b72e478b552a053707ec6,1,,"nao chegou produto , aguardo resposta. ",2018-01-28 00:00:00,2018-01-29 19:52:21
7230a29ce2d4376fe9ab010db8282f8b,0d05881e40ca056d5ad848217bc92cb1,1,,nao rercebi ainda,2018-01-28 00:00:00,2018-01-30 15:56:43
7e20b1d8a7ed5609674076676fb9deb9,21be7b54dbb2dffade63645014982524,5,,,2018-01-28 00:00:00,2018-01-30 16:49:30
64cf90543bd3d1b6a2bd1976c358c7c5,36171c1a53103b4062540c678efb379b,5,,Produto de ótima qualidade cores com alto contraste perfeito. ,2018-01-29 00:00:00,2018-01-29 17:13:04
f7b5d14b8a904885d942dc10db05aa3a,fdde45331586a2e1145f846f3787feef,5,,,2018-01-29 00:00:00,2018-01-31 16:39:51
044c326f5aab7f4c579ab5ec53c3368f,54d65ba100747f2456fc1d1e314ceb26,5,,,2018-01-30 00:00:00,2018-01-31 00:12:01
62c18769bcdefb3fd4e5ad53fb7ac743,7859b34c6e7f3afe12f010b2f1d997b5,3,,,2018-01-30 00:00:00,2018-01-31 12:00:01
74896f34ca52ad87a9d268428bd19bc9,5907e332dfb01556b0eff58839cc2f75,5,,,2018-01-30 00:00:00,2018-01-31 00:08:04
a77b2ccb76828563165a94d67906ad76,de60de4b79d5011e2b037dec761a4876,5,,"só levei um susto com o prazo inicial de mais de 15 dias, mas chegou em bem menos tempo!",2018-01-30 00:00:00,2018-01-31 12:51:25
b022377eaf3636efee6337062bd97758,bc2e4d7ad808e01f4e639fc4c447966a,5,,,2018-01-30 00:00:00,2018-01-31 11:00:11
c521413ecefbfc7ea74e585a9d7d6d39,a8bac9fbf4f824af91ea3ec34f454ae2,4,,,2018-01-30 00:00:00,2018-01-30 21:20:47
d8dd4c9e516383836b7ab117b89dd266,0f286dcb49da58061b9ae488027e4033,5,,chegou em perfeito estado.,2018-01-30 00:00:00,2018-01-31 12:01:39
e3ea4033af0c06665fe997161e462801,6010e18fb4f51bda7cdf59826fb9157e,5,,,2018-01-30 00:00:00,2018-01-31 11:00:37
06904dbe3e66b8cf352a07382e7c3cf2,ef61fdf80c9616f588668f63379461bf,5,,,2018-01-31 00:00:00,2018-02-01 10:26:44
214a5bc0f3f8998256d3c43b9f5be86f,1b7714170035431aeb7b711f2b09ec1e,5,,,2018-01-31 00:00:00,2018-02-13 22:32:19
2fbe086269247cee60d600c3af62f3e6,0049edf42837aa808e03552a62bd2158,1,,"Não recebi nada, não entraram em contato. Ninguém liga pra informar o que aconteceu.",2018-01-31 00:00:00,2018-02-01 01:45:26
3fe08bff3eec482a025c6c31e10e98a5,d395475d71e6042e654407cef55e3c47,5,,Empresa Muito boa ,2018-01-31 00:00:00,2018-02-01 14:17:56
411db90a9cd4077d2c74280fc6190abe,6700e4a77b114b2f0fac57e19e6182d6,4,,,2018-01-31 00:00:00,2018-02-04 13:45:28
7f7bf3e21326b7fd70fa03e393e9dcdb,65492cb556d99eb900c65a4ff79fd3c4,4,,"Fiquei muito satisfeita com minha compra, a entrega foi muito rápida",2018-01-31 00:00:00,2018-01-31 20:48:10
94767b40ff16d36fbcb1882806db687c,d70611b8e23ca3e2ad56889d3144c086,5,,Super rápido ,2018-01-31 00:00:00,2018-02-02 23:39:58
bca826656d197dc3e4502a5b3c6f4689,21c4830753ec0aef4a21072587e6711b,4,,,2018-01-31 00:00:00,2018-02-06 16:52:23
453f5a4317f671c1947df372d77995ab,251f7157d5e425718ae0767439991dec,1,,,2018-02-01 00:00:00,2018-02-01 22:49:48
619cf0eb57c07f782e224fdb6aaf5cb8,118b09c1cf1b29c8401cb7833d29c10a,5,,"Entrega rapida, produtos certos ",2018-02-01 00:00:00,2018-02-01 19:51:01
647a5c7d693aedb5ce12f3c5e5ec9095,745e2506fb647deca4669e1c88ce9783,1,,"boa noite, havia feito 3 encomendas, 3 Cortinas Voil Cinza 3,00x2,80 Forro Microfibra Ilhós Cromado e 1 Cortina Microfibra Cinza 3,00x2,80 Com Ilhós Cromados, e veio apenas de microfibra.",2018-02-01 00:00:00,2018-02-01 21:10:55
771481a650a2411813fffd2e93ebb536,35a6518f311840d6bbc5998c7201db80,5,,,2018-02-01 00:00:00,2018-02-02 00:35:48
8f28504ad064a22758b7ae037d5afb09,9bc5c73ed95bec088ff04d924946fa45,1,,pessima ,2018-02-01 00:00:00,2018-02-06 21:50:10
977dc65128b32e67361c66cbdb79ccbc,56a4b8bc220c0a92f54ecb2e2ba0029e,5,,Muito bom. Moro no Norte e sempre demora chegar as coisas por aqui. Esse foi bem Rapidão ,2018-02-01 00:00:00,2018-02-01 22:06:07
9a4a411ae84f8617366826b68ce8aeef,b4cc15026eee314f397bdfe9767a0a9e,5,,Gostei foi muito correta é eficiente. Se todos trabalhace desta forma seria perfeito pois não haveria tantas reclamações até porque se procuramos estes meios é porque esta maneira se torna visível sim,2018-02-01 00:00:00,2018-02-01 17:25:44
b1c751c9ef91761cd96bb8270d93cc03,badb0dd3be1e47b016f7ce9a3a7168b8,5,,PRODUTO BOM DE BOA QUALIDADE ,2018-02-01 00:00:00,2018-02-02 10:17:14
b5197f94e5a1dbb07c2d890837bd4a52,be6229f5b2e1673b034fe6de9141b667,3,,,2018-02-01 00:00:00,2018-02-01 23:12:44
d0ec941fe739082c0317c59b6926cdc8,18378468bb910957d971170b04dcab36,5,,,2018-02-01 00:00:00,2018-02-01 23:10:34
d5bf42808fd0df2b766d5c8ece19b3b6,8ff88873f03f1912c00741f8e5ae6c79,5,,,2018-02-01 00:00:00,2018-02-05 18:51:59
e70abd3068dcaa36295eebd3abf07bb3,b66045a5fb8e241a3a6ed1b80d90a456,1,,"Estou insatisfeita pois não recebi o produto que comprei. Comprei um carregador Asus para Zenfone Asus Selfie.
Os cabos que chegaram não serve para o meu celular. ",2018-02-01 00:00:00,2018-02-04 18:49:25
e7d314f3dcb73798aeb5a9ea6ee9b972,237377b772b133dc1eae831d81a1005c,5,,,2018-02-01 00:00:00,2018-02-01 23:17:58
4cd86bbaf5ec6447109219590bb620bc,63ec341d048559b0cb4216945930a486,5,,,2018-02-02 00:00:00,2018-02-04 12:57:56
8762b5b2cedff982f971e46d7d43fbf6,7856cc6567e7f703152d17ff0c152e3c,5,,Muito bom parabéns!,2018-02-02 00:00:00,2018-02-03 18:43:00
a4d5c382d80ed08e29b4764a1a9fecbc,9b45de49b277899b23ba41cbb79d3a5e,5,,,2018-02-02 00:00:00,2018-02-02 22:26:32
afe23ba3852f1d54132edc5088a544b0,03c1d25d82f404ea1fdfae8eb0b4c314,5,,,2018-02-02 00:00:00,2018-02-03 08:43:44
b4413104e453644e3cd8adcc057ab8ba,cc5e9d025a1ae5c0918b83318788f125,5,,As fronhas chegaram até antes do prazo previsto ... Adorei a mercadoria cumpre o que promete ,2018-02-02 00:00:00,2018-02-03 01:09:23
c767588ffa26db485fc6228712f5f294,569d4a814b28187752cfacdd96077037,5,,,2018-02-02 00:00:00,2018-02-02 16:47:22
002f414a7c4567ad01f3456c1689de74,87da4e556d02332032278169c291d571,4,,,2018-02-03 00:00:00,2018-02-05 23:58:28
22037e44a29af8bdc778f70a51e6a035,d9985b5e60fcad79a6e2eed78bafedf4,1,,Não recebi o produto nem tenho notícias do mesmo. ,2018-02-03 00:00:00,2018-02-05 11:45:00
39511a8128d337def36dba8e476325d7,122d77201f2281c9420f54d73240b310,2,,O produto entregue é diferente do produto anunciado. Quero meu dinheiro de vta. Quero fazer a devolucao do item,2018-02-03 00:00:00,2018-02-05 23:10:29
58c5a25b9be9dc6d419f9db27e9d9d48,2c559a6f1ac48c4f100f4775a1362ea1,4,,,2018-02-03 00:00:00,2018-02-05 10:20:35
5a2e66d582e8f32e1b5a28bb15663e98,af74091f111e705ab46de44f0f46aee0,5,,,2018-02-03 00:00:00,2018-02-05 20:07:08
6d06f6c7a77f977a4240b9c0eb1a6247,287ef6e54574f46625b43dc4c5d5078b,1,,"Senhores responsáveis pela empresa lannister.com.
Venho por meio desta informar que o produto "" Canela de velho "" Remédio natural que eu Diego Machado Lopes encomendei veio errado , pois foram duas ",2018-02-03 00:00:00,2018-02-03 23:04:20
728a0b4f318134f6b8a9315516fc30de,62cebc207886dce8b9f4460a1266bfdb,5,,,2018-02-03 00:00:00,2018-02-03 20:11:15
7641578e13503966ae23d79c8747f96f,20f4a0b8b5726a8e9a32a246e345b9d1,4,,,2018-02-03 00:00:00,2018-02-05 23:55:19
a2cd6215401f66af4b352cce638f1b09,3edb50273f0fec7a7e340030467076bc,1,,não me entregou no prazo cancelei a compra.,2018-02-03 00:00:00,2018-02-05 10:34:00
b51df18ed32cdd5e744afb36a6f6fd8c,57c18f4284e896f80e8b81086c4f95ef,5,,,2018-02-03 00:00:00,2018-02-03 22:09:25
e8cdbe062bd67fa83b925ca012f856e0,4da3bd761ca73d692ae0f5c252495546,5,,,2018-02-03 00:00:00,2018-02-06 12:07:29
298346b2ac07e0f18c245f4c2e0a4429,bbc2ceb7904160da9ea4967f93a1a087,5,,Excelente !!!,2018-02-04 00:00:00,2018-02-05 00:06:47
6e0ceeb3027760540392611707072eeb,b37ae92c72d3335c241ea5be05dbc077,1,,O prazo de entrega já acabou e o produto não chegou,2018-02-04 00:00:00,2018-02-04 19:25:50
b0efa91d2b331b1ad52bcc73c1af9141,fdeb8e2ed51d3a12a9d6c27a2f70e255,5,,,2018-02-04 00:00:00,2018-02-04 16:08:08
c95f2dcf04d2f94db0a3f6ed3843ee9a,91b6cbbbf1622738a27f04f25306a6d6,5,,"Entrega antes do prazo, produto com preço bom e de qualidade. Mais bonito pessoalmente do que nas fotos . ",2018-02-04 00:00:00,2018-02-05 10:29:16
350cb03aad3275f5d1f0eff2a05f46f6,fa534840c9b5b3a7052a37a863ea1790,1,,"EU ACHEI LINDO MAIS É MUITO PEQUENO,COMO FAZEM UM POTE PARA ARROZ QUE NÃO CABE UM PACOTE DE ARROZ???DEIXOU A DESEJAR,GOSTARIA DE DEVOLVER",2018-02-05 00:00:00,2018-02-06 10:12:04
38d6a243bd49728d163efab3be64044a,09ab8a3234b24017600673c296756fdf,5,,,2018-02-05 00:00:00,2018-02-07 18:31:44
002e44e3cf13f44a98e7623c88fdd336,76ccfd1f50385cff04dc3ba521500b47,4,,,2018-02-06 00:00:00,2018-02-07 12:04:30
15ead2877b827b716ab579b704de197c,a8c12ad0f19ddd006359fef29b1eafc0,5,,Muito bom ,2018-02-06 00:00:00,2018-02-06 21:49:29
46148413ffba035b1bb9fae4c3230ad8,b956b417947842f743b0ca3d0c3fb1fa,4,,"Tive problema com estoque, porem foi solucionado, o prazo de entrega é muito longo.",2018-02-06 00:00:00,2018-02-06 22:27:02
465612fc81027eeffde6a635aaa1f127,4d52285d3673e01e94e3a68ad2104288,5,,,2018-02-06 00:00:00,2018-02-09 09:14:23
482141c3b11d7022e51ad100d99a363f,86c8daa5f37e9b3e6b4cd745c6ed0a61,5,,,2018-02-07 00:00:00,2018-02-08 01:30:50
6c9e492c0672f210c7580f8e773ce58f,e3e1d2fe1c3f816ace8a772a4dff8a1d,5,,,2018-02-07 00:00:00,2018-02-11 11:07:26
7e69d91314c38fb612208ec4b5a2fdf1,cff314344e536186940328c1c6ceec96,4,,,2018-02-07 00:00:00,2018-02-08 02:41:37
a382ab146cdbe83413bfb470cd807e7d,175f436110df7b451689d7d969ec64f5,5,,,2018-02-07 00:00:00,2018-02-14 13:45:28
af1c326dfaa2128c7d22b308d02db5ff,a4736d7f64163c9072e4aaeeb18f3aa8,5,,,2018-02-07 00:00:00,2018-02-11 00:44:15
2516f4745288a788924c004eeb5e9830,5d146abaaa0996f8cabcb5a3fa96bad7,1,,Eu quero o meu produto ou meu dinheiro de volta!!!,2018-02-08 00:00:00,2018-02-08 15:40:46
3352077e013ce9ee9b68fad14c9539c5,6d885151b431516792fbfc7d393c90cd,4,,Só problema é que não avisa que é preciso ter um cartucho ,2018-02-08 00:00:00,2018-02-09 09:45:00
5c4f48d8514bcff11f942acd16bd743d,67c158dbe43ced83f43cdf4ff66f556a,3,,,2018-02-08 00:00:00,2018-02-09 11:11:02
65b3274a3872f1a5b78eb92268a02c30,c0e97734cd5f14ad83087abe8d29073b,5,,,2018-02-08 00:00:00,2018-02-10 10:22:09
69114ae0466a4278e7bdec14740d7040,2d1cfcc5ed3232215b908e86ff33da61,3,,,2018-02-08 00:00:00,2018-02-08 11:22:17
6d9d25c1b807252e5e303ba0261ff426,bb0d948ef00e3ece9ae9b9e80264efe9,3,,,2018-02-08 00:00:00,2018-02-08 20:09:31
ad39f464785acf795ee836cb3472756e,fecc4ea5a3e06ce3192ae2f05b7a8439,1,,,2018-02-08 00:00:00,2018-02-08 10:29:25
b04a5f0f4a25a1ed1468d626bd475fa8,356447440f7c0f7fc6bd04c27ed18216,5,,,2018-02-08 00:00:00,2018-02-09 01:19:46
d53a2cff1aa21f535c0ba94b1a60db7c,3b513d4810b2c2de5e551d0edee87865,1,,Na verdade está no correio . A forma de entrega é muito demorada.,2018-02-08 00:00:00,2018-02-10 10:51:25
0501aab2f381486c36bf0f071442c0c2,0068c109948b9a1dfb8530d1978acef3,1,,Espero obter uma resposta para minha encomenda. Comprei 3 controles remotos para ar condicionado e apenas recebi 1 controle Komeco e dos 2 controles Elgin pedidos e pago só foi entregue 1 controle Elg,2018-02-09 00:00:00,2018-02-10 23:55:18
0501aab2f381486c36bf0f071442c0c2,d75cb3755738c4ae466303358f97bc55,1,,Espero obter uma resposta para minha encomenda. Comprei 3 controles remotos para ar condicionado e apenas recebi 1 controle Komeco e dos 2 controles Elgin pedidos e pago só foi entregue 1 controle Elg,2018-02-09 00:00:00,2018-02-10 23:55:18
0e1d3bb8315c1975ed4b023d7fd82c03,28f07abcb98384e4f6999f70c7ff3d13,1,,"Produto não chegou ,é o prazo que deram foi muito grande , insatisfeita com a loja ,quero saber como vamos fazer agora",2018-02-09 00:00:00,2018-02-09 11:49:15
1c73ba9af40bd212b961d1e548e53261,667e11eca18e4b0a93611781f8b18302,1,,"Até a data presente não recebi meu produto,muito demorado,estou arrependida de ter feito a compra.",2018-02-09 00:00:00,2018-02-10 02:16:32
26b9f0d388ce80b14412243d6aff39ae,52d66d69f14ca67b1764e6ca25025a3f,5,,Amei o produto..recomendo,2018-02-09 00:00:00,2018-02-11 19:07:41
a6b33f9d59403aedcd38b5dfb104335b,09729990b5d8f5499917697c409b55cc,5,,Tudo ol!,2018-02-09 00:00:00,2018-02-10 09:22:00
c10e84915936a3d519ccaf4205da27a6,f84cf1b66945f7dd5a8f3d20d06a875c,5,,Chegou muito rápido .,2018-02-09 00:00:00,2018-02-11 21:44:16
cbb99d421721a111bcaa97e4328fd083,d347a4ddae83c0b8a9438522ecb7dfb6,1,,"Pedido sendo dado como entregue, sendo que eu ainda nao recebi.",2018-02-09 00:00:00,2018-02-12 01:24:19
f54787f8c64912962fcb42bc965f08bd,b0945a79c684fa367896247e7afa4628,5,,,2018-02-09 00:00:00,2018-02-11 19:32:44
247e646f852a9591d23cbe67dcf12dc4,7bec0ef2b65e6c75fc082d823d0a59ca,1,,ainda não recebi ,2018-02-10 00:00:00,2018-02-11 13:02:20
6d0232b42932b4135ad19d78f117b96a,4fc507af490f1dfdd4eefcc6a0144b40,4,,Vendedor cumpriu o prazo de entrega e o produto é de qualidade...,2018-02-10 00:00:00,2018-02-10 23:14:11
79c77ed5583909e871138cc8acbcb164,ac5dbdd1bd9d027a65020cace8e357ba,5,,,2018-02-10 00:00:00,2018-02-14 00:31:24
9613a8bd271352702a44a25d67186ae6,28cf49bbfe2683759d3cf866b7fda22f,5,,,2018-02-10 00:00:00,2018-02-19 23:44:31
f83fbe44623915112622c82798d0980f,4a5a742a2a571604208cc3f88ea253fc,5,,"Tudo ocorreu, como esperado.",2018-02-10 00:00:00,2018-02-10 19:43:28
40e7cf37ba3b01a545787a93ae633227,c58bd581144192869f091dd6fbabceea,5,,,2018-02-11 00:00:00,2018-02-13 20:30:36
79854d39a51c5fb3a087daa556800ee0,51d7a5256a29ae35eeaa4d7bbf14931a,5,,,2018-02-11 00:00:00,2018-02-17 10:03:07
ec9db37f940d19757efcfee2a624b791,570a37e6dd991a6c2c6b032f41487e04,5,,,2018-02-11 00:00:00,2018-02-12 01:30:21
2cbe2bd80a3e8832eb6b8d50f1049ccd,a84a2c86f42a79c101ac5783d3881645,3,,,2018-02-15 00:00:00,2018-02-19 23:19:22
4835cd5820ee3d1dee99407d402c77a0,828b618008ee0b34f4648124668023f0,5,,,2018-02-15 00:00:00,2018-02-17 12:22:01
511f8bb7c5ac3689ed8d49cf265aee3e,70fe4499137ae8b063ffb41f3833c2b4,1,,,2018-02-15 00:00:00,2018-02-15 19:34:51
563b68be624dda1f2720b3f547de6480,cd623324c25a5749845117a6d628b994,5,,,2018-02-15 00:00:00,2018-02-16 15:51:59
5d188a37d678c9c9d92257ad4ba66a1e,bbab597cf5357b95cfff24d3ce830088,5,,Tudo maravilhoso recomendo!,2018-02-15 00:00:00,2018-02-18 21:53:36
83de82285c4068916db637c0ff046e29,56f4b702b959eee297b018acdb60c380,5,,,2018-02-15 00:00:00,2018-02-16 11:32:41
85858b290c6abec4a87aa638ec48952d,27ccb6f42b7ff7e079004d6192ab12bb,5,,,2018-02-15 00:00:00,2018-02-19 16:40:24
8b2d014d0973314f79d43e70d712c945,22944b4163f09171dfb645a94b87e645,5,,,2018-02-15 00:00:00,2018-02-19 17:02:16
9b7bbd7a1ba18f5b58b3636a8609a503,6ffb3f1686bceae3466facf7e02ce3fb,5,,,2018-02-15 00:00:00,2018-02-15 21:03:26
bd0a3df0edd344ed5cb3570a44a9c99d,f791078f5bc7c09db8f76d26f0db4588,4,,,2018-02-15 00:00:00,2018-02-16 00:01:12
d9511d04436226f158963ab2fa1f1dcc,0e5c4fff98e1b7885f4ce7e7e13e37f1,3,,,2018-02-15 00:00:00,2018-02-17 19:33:10
e85ba3049a1b89665036bca07198aaab,e6657617ef1f4cc4cc2413cb0a6630ae,4,,,2018-02-15 00:00:00,2018-02-16 15:37:55
15c8a6c11c9bbe0a4bd6332dafb8237c,cb891a8a4daa2130941d2458f013b1b1,5,,Ótimo produto chegou antes do prazo super recomendo ,2018-02-16 00:00:00,2018-02-16 22:11:44
35f342e5bd1fb0a1cc01a23f93d3e8a5,fec76d3c7d37a989bdd3a22911340c75,1,,"Estou aguardando o produto até agora!
Espero que a loja lannister tome as devidas providências.",2018-02-16 00:00:00,2018-02-16 14:33:18
54c2f9bdf579ce646f702acedb24e7d4,e0ff8fbdba29b1192269bb50ef72245e,5,,Produto conforme informado.,2018-02-16 00:00:00,2018-02-16 20:09:00
96666d65f7cb0ec1dab2ffdfd9c9deee,90656a29c767bd72285cc656d21c0d51,5,,,2018-02-16 00:00:00,2018-02-19 10:49:34
c6a4997679e197a548d468527d21074d,b4b74b67e8e09c1539e6f838e5eb8fa4,5,,A encomenda chegou antes do prazo. Muito bom!,2018-02-16 00:00:00,2018-02-18 21:43:57
f07030d29df4fdb495c6207fec51be1b,41d3c3f700ca5ccd7c9068d16f4a4821,3,,"Produto entregue dentro do prazo.
A capinha tem boa qualidade e macia não alterando mto as dimensões originais do aparelho semelhante as capas de boas qualidades de concorrentes como a Apple.",2018-02-16 00:00:00,2018-02-17 10:50:36
02e243fc2906df4cc4e447f0156b4279,e1a2c11d0c4c0ecbced319c04d688255,4,,As cores de algumas barras eram diferentes de como estavam na foto da embalagem.,2018-02-17 00:00:00,2018-02-22 13:37:50
1339b3d0c371baff2f349075db02e7cb,39787d0779e9c0f1326d35469d0239c5,5,,,2018-02-17 00:00:00,2018-02-19 18:27:55
4bf28f84ff361ee194c83cb9205a706d,be69ded8b4b06a199c55fa74d7de978e,5,,,2018-02-17 00:00:00,2018-02-18 19:00:13
57d0b792efa52ff73b7285d743e6c7ec,622dd1cb69dbde1c7e0685d12015a2da,5,,,2018-02-17 00:00:00,2018-02-20 20:27:21
61950019879eb037f48c96b23c9e5323,d18a9528e8077026b951849741ab227b,5,,,2018-02-17 00:00:00,2018-02-19 09:51:03
765ac8238c85be54e8acc09cedc758b9,ea72383cf738914448322568a400d37c,5,,Produto de qualidade entregue dentro do prazo. Recomendo.,2018-02-17 00:00:00,2018-02-18 02:06:25
8c0ab2debb75916b7f91cf3e4d88f9bb,cc92b6f226e07df00f790972584285da,4,,Bom,2018-02-17 00:00:00,2018-02-18 21:54:09
926cbeffd3295851228cd87c1c80bdb7,5c1d89aac6e3b4a8f69d548ea030179a,5,,"Bom produto com 2 pontos para encaixar a lâmina e é base de fechamento onde trás segurança ao travar.
Peso ideal para ter melhor precisão no acabamento do pezinho",2018-02-17 00:00:00,2018-02-18 09:47:39
eda4e0b26fafb89d10cc4878a95573b7,42292e831d26e43153b9bc1e5e440681,4,,Deveria se um porco mais rápido jogue paguei pelo frete ,2018-02-17 00:00:00,2018-02-18 10:34:14
f5eaa21a9f7002a7c346c7f066e3ad5b,338d127554d67a15cb4e257742847056,5,,,2018-02-17 00:00:00,2018-02-19 19:39:15
fdfcbc7ce92adf0acda73e470552ad6f,5e7e66344d4f127f114875c930d621f9,5,,perfect...amei,2018-02-17 00:00:00,2018-02-20 12:12:54
3fefb734355862cf1eb7babdf5538f69,05b7ab671d6b51e0b44ea73a54d9f739,1,,,2018-02-18 00:00:00,2018-02-18 15:42:15
ae189ffeb813482725348ec22b920d41,80f2ad91eff25a16d7c2f14250d84274,1,,"Adc. ao carrinho 2 pneus separadamente. Por se tratar da mesma loja, juntaram em 1 NF e 1 envio. Porém chegou apenas 1 pneu. Onde consta o peso na nota de 11k dos 2 e de despacho 5k. Ou seja,só veio 1",2018-02-18 00:00:00,2018-02-18 11:11:47
c268847ae25a07ef2f73110f982123e8,623517cfdfeda91679626490fe32aecc,5,,,2018-02-18 00:00:00,2018-02-20 21:24:09
2553e7a7c2962eb06cae26643d8f682d,65a9d3006386a380f4b594577a01cef0,5,,,2018-02-20 00:00:00,2018-02-23 13:08:33
5fd4f9ee064426dbf060c2d18b0afe59,9a9958a5b85d3a8dc6b52dd8c79b516b,5,,Tudo muito bom.,2018-02-20 00:00:00,2018-02-26 16:48:16
75aa62a61519b3a2645c06809f084afe,8dc26b80bce71bfaf67ee6cccc4a141c,5,,Recomendo a todos ,2018-02-20 00:00:00,2018-02-21 11:45:44
ba3d578d99cdc4af81116dafbe660ff3,800b8ee7ba7b89e615910b52e4b2f4f0,3,,"A qualidade do cetim poderia ser melhor, mas de modo geral o produto é bom. ",2018-02-20 00:00:00,2018-02-20 23:46:53
ffcaa2675101f39158434e1d95c3b274,a7f3eb9a2e38d344a3311dbbf4c5d9ba,5,,,2018-02-20 00:00:00,2018-02-20 22:00:40
148ae19d012f4246ce4f1130580af378,1600c77ccd20164d6da4e2285d3ced92,4,,,2018-02-21 00:00:00,2018-02-21 08:12:40
221edd256bf00ca349d1c7f1e46ba47d,a91929c58be362dc4929f9b9c542a4ae,5,,,2018-02-21 00:00:00,2018-02-21 11:47:18
28847cc5a3970af73dc0ced3d0b27986,bab4c3b7d9e904b2e991490cd65ccae7,4,,,2018-02-21 00:00:00,2018-02-21 16:59:57
51863339d4ef48a47f43da8b1de705ff,8ff88873f03f1912c00741f8e5ae6c79,1,,,2018-02-21 00:00:00,2018-02-24 10:07:29
5ae503e8e42ab77084cdc8bf07692301,5fb184d57598bf4e6e126258d3cca7cb,1,,"A embalagem apresenta um CNPJ de fabricante inexistente, a embalagem diz ser sem açúcar, porém ao bater fica uma camada espessa de açúcar no fundo e a qualidade é muito duvidosa, parece ser falso.",2018-02-21 00:00:00,2018-02-21 23:55:05
66ce2c99a2a665de1e3952523d5a11d8,51192863a004d47d0e4f5bf5384bf88f,3,,,2018-02-21 00:00:00,2018-02-22 14:21:38
91bd323ae23080ccaa3ead577c68afb3,d17f9e855544f741648a953891e93288,5,,,2018-02-21 00:00:00,2018-02-22 14:43:33
925591d771299d0931b116ca4998998b,a3a43dd512f51c100ca62a18f50076b6,5,,"entrega muito rápida, muito abaixo do prazo especificado, surpreendeu positivamente, parabéns!",2018-02-21 00:00:00,2018-02-26 12:07:36
9eae075bda907096147b899cc68a4a67,c5f0b9e8bd23e3d37855d76739573355,3,,,2018-02-21 00:00:00,2018-02-22 10:55:54
9ebec7bff7f271ae7be131b493946e8c,b0478e447df29ef9a7efd1eb63de629c,5,,,2018-02-21 00:00:00,2018-02-21 16:24:39
a7dccbc22f71baf0cb2a66eaf467e690,9f2c6714edee90964b0b631c22a22448,4,,,2018-02-21 00:00:00,2018-02-23 22:32:56
b00106f111cbbea7bdc1f79bceddcfcc,18d03c24d935b80a422c0f6ce80a2457,5,,Produto muito bom e chegou mto antes do prazo . Recomendo o produto e o vendedor.,2018-02-21 00:00:00,2018-02-22 00:26:50
b8f79fe5aae72e2bbb3874760f6d5881,f5bdbbff47c740c2cca90305841220a8,5,,,2018-02-21 00:00:00,2018-02-22 09:20:58
44e9f871226d8a130de3fc39dfbdf0c5,3c557fef5b5d9315a99f7442ef013a8e,5,,,2018-02-22 00:00:00,2018-02-23 10:58:06
72524cb5d3a83ea2eda6873fdee939f0,a96157730ca02d9de4c4e4ac2fc49f2c,1,,,2018-02-22 00:00:00,2018-02-22 17:34:41
1228d61d6b1876bdf48cf581b08a63f5,35e01ab254440427a82909f981fa9ff7,5,,,2018-02-23 00:00:00,2018-02-24 20:50:48
1cb97965873a80f7a2c3c1ae903352c9,82b9b991770e6880a10a11c5a29da6d4,5,,Vale mais apena do que comprar os absorventes descartáveis.,2018-02-23 00:00:00,2018-02-26 16:14:45
259c438e1657410d051b4ff70b2dc212,06c4d1be000d2b0d30d56ff06dab667d,5,,ótimo serviço.,2018-02-23 00:00:00,2018-03-15 23:17:01
3173428e94a1cdc37581315539e3aa9a,d62ce432bb1d1056c58fc8b58d30d260,5,,Ótimo produto. Entrega feita bem antes do prazo. Comprei no mesmo dia com várias lojas. Porém essa foi a que entregou com o menor tempo. Só a embalagem que deixou a desejar. Papelão muito frágil. ,2018-02-23 00:00:00,2018-02-24 01:36:00
624af29a5315d96b4cc85f2a2aed8c48,34d79427f2177b6ab8397e13d4233a85,5,,,2018-02-23 00:00:00,2018-02-25 21:06:58
6d574ef92e7fe786a86c985b8d6e1f75,8ed46f28f884bd76db1f8d95fc27a5f4,1,,,2018-02-23 00:00:00,2018-02-23 11:29:40
bcf650d198e673d2f25cbd8ce71e1a14,2ecd94a0ab2a50927b7c0020efb4b063,5,,,2018-02-23 00:00:00,2018-02-26 00:33:01
f46bbced5162393285222160b429f223,0afa4eb653f04cb1809253eb3b1f9768,3,,,2018-02-23 00:00:00,2018-02-24 19:17:27
03ba82d71cb6cf2a1e6b4e53e021facf,ea452bd7da485c9376c3112226d21b25,3,,ótimo,2018-02-24 00:00:00,2018-02-26 22:53:57
102182c3547e292d072f3285170229a2,421cf19961f42317267a94c6ed066cf9,2,,Não gostei da qualidade do produto. Achei caro demais para o que é?,2018-02-24 00:00:00,2018-02-27 00:30:46
105facb42b5b9147996f0b1b6fbf7b80,714fb133a6730ab81fa1d3c1b2007291,1,,"Holá!
Não recebi o produto é nem um telefonema referente ao que comprei.",2018-02-24 00:00:00,2018-02-27 00:13:54
2f544e8131556b7412de2a95779c7492,f0df1737153829ba66d5269909e929a9,5,,RECOMENDO A TODOS O PRODUTO DE BOA QUALIDADE E CHEGOU ANTES DO PRAZO.,2018-02-24 00:00:00,2018-02-25 12:48:33
3a6ebeb7f45583720372e838e99cec6a,019886de8f385a39b75bedbb726fd4ef,5,,Produto foi entregue antes do prazo e em perfeita condições. Estou satisfeita.,2018-02-24 00:00:00,2018-02-27 15:10:57
76e488fdb3d4b3967251c9ae99dbf355,6dd49a48b361f1d0f6d8241dd029dd22,5,,,2018-02-24 00:00:00,2018-02-24 23:43:44
8ea037d1c477c37644c88b35a91648f2,a8096d0b94faa1314dbd562efc6a0967,4,,"a entrega dos produtos e muito rapido ,mais dessa vez nao recebi meu produto,fico nos correios ,ai volto para a trasportadora",2018-02-24 00:00:00,2018-02-24 15:48:31
99b69030fdc3d9ad237edf3d4cdf70da,ab2dca30f9aa2566e582854315d22d95,4,,,2018-02-24 00:00:00,2018-02-24 22:38:16
aedca79b984f8ad69044ea48a8f91be7,93e89f81c82a22b8095dd19f7f973abe,4,,,2018-02-24 00:00:00,2018-02-28 04:45:08
bc88eebf762a4c213339aed5113fccf8,d572cde58d2fd1fcd7d019dae26cd911,5,,,2018-02-24 00:00:00,2018-02-26 11:42:54
c5ecd680b0e906df7ad597319b337239,fbab2f1499ada7711dc92e28e8e2cee9,5,,"Entrega anterior a data prevista e produto de qualidade... medidas, resistência, acabamento em suas costuras e enchimento.Juntamente adquiri puffs p o casal no site das lannister com mesma estampa...",2018-02-24 00:00:00,2018-03-02 17:45:40
cca79f200b86126a86077d428a6f5a4c,86b6e717cea86f8854d74e5b1df23e95,5,,Recebi o produto 3 semanas antes do prazo máximo estipulado.,2018-02-24 00:00:00,2018-02-24 23:22:10
e0d3385eb453edef7564015f60816e0c,8b5a2d60eee784b4c2f3c6d1f6e8811c,1,,,2018-02-24 00:00:00,2018-02-26 01:17:04
f00521dd8348b65c26c58f301d44e71d,8f48df24381903f850d1c20b035f4a86,3,,,2018-02-24 00:00:00,2018-02-25 01:55:13
4c8731e5d46ca0469d369155bb11adab,6ad336dba0613cde0e5717f50dc8c669,2,,Comprei o produto em 25/]01/2018 e até hoje 26/02/2018 ainda não recebi.,2018-02-25 00:00:00,2018-02-26 12:29:39
83cf3a96fd28237ec40e326adfc8c12a,edc0fe108d350a1a98a62888287bc6f2,5,,,2018-02-25 00:00:00,2018-02-26 20:36:01
ed30b4860659f27bfe2e91773b6d1ccf,78585e48819bf50518947925be68ab86,5,,,2018-02-25 00:00:00,2018-02-27 18:06:52
3ea2e50418500a803abbd47ede7cc813,e9412fef2accbb245c4232829673c90c,5,,"Bom produto. Atendeu a expectativa é suportou bem as roupas. Preferi usar sem as rodinhas, pois fica mais estável...
Produto chegou muito rápido! Recomendo!",2018-02-26 00:00:00,2018-02-28 13:30:48
410299252cd3e1e3e92e2b26c1f2fa23,c6ee046b85d59deed2e71242e970d437,5,,,2018-02-26 00:00:00,2018-02-26 17:31:01
ae0e83683ca0163216193ff437b5bc1d,e0f95c3628b0822fc14e8e2436f0da4b,5,,,2018-02-26 00:00:00,2018-03-01 01:16:05
049c8284b929c7fa788a9304e3f7a7cd,654236657c61378a35416f08170ff0ad,1,,"Pedi e paguei por dois produtos, recebi um email não tenho como entornar do meu cartao6",2018-02-27 00:00:00,2018-02-28 00:24:38
053d54dc45667a48f5c83f3c743234e2,95dae95803419f516509a4b5fc8a2d09,5,,,2018-02-27 00:00:00,2018-03-02 13:43:06
0a91c21fbb9e7cced9eee0101233c183,9a900606a9398af4cfd33ef935bb00ed,5,,"Chegou muito rápido. Pelo preço é bom, só as pontas de massagem que achei um pouco fracas, mas se tiver cuidado dura! ",2018-02-27 00:00:00,2018-03-02 18:26:30
52b7e01d04e4ec8ec946a10568dd2564,94c0774e80f38694744a5ae2bcc9e1aa,5,,,2018-02-27 00:00:00,2018-03-02 02:48:00
75d27bbf65c767be43abeb415331c3a2,7da4df77f0a4adfa2546db02ff7f23e0,5,,,2018-02-27 00:00:00,2018-02-28 19:16:43
9113653ba90e7cde02a2baa1918faa59,d9ba89fb1ef0cec7d158b8a2679186f7,4,,o produto veio certo dentro do prazo de entrega,2018-02-27 00:00:00,2018-03-05 17:08:26
a015dc94bdb70894b5e9e44cef48ac80,4103cb8c02ddae6eff9f233ba22ae0ad,5,,"Super indico, chegou antes do prazo.",2018-02-27 00:00:00,2018-02-28 01:36:42
af0e58c3f19b048d98f593c31daa128c,096d4376832d3c6a12a5b6815590a657,5,,,2018-02-27 00:00:00,2018-02-28 01:17:34
b4cbe092ac9209092de7a6608b0f4e1a,4334cbad2570eb17ab0f2be70bcc22b7,5,,,2018-02-27 00:00:00,2018-02-28 04:11:30
d4eb44b95c1aea205c1557fc62cd9e45,34adfe85692f724087a52976282ea92f,4,,,2018-02-27 00:00:00,2018-03-02 09:03:13
d80ed3912835e1a57b53cb541376ed25,f20ad794a21ea34c982e74ec18f7aaec,5,,,2018-02-27 00:00:00,2018-03-04 07:38:19
debad40b3545a395f77f5659ed921de9,95f5c913e50f7b1edfe05e8a38ba88d4,4,,,2018-02-27 00:00:00,2018-02-27 22:06:52
f338d41635e7c41c7352a56737ccc538,fd083ca236fb56074a653948afcacd8e,5,,,2018-02-27 00:00:00,2018-03-01 23:20:11
2a88c4493a4649be3857ca112ba1e646,ae2756437d2b0a5f0c9702d7ea130e41,4,,Bom,2018-02-28 00:00:00,2018-03-16 18:11:43
39fdc466e802e2feadecf1295b8459a1,81111cf83100722b6a554323c86a10b8,1,,"veio com manchas de gracha como se tivesse sido recondicionado e não veio com a trava de segurança.Embalado em folhas de jornal numa caixa,não é 100%. lannister.com fiscalizar mais. Espero um contato",2018-02-28 00:00:00,2018-03-09 17:14:32
447f6b004dbf839611b0752cb1ecf503,1f252fa03fef3a7b2d16c2dd20de006d,5,,,2018-02-28 00:00:00,2018-03-03 10:02:18
45f7323e024e66cb88df27d47d8ebb8b,d4bf023e837c3f54ebf5a9abe045fb93,5,,O produto foi entregue bem antes do previsto e ainda veio com um cabo extra de brinde! ,2018-02-28 00:00:00,2018-03-01 01:05:00
497173a6271690d54016e5242b9713f4,7be469d9b115e2a08cf56be2d9250b8c,1,,"Recebi apenas uma luminária, quando comprei três. E não recebi a churrasqueira. No momento, não recomendaria a loja. Espero que haja uma solução, então avaliarei novamente.",2018-02-28 00:00:00,2018-03-01 00:43:33
65d0c6182ac939c3f1bd8fa7b988d84c,6a276c227b7bb9659f04c271e30d381d,5,,xxx,2018-02-28 00:00:00,2018-03-08 17:33:48
6621c6d0ecc46c4e0588aca48812b7b3,8d8a1fb20cc3bcbed0c51fd0c70bc538,5,,,2018-02-28 00:00:00,2018-02-28 20:52:45
7a65dcba40c923c720890a889ffd0587,6191c14b9afcc6173831a7275f92c55b,5,,Chegou bem antes do prazo estipulado,2018-02-28 00:00:00,2018-03-01 00:46:23
8272a868e5429bad764a2f93b5eb3c04,20adf99f2d48669a45b5ef435b116b09,3,,O pendrive e 2.0 nao funcionando no meu computador : /,2018-02-28 00:00:00,2018-03-03 23:50:31
9ebdbedadaf60ea686bd2f30a0b6058b,6288c084b4b8b9ed59cddc6793eba928,1,,Não recebido,2018-02-28 00:00:00,2018-02-28 13:37:49
bab8b4660aafe6f378e01ac1ec1cc746,ceb9cfd5bb1caf536006196e9469e396,5,,,2018-02-28 00:00:00,2018-03-02 12:43:17
cb88828d86387f72a7b7c9d6a045def7,aaf3296abd366f76ed7d26fe0ea4cdaf,5,,,2018-02-28 00:00:00,2018-02-28 22:05:27
f8486e968d32567be637dd415cce297b,2011387fcf68d0d56838be05771c4db8,5,,,2018-02-28 00:00:00,2018-03-04 07:38:32
f8486e968d32567be637dd415cce297b,f20ad794a21ea34c982e74ec18f7aaec,5,,,2018-02-28 00:00:00,2018-03-04 07:38:32
0342a4f8e2d6ff26d2978a2b4f835808,06263a9c3476eea0ca0fd70081bc7cda,3,,Não compraria de novo se for entregue pelo correio,2018-03-01 00:00:00,2018-03-01 23:56:19
073c03acc59f9397980ef7748713179e,78e9bbe6fc21f7945284233b6be94154,5,,,2018-03-01 00:00:00,2018-03-02 07:55:34
0c0b58839bdc7b7d49396ddf94a3dbf7,3c557fef5b5d9315a99f7442ef013a8e,5,,,2018-03-01 00:00:00,2018-03-02 11:00:31
3ccca17dda6781525cb11a3e6bdc53af,f6ab013773ba1820dc3239e7388ab5f1,3,,,2018-03-01 00:00:00,2018-03-03 22:18:41
5697b16446dffd19d4e70ad2bf038c5e,c03c0621cf2e7845908985db3355f9e0,4,,,2018-03-01 00:00:00,2018-03-03 23:23:44
8aa8ed3bdb982ceb298961ad0b3c82da,f97ceada945c2f47998a4005f87f475d,2,,"Tive que esperar além do prazo prometido pelo produto, o que me deixou descontente.",2018-03-01 00:00:00,2018-03-02 20:19:16
96391609f318c12eb3ddee7128283935,cf307f492c4cc991cceb55f6c2a2370f,5,,,2018-03-01 00:00:00,2018-03-02 01:25:07
b33b549fa9f85906e5c0b53adb8336d6,45b0a3cd00a2eb44c271fdacffc8d859,1,,"Vendeu um produto entregou outro totalmente diferente e inferior, e ainda gerou a nota fiscal com outro produto. Ainda aguardo solução",2018-03-01 00:00:00,2018-03-02 02:44:33
cf298e9360bd57f32fcaab0c914fd853,6dc82b96e967ee5e211d1690573f8de5,4,,,2018-03-01 00:00:00,2018-03-05 14:02:03
2e76d98cf0ef2cd15ee60ba5031cff75,14d1d66db4507c974f85b272b16a2e6d,5,,"Loja correta, sem problemas ",2018-03-02 00:00:00,2018-03-03 12:52:50
371ba79f04d15c9e5c5c18010b9b6aa8,8531a53599c482d78f5eab067187c7fd,3,,,2018-03-02 00:00:00,2018-03-05 11:19:38
717662e1e553f9053df0fd00bd5cc34c,8505cbf7005b6ec865878f42abdb291a,5,,,2018-03-02 00:00:00,2018-03-05 16:16:21
91bfbf639889443e154def41be8944c5,d9f8510c453819ec4a9eb91851ea5fc4,5,,Como eu estava precisando das tintas fiz o pedido só achei o prazo da entrega um pouco longo tirando isso esta tudo ok muito bom ,2018-03-02 00:00:00,2018-03-02 23:24:30
9b4b09cdf4448d2bb8904d74310dbbf6,f86b96a15afabfbffbfe7fcad56b8ff9,2,,,2018-03-02 00:00:00,2018-03-05 08:45:25
b7fed5b2a0c119e3afe6745493068050,edc0fe108d350a1a98a62888287bc6f2,1,,"Minha impressora não tá reconhecendo o cartucho colorido que comprei. Comprei um original para não ter nenhum tipo de problema mas fiquei na mão.
O que a lannister vai fazer com relação a isto?",2018-03-02 00:00:00,2018-03-05 09:37:58
bb7c11a5ebb34f2d4867c4147f5959b7,80de3fd8e8d43a2f1c9b9561e8c2ff4b,5,,,2018-03-02 00:00:00,2018-03-02 18:45:35
f050c7508f61cfe5208fe9a0ce6b59b5,df9cda79de3c1e888f839780ae7b2706,5,,O PRODUTO CHEGOU MUITO ANTES DO PRAZO!,2018-03-02 00:00:00,2018-03-07 01:11:04
f242ce44c6572a94907a446b8fda32c8,714fb133a6730ab81fa1d3c1b2007291,1,,"Olá!
Minha queixa é a não entrega na residência. Tive que buscar no correio. Tenho um produto que foi devolvido, e ainda nem sei o que fazer. Talvez um telefonema ajudasse. ",2018-03-02 00:00:00,2018-03-05 01:28:24
1b711c45da5a15840adf1a25482d2d1a,a8bbc485329f055ce3addabfbf8d4f86,4,,,2018-03-03 00:00:00,2018-03-08 22:10:39
2afe63a67dfd99b3038f568fb47ee761,c5334d330e36d2a810a7a13c72e135ee,5,,"Muito bom, produto conforme anunciado, entrega antes do prazo.",2018-03-03 00:00:00,2018-03-04 22:56:47
2afe63a67dfd99b3038f568fb47ee761,49bab3f94ce298f6fde6208f426978b4,5,,"Muito bom, produto conforme anunciado, entrega antes do prazo.",2018-03-03 00:00:00,2018-03-04 22:56:47
4d4d1aafbc17cb6a4ddd2b68f7e7772d,09c29dc1d814f755a8183dc859945531,3,,,2018-03-03 00:00:00,2018-03-06 10:11:15
570cfa843c5846ddd555896d5db3b0d5,115778b69ef3f8bece387ae594bcecba,5,,,2018-03-03 00:00:00,2018-03-05 17:27:17
64cfc461ef3a513a2a4bc202743efc03,284b41fb8245e3c8c07c32ddb7572217,3,,RECOMENDO,2018-03-03 00:00:00,2018-03-08 15:48:05
68e7c9eb4272b4dcdda722560a4358c8,93b68446f352031c3899ff57f76f0a68,1,,,2018-03-03 00:00:00,2018-03-04 00:15:53
7675b8a627afea6cef406de7e6570530,5d9aa8310b11548297163fbfa1f78184,3,,PRODUTO MUITO BOM PENA QUE VEIO UMA TACA QUEBRADA,2018-03-03 00:00:00,2018-03-07 15:25:53
7eeb2cbff212e6c311994d274bc1a149,49bab3f94ce298f6fde6208f426978b4,5,,"Entrega rápida, bom produto. Conforme anúncio",2018-03-03 00:00:00,2018-03-06 12:41:39
7eeb2cbff212e6c311994d274bc1a149,c5334d330e36d2a810a7a13c72e135ee,5,,"Entrega rápida, bom produto. Conforme anúncio",2018-03-03 00:00:00,2018-03-06 12:41:39
81b4c0150f0f3b099b23e2362123f97e,bc1e260c14566150f353c716e61215e4,1,,"Comprei dois lençóis e recebi uma caixa com apenas um, sem explicação ou comunicado. Para piorar o stark não disponibiliza canais de comunicação p resolver esses casos. Só avaliação ou e-mail. :(",2018-03-03 00:00:00,2018-03-04 14:33:24
b33cbf4242c7b915a2aa8b494f4890c9,292fa4655c8e30747b2b465a8f4d14f7,4,,,2018-03-03 00:00:00,2018-03-04 03:04:49
d50fe9b0523b248bb35a9b7cf9f5685c,038297c93a230b204ceeca7e2720b464,5,,,2018-03-03 00:00:00,2018-03-04 05:30:04
fd56363899e56a7404b1830d68cdaa43,dc34d61bf65f9f7362aafd4fdc35d21a,5,,,2018-03-03 00:00:00,2018-03-03 09:31:23
fe944a4e4bdc1a9b53cec2cfe5d75828,d392709d59adcaff2d80dee55da91748,5,,,2018-03-03 00:00:00,2018-03-03 22:24:48
4c8fbd65ddd773cb3a3f804a0ca25ba6,9b86b1c24ecef19a6dec20a8750341f9,5,,"Entrega antes do prazo 
Único problema é cobrar frete mas a retirada do produto é no correio não entregam em casa",2018-03-04 00:00:00,2018-03-04 20:42:20
94c5e6ffeb3e0bf5d0524bba42195636,a966231d1abc5095725cb52a810d5694,1,,Estou aguardando eu comprei 3 produtos só veio 1 ,2018-03-04 00:00:00,2018-03-06 08:59:32
a0a641414ff718ca079b3967ef5c2495,169d7e0fd71d624d306f132acd791cbe,5,,,2018-03-04 00:00:00,2018-03-06 20:12:53
b36561d43457ad7e070ce4541a12a7ef,7eddb5687b87b586fd0b69083ad64b43,1,,Lixo ,2018-03-04 00:00:00,2018-03-04 22:58:34
cfa4cca4961deea72f43f58c6035ffef,d7ae3c10c3a4c7a721e64ba401ee745b,1,,Recebi apenas o controle ... o balde de peças não foi entregue.,2018-03-04 00:00:00,2018-03-07 11:26:30
fff499b80f66e1c189eab15613fc7bf6,8a723730400b508cbf47fbef4a76ec8e,5,,Muito bom.cabelo fica lisinho,2018-03-04 00:00:00,2018-03-06 23:53:50
2b230520810f78b0af7c9353067195b4,3db0dfe8a379d76e5c29f635c277325f,4,,Recomendo!!!,2018-03-06 00:00:00,2018-03-16 22:12:00
422033ed0509033c7d9adb35c40b473d,b0b49de4bb38c36e7acd74d879631d6f,5,,"Recebi no prazo e o produto é ótimo.
",2018-03-06 00:00:00,2018-03-07 14:09:32
7234525d2595064e4b8b7d03cd826094,518fcf931a950e2fdd0c4de17b5ed862,3,,,2018-03-06 00:00:00,2018-03-08 20:24:43
72f16302f142002e7c029cc6faad0ae2,6eb436e1a42af6f8b731fc54576181a5,5,,"Produto muito bonito , muito bem acabado pintura linda conforme o que descreve no anuncio . Entrega dentro do prazo e muito bem embaladas com NF .",2018-03-06 00:00:00,2018-03-07 14:07:46
d4708ed7293923ffda20a6090f2f4420,4edb04562e9ffe632e82e59f5b6fc115,5,,Já tem três dias que funciona perfeitamente. É só o que posso dizer.,2018-03-06 00:00:00,2018-03-09 02:35:50
5cf866fceb1461e72e336f8f355e977e,89fda551a6bc59c3a9d868a580cc6ca6,5,,,2018-03-07 00:00:00,2018-03-07 12:24:46
cbdf1a8efcceaa6954846f90462787cb,f9b80bc225fe1efa4384db3fdb46c2e4,4,,"Muito bom produto
Recomendo!",2018-03-07 00:00:00,2018-03-10 02:23:46
f7823c8ee1df13928f039c9cdd754f1a,2a8132eaf9676f8a46d18b33cfe3a993,5,,Parabéns a entrega foi agil,2018-03-07 00:00:00,2018-03-08 11:18:09
10762f100a795aa77d5c15f7ea9cb719,d3e8a13414ab6f219caf1745f1384b48,5,,,2018-03-08 00:00:00,2018-03-09 01:49:32
12dbe11b85f7a4b3512363a3328807f1,83170393ec3a57a446d28e0b5fe1f232,5,,muito bom...recomendo,2018-03-08 00:00:00,2018-03-13 14:22:01
6c32f6a3b4e9996e21d35e5130366d4d,9b9bad2c285cab8257e0dbadf191d8d9,4,,"Muito Bom , entregou bem antes do combinado nota 10 Sensacional ",2018-03-08 00:00:00,2018-03-09 01:59:52
7ba8c3e614f5908be3599bdcbb6b5ab7,6f8c04e8edee74deceff537063bd46cc,5,,,2018-03-08 00:00:00,2018-03-09 11:10:46
894f01d1c9c68aa540b4f3d5cda44882,e8c8d04eb8aefee37534cee9af6cefa9,5,,,2018-03-08 00:00:00,2018-03-09 18:04:11
c8cebc0bbd0dd738f883d7a83139ca3e,75559e14f308f4ff08427c567ae0a370,1,,Descumprimento de entrega em produto alimentício ,2018-03-08 00:00:00,2018-03-10 09:23:42
ef0e80d66fdc79ebf04c086fe293b320,05a4879e7e161809c8bf4d8171b0c670,1,,"Ainda estou aguardando a entrega do meu produto, mais de trinta dias de espera e nada de chegar.",2018-03-08 00:00:00,2018-03-08 13:22:07
1b8088a12b81d73a7cb9b9d6e77b67a2,f6b737b2892803a060990f8483c2f014,5,,,2018-03-09 00:00:00,2018-03-12 11:59:20
22ae653d9ad996d8612c9f457f065c3f,b513b10ef81dc22d15e850789a8a96b1,5,,Adorei,2018-03-09 00:00:00,2018-03-09 14:38:01
2b90613b6ff891a9b469f6f0446c119e,b9eb8b76c59fb1d0c2bd45104f5a9cba,5,,,2018-03-09 00:00:00,2018-03-09 18:25:16
78a3508a86c49464723896f75d4b4b4e,c13bcd05a0786cade9dec7974f1b5cc1,5,,,2018-03-09 00:00:00,2018-03-13 00:10:30
898c87fc7abf4353b4c82e98fae8c449,ca7296a83aa279afb28c2388a4f48891,1,,Quero meu dinheiro de volta ,2018-03-09 00:00:00,2018-03-09 09:22:42
8bb21b852dcbe0b91ca03f6b205e0a57,e4d8efa70d39268e478a400cd60f6e05,5,,,2018-03-09 00:00:00,2018-03-12 04:54:48
8f0e4bea36f52a5dc27ebc6fd92a6165,97fa69d1dadf68e14380efff921e2f08,4,,"Boa venda e veio direitinho, antes do prazo, mas bem caro. ",2018-03-09 00:00:00,2018-03-18 23:43:11
b093bd01792e08a1d995fad269880f2b,144e2a5f3cce02b2f4678bb2bd5107d7,5,,Adorei,2018-03-09 00:00:00,2018-03-10 10:49:32
ba25a04cc1e938fa1c3763513371db31,982f203457d0f597a575b40512d66b1d,5,,,2018-03-09 00:00:00,2018-03-09 21:48:37
ba9d9d8aef289b3a990308d6cda09e2b,8624c1e28cde5fd7175aa2e87e03d494,5,,,2018-03-09 00:00:00,2018-03-09 09:44:25
25cab1cba84f74a18748c12542f874fe,4a71e2b3cccb7dba085c8961c746578f,4,,,2018-03-10 00:00:00,2018-03-12 13:40:56
5cc6939ae4067a2f2ee63a1678c69b62,172eb17b2fa12d49f274ad27404ad1b9,4,,,2018-03-10 00:00:00,2018-03-10 23:14:33
8ad4fa301dbed8212b871775dda9cfb3,169d7e0fd71d624d306f132acd791cbe,5,,,2018-03-10 00:00:00,2018-03-12 16:34:36
d36708818093f4375bdb76e32b33cb36,7958d9e7f3083099780539e0054d0c54,3,,,2018-03-10 00:00:00,2018-03-14 18:03:18
edcd5ebf64c1b2994421d28b5da4958a,c26c0e4d81f8dabd04bd61f7545ece54,4,,,2018-03-10 00:00:00,2018-03-16 16:21:37
04cdd68ff0e8b61bbb3a2e4d189c470a,205600cda4d43b1596093a3297908ea5,1,,"Até agora estou aguardando a entrega da mercadoria, empresa não cumpriu com a data. ",2018-03-11 00:00:00,2018-03-12 09:29:42
5694ca454d53fc2d6b08620eaadc3d9e,db2e05029f564b8953ddf3766e3b99f5,1,,"Estou com meu pedido desde 15/02, ainda não recebi, gostaria de providências. ",2018-03-11 00:00:00,2018-03-12 14:41:34
cae64ef4ea1743b54f74b711fb2a83c5,7e441aaf6e4a5f2985bbe36be6e59208,1,,"Comprei dois cartuchos de tinta preta XL no dia 09/02, pq estava precisando e só recebi no dia 10/03 e apenas um cartucho. E a nota fiscal veio com 02 cartuchos faturados.
Quero só ver o que vai ac",2018-03-11 00:00:00,2018-03-13 11:47:22
29131453e662a20751e9063200b9c754,09eb1ae749fc79af3f5a2f4481efae6d,5,,excelente produto e recomendo!,2018-03-12 00:00:00,2018-03-22 15:12:49
e79cef4076821c10c63d429eab36d2e9,bd8de0e9e67e7b99e86ed5f18b600577,5,,,2018-03-12 00:00:00,2018-03-13 10:45:27
085249726c94ff746be15a614eb61926,119e67c344bd250bb9d6a6f1028fd678,3,,,2018-03-13 00:00:00,2018-03-14 11:45:30
8e17bef96f72d23af05d8a500776ba62,db46ef9887e9ac7aec3ad2f66978d632,5,,Ótimo,2018-03-13 00:00:00,2018-03-14 17:23:31
933ae6e9a3b9d53a3beeddcc67230d4e,bbdcda6bc4c7d4051fb9d26422a602ea,5,,,2018-03-13 00:00:00,2018-03-14 06:41:33
a6eb82062aba9f1d628e3f0e59e39ef3,52c5b44c805ae7434617748f59467320,5,,,2018-03-13 00:00:00,2018-03-14 06:55:01
a9919122631db4185e566eb2ce206a96,c12f6da2e568142b38a24c3c2bcf13a2,5,,Tudo perfeito ,2018-03-13 00:00:00,2018-03-14 09:04:23
c61e28565dd84678ed7affc380fa2e4a,ba874dd7cf834e16c5bbf9c2c1b4eee7,5,,"uma empresa que cumpre com prazo
Espero que continuem assim,visando sempre o melhor para os clientes!

",2018-03-13 00:00:00,2018-03-14 11:40:40
0a2d1206f8b2473cd3ddf69b51bca98a,8c389c12aa23b689926d20a01729206d,5,,,2018-03-14 00:00:00,2018-03-16 09:05:13
9c90c0a55ff77b50ebc54747ec09c145,98b2c1f7a79d3a9b3c053ac187ca9ac3,4,,,2018-03-14 00:00:00,2018-03-15 22:28:40
bb1b7d49a64e7b565cb2e1e849e7fc04,9646824929f3639e4b1733a40e3ae25a,5,,,2018-03-14 00:00:00,2018-03-14 22:33:37
bd8e770fb5c7ec0c784b78963ffd1ee3,2792c4f95b24c1a72641cd404561bdd8,5,,"Entregue no prazo.... Lindo produto, grande do jeito que precisava.",2018-03-14 00:00:00,2018-03-21 17:40:54
f7cfd38ee57d29c706a4733c5b7ffb00,c73711f15f170e7cd7717f6cca7c32c2,3,,,2018-03-14 00:00:00,2018-03-16 11:21:22
fdbf40d8f3fcfb03fee3144f424409f8,48f680279ad00e30a9d82f4faa85b992,5,,,2018-03-14 00:00:00,2018-03-17 11:31:51
28138682f0adf28d41abe2352904cd5b,e5f0df20f3f036b329b93eb2fde29a61,5,,,2018-03-15 00:00:00,2018-03-15 11:29:24
6b3c60712a2591b49c9828e8e4aa67ca,e01d0329ac61c8582a1c115d9af33530,3,,,2018-03-15 00:00:00,2018-03-15 23:09:22
93b31c9cd986b0b42ecf1c6decfe715f,87da0bebd85724d8dc20289da550ce1b,3,,"Chegou dentro do prazo prometido (12 dias úteis) mas esse prazo me parece muito longo. Compro produtos da Amazon.com, nos Estados Unidos, e eles chegam mais rápido. ",2018-03-15 00:00:00,2018-03-16 08:49:20
9d69f43ef46233213041342dc018fe3a,9b92d4432c1758cd4215f3fdb1d623a3,5,,UM PRODUTO OTIMO,2018-03-15 00:00:00,2018-03-19 14:49:52
a63ffb394876e91950d7654679f75016,23c5dff7c1173d8220f26bb0e881e2c8,5,,"Boa loja, entregou ate antes do prazo, super recomendo ",2018-03-15 00:00:00,2018-03-19 11:10:13
baae768ad05f6070e4fed9c3cd512908,7147bfba27147cf06600e5a1577d3a4b,5,,Entrega no prazo e amei meu produto.,2018-03-15 00:00:00,2018-03-21 17:39:44
baae768ad05f6070e4fed9c3cd512908,2792c4f95b24c1a72641cd404561bdd8,5,,Entrega no prazo e amei meu produto.,2018-03-15 00:00:00,2018-03-21 17:39:44
d0f5fad058fe0ad484ac561ebbf38ccd,edce2b8ca0cd95e95e9fdd2367beb2e3,5,,,2018-03-15 00:00:00,2018-03-19 17:32:02
d86ddf415ebdf9224751293dc90a7936,0d6fee6350875c4d645f6490e7f3ee5b,5,,,2018-03-15 00:00:00,2018-03-18 15:35:17
d9e04714cb417e5e67f6acfc5dd8b575,c7d894c7be2eb461fb04d81e82f0814d,5,,,2018-03-15 00:00:00,2018-03-18 09:21:23
f1050ffcb57b195b19e3da5adf3bba8a,178358411049ad27f877b8964564528a,5,,,2018-03-15 00:00:00,2018-03-16 10:22:34
167b40b617e650de2c473d70baae2e65,cb5b7fb63c0add7098c025cb737df02e,5,,"entrega no prazo correto produto em otima qualidade super satisfeita com a minha compra
muito feliz pelo o produto adquerido tanto na entrega como na qualidade do material recebido ",2018-03-16 00:00:00,2018-03-19 16:37:49
2e19e3dd6600cd67f04d70845b6f6994,6b2f7dba402cf63ca207bbe2cc05ef67,4,,,2018-03-16 00:00:00,2018-03-19 02:40:13
3dbdb167a0b12d22771cff55cfa3ebbb,433c1d6f7fd7b4f0fda2d4ebfa84036e,5,,,2018-03-16 00:00:00,2018-03-16 17:17:28
5b5b0e6597504ce2b332ce0b3d0282a6,6b2f7dba402cf63ca207bbe2cc05ef67,3,,,2018-03-16 00:00:00,2018-03-17 07:52:07
6b02cda72554c259764756ea873a9f51,b2aadb128e84058f8ff560dbe7466c1c,5,,,2018-03-16 00:00:00,2018-03-19 12:07:54
9a8069af700ee2d6a0cef4beecc0b113,e4fa46e65ad5c0c84cffc9dcd3176c66,3,,Bom,2018-03-16 00:00:00,2018-03-16 20:22:13
b3d97beeca7406c5e67fd7e871fec6aa,4a8dd75d2cdd9cb708636e1aa5a1bb29,5,,,2018-03-16 00:00:00,2018-03-19 12:06:50
b9004315497788a488b8fe833fd190bc,a05690d552685ceea5a59b90a278823d,1,,,2018-03-16 00:00:00,2018-03-18 00:42:11
1fa15922ab490eb25815dbee1f678371,89dcf119ac3433da8745b713ac6e1e4d,5,,"Produto conforme descrito, muito bonito, bem embalado, recebi antes do prazo. Recomendo",2018-03-17 00:00:00,2018-03-19 00:36:00
3802b02e5c6afc053b5c9cb109b6bc75,7f126ce314da7b5c37034cc7b24873a5,5,,"Entregou muiiiito rápido, produto excelente",2018-03-17 00:00:00,2018-03-17 21:20:54
3b06cc9a67898bec1ddccc5c60aeb1b2,34334129c5fc3f38fec577b122930761,4,,,2018-03-17 00:00:00,2018-03-18 17:12:54
64f865a80dd8cbabc166cf721f3196ca,4091882136d80ac3ff9058c8d81e10a4,5,,,2018-03-17 00:00:00,2018-03-19 14:59:31
71d3388f71d75c44554318cfd5c4e34c,777f517b51cac586a9532d1d8b596c10,2,,"Apesar de estar dentro do prazo prometido, demorou quase 3 semanas para chegar. Prazo muito além do praticado no mercado.",2018-03-17 00:00:00,2018-03-18 01:06:17
6f4f5126dab7c1122bb3902c04299e13,f16290559c863b848c56bd040fe3831c,1,,nao recebi o produto,2018-03-18 00:00:00,2018-03-20 15:10:03
d456e8065e5b6590bf6e26118b3a942c,dcef4484357754fc205095e165e01504,4,,,2018-03-18 00:00:00,2018-03-20 10:38:01
dc802d5e90de0becae76977219c9d247,cc61a8a634ed495116b2ce1fc8d1a1e1,3,,"A minha avaliação é Muito Baixa..., pois, ainda NÃO RECEBI A MINHA COPRA!!!",2018-03-18 00:00:00,2018-03-20 17:28:55
dee99e8f4e061e8691d64d525bf3dbf4,2ba2becdde8cc656098cdc16496a90c6,1,,,2018-03-18 00:00:00,2018-03-19 15:17:39
dee99e8f4e061e8691d64d525bf3dbf4,45390ff93f092f0de1524d486a172c33,1,,,2018-03-18 00:00:00,2018-03-19 15:17:39
8a076f1a07702af2d7d6d1c55f3a63fb,b102a55650928a816173fab1295e4759,3,,,2018-03-19 00:00:00,2018-03-19 23:38:30
0432cf8ab52ec0301eae75327819bbb2,257b9cbebe66bbd37b4233212ec1a909,3,,,2018-03-20 00:00:00,2018-03-20 20:16:49
1d38c5008120373cb9ffb74399461b25,a0718048b8aff866bc9372ef2e3c961e,5,,,2018-03-20 00:00:00,2018-03-21 01:52:31
40b01ab71da398267e52bc7cc85b4bbb,fc6fa7fa7977262db8df0b27a56474d8,1,,"Comprei duas malas para viagem e só foi entregue uma mala no dia 19/03. Já mandei um email solicitando o porquê que não foi entregue também a outra mala, mais até agora nenhuma resposta. ",2018-03-20 00:00:00,2018-03-21 12:12:47
7c9c060454626bb583897d7804bc3f23,1ab69e6a88c55054f55e82b7ea1c9d34,5,,,2018-03-20 00:00:00,2018-03-21 09:57:31
a334abcb91df2132f817e0ae76ee5d55,cb5b7fb63c0add7098c025cb737df02e,5,,"produto em perfeito de otima qualidade e em perfeito estado .
entrega no prazo dado pela empresa
muito satisfeita com a compra 
eu super recomendo o produto e a loja",2018-03-20 00:00:00,2018-03-23 15:59:14
e00eb976a9c4d67f1eb13e2c7e42ab7a,5f37c7c9cfd25572ee87b69b77f27b8c,5,,,2018-03-20 00:00:00,2018-03-22 22:27:36
0c8e7347f1cdd2aede37371543e3d163,81c2d284094f3b39baddefb519a30149,3,,UM DOS PRODUTOS (ENTREGA02) COMPRADOS NESTE PEDIDO NAO RECEBI AINDA E OUTRO (ENTREGA01) RECEBI EMAIL QUE ESTA COM DIFICULDADES NA ENTREGA E NÃO TIVE MAIS NOTICIAS ,2018-03-21 00:00:00,2018-03-22 01:32:08
353b5dc91aac025693e011edf9b4c20b,27a8d640e6a7be5a3b77ee064c07feea,5,,Sempre confiável comprar pela lannister.com.,2018-03-21 00:00:00,2018-03-21 19:32:27
45194654658900d76695b9f10399ed38,6611a632dd160c4990e284877626223d,4,,,2018-03-21 00:00:00,2018-03-26 10:54:56
45bc0ca8cc9a26eb02fe95e013e352da,0923cc4965fb98b0adcc8a7c6ee32f7c,4,,,2018-03-21 00:00:00,2018-03-22 09:41:15
45e1e48efec5258f958ba2ab01a67221,5fcbedfee2eec6f8ecdcac610148b4c3,4,,,2018-03-21 00:00:00,2018-03-21 21:26:22
6601eff068e2052ce70ccf93cab38bf5,b675c85f6d0f5171914694e00382548d,5,,,2018-03-21 00:00:00,2018-03-21 23:53:58
8d2faf11c25d442604dc66890d0d59c0,9df65e0ad2cbfa0485262629bb2b6605,3,,,2018-03-21 00:00:00,2018-03-21 22:09:34
95992db6a1a05c5f9d1c387f53e2924a,1bbd797e11dcb66d689e9b52df1784e9,3,,"Recomendo, pois o produto adquirido é muito lindo e com ótimo acabamento... masss... veio uma unidade com o vidro quebrado. E agora? Quem poderá resolver esse pequeno problema? Obrigado... :))",2018-03-21 00:00:00,2018-03-22 15:02:11
98ae1f742deb9415b8c434d97742f0c6,6542055e71e2ba285676fe57d0822618,5,,,2018-03-21 00:00:00,2018-03-21 19:36:18
9c0ff4d25d28bd004057ce16540abc3d,45390ff93f092f0de1524d486a172c33,1,,A mercadoria não foi entregue ainda..,2018-03-21 00:00:00,2018-03-26 22:01:59
abea85baffd7018b22455d119288e1a2,183a7d0aaaf6b16afaa897a44424494b,1,,Meu produto não chegou. Qual a solução?,2018-03-21 00:00:00,2018-03-21 11:26:16
ae32db741a26365fc901739ca37eda73,3f7ac2772804d1316e995c3621024c7f,5,,,2018-03-21 00:00:00,2018-03-21 22:21:46
bb9c485f8e2dd38a3af6f38187144722,006127b8b9a1681a982313ed7129c3c0,5,,"vou comprar de novo , gostei e é excelente os produtos obrigado!",2018-03-21 00:00:00,2018-04-05 17:13:26
c210b6e904e3c7c34ff91fca84356431,94f522c26f2681ad053b999e34e7b317,3,,Lindos amei,2018-03-21 00:00:00,2018-03-21 21:41:31
c9df916d4bc578567d99730fdc3cf478,6ecdb27739986bd7ba9b2817c39159e9,5,,Chegou antes do prazo!! Recomendo para todos!! :),2018-03-21 00:00:00,2018-03-22 02:01:12
d26cec5e647018b16a9ff4416ece7f4a,4ef1fb511f57ffa4b73140b0ac2d1908,5,,,2018-03-21 00:00:00,2018-03-22 20:48:37
f48241e26c577ea2e896c922492403cd,61587185bfde7d7fc6a93030ddf4a57c,5,,,2018-03-21 00:00:00,2018-03-22 23:52:09
f922cc4354d5f9d1bb74bff486829b5d,b41c58f1cdb089998bf02e8fae313c90,1,,Até o momento não recebi meu produto,2018-03-21 00:00:00,2018-03-23 17:30:08
0f2c910fb59dbd67b538353e41e8f208,d7b6d0af984b10e088f7420344115d2c,5,,,2018-03-22 00:00:00,2018-03-23 11:30:28
1ccb97d7497ef07cbbf2f6aa5768eca4,116665b63c365f63f79ab891a4a88cfd,5,,,2018-03-22 00:00:00,2018-03-22 14:28:31
1e62f9d5cf5ccb955bfee492ab431d59,011bf86f1b7dacebda2c874333cf656b,1,,"Venho apenas um lustre, e eu comprei 2 fico no aguardo.",2018-03-22 00:00:00,2018-03-26 22:41:31
210723ea4324c2ab02f6df883efc396d,a9c12c3dbd383763a49141b30627fd5d,1,,"Adquiri no site lannister os Cartuchos 933XL Cian e 932XL Preto, ambos originais HP nos descritivos, 03 unidades de cada cor. Recebi 2 pacotes, contendo 01(um) cartucho cian em cada e não originais.",2018-03-22 00:00:00,2018-03-23 15:27:31
2f772843cdf12645592cc2877916922a,999b8d758771edb14fdf3f1a280d8a60,5,,,2018-03-22 00:00:00,2018-03-24 21:52:15
39022e25eb0a66111548cd040acbb0ee,58ac1346bc2ee0cfbe205aacad678d60,5,,,2018-03-22 00:00:00,2018-03-22 15:17:42
80aeb1133e1b34222f088e6dae64e9b2,6bf16500099d133a8d085444083a6c90,5,,,2018-03-22 00:00:00,2018-03-24 12:27:37
838679cf3d2425f898644b368485de45,0f30693cac68f8597594c35a1dc38a8e,4,,"Nunca vi demorarem tanto para entregar um cartucho
Está vindo da China ? ",2018-03-22 00:00:00,2018-03-22 12:36:01
8d1f4df8afa2391767826667f1de96d6,0b39d78b430d574a6eafefe82c11b4a3,2,,A empresa é falha,2018-03-22 00:00:00,2018-03-22 11:55:39
973a2a6b811f2295d788c22c4f2ab253,ae647800f7009520d784c9c9ab2de7be,1,,"Compramos uma torneira para o banheiro , torneira cascata e é uma peça muito delicada de vidro , ela veio com um trincado no círculo, fiquei muito chateado pois não é uma peça cara c defeito",2018-03-22 00:00:00,2018-03-22 22:17:09
a2de0d3f01fb7d391b0bb9a872c5f004,d694c1f3e3e0bd20d4673555d43c875a,5,,,2018-03-22 00:00:00,2018-03-27 00:07:37
b2f4b8113f63fac9a23ed52aaf8705ad,4d107edcce9acf824db9d203dcf9fecf,4,,,2018-03-22 00:00:00,2018-03-23 01:17:20
c18d449df5be389ff69c7f062e7e8678,44b7e745838a4567bea39348717073cb,5,,"Chegou no prazo estipulado e o produto é de excelente qualidade. Indico para quem estiver em dúvida, fixa muito bem no celular.",2018-03-22 00:00:00,2018-03-23 12:26:50
d55591529e24aae7e3102ddce6050350,6dd1e9171ca5bf5283a7ba404d491d7f,4,,"Chegou no prazo. Só não dei cinco estrelas porque a nota fiscal não foi enviado no e-mail, e a que acompanhou o produto foi uma impressão miniatura ruim",2018-03-22 00:00:00,2018-03-23 00:28:47
04b53c4fd33363e075950d2537155620,6a82abcbfecb37ea8663513f7c4bf302,4,,,2018-03-23 00:00:00,2018-03-23 22:52:43
1e32ab40e482ee74f849efb4d9feff85,841a1c15177c6184088d268bc0f263f4,1,,Não recebi o produto e não tenho nenhuma notícia,2018-03-23 00:00:00,2018-03-23 20:54:23
31292f534558349afb5ce912635edb4b,4248cc55f19d24204c0c33dbb85fb696,5,,"RECOMENDO , PORÉM FIZ O PEDIDO DE TRES LUMINARIAS E ATE HOJE CHEGARAM SOMENTE 2",2018-03-23 00:00:00,2018-03-27 20:15:21
4d2cad8586bc300310cc70db186296d7,cbcffd62e7d1e6d26d3a6657731cb96a,1,,,2018-03-23 00:00:00,2018-03-23 23:01:43
761bd7fe3527ce8c967a8887dd6b433b,bdb92d2b88b1514aebc54ba49ed0c20d,3,,,2018-03-23 00:00:00,2018-03-26 12:27:55
aed28228cab25f2cbc325e1d755155a3,3602a80b09d914236f74c733631f3b8b,1,,"Muito atraso na entrega, sem Feedback com cliente. Espero nunca mais precisar comprar algo nesta loja. Não recomendaria nunca está loja! Estou até com medo de não receber o produto !
Indignado!!!",2018-03-23 00:00:00,2018-03-24 00:29:50
caabbba6ef4f38e75f7450b3bd47199c,38503f70701540d016bbec9c5f9ad4cb,5,,,2018-03-23 00:00:00,2018-03-26 13:56:42
cb20044d465890b4912d11205d143d95,16d56a02b43b518cd146d842555b22ba,5,,"Comprei e veio em 3 dias, produto conforme publicado",2018-03-23 00:00:00,2018-03-24 11:41:42
d2f0342c406199d86b098abfa1139879,542d558d7cd9f734858beabe2622b2bd,5,,LOJA DE EXCELENTE REPUTAÇÃO! O PRODUTO CHEGOU NO PRAZO E EM PERFEITO ESTADO. RECOMENDO À TODOS!,2018-03-23 00:00:00,2018-03-26 10:18:14
df542625760e3ca4692a69b7c66645ba,dec5c8b31036f767ced1d8a698be9a8e,4,,,2018-03-23 00:00:00,2018-03-26 12:19:28
eb455a4e31f2b869fc18f3d68f5c5d48,e63b37ab1f91c70300e77e21b27ad11f,1,,Correio não entregou o produto em minha residência. Tive que solicitar outra pessoa para pegar o produto e ainda por cima o produto veio errado. Lamentável.,2018-03-23 00:00:00,2018-03-26 10:21:12
ecfdd183dbb3ffac790f098d6d740302,4b47ca7c3201379f99ee4c1f4d0c80b0,4,,produto adequado às minhas necessidades e fácil de montar.,2018-03-23 00:00:00,2018-03-23 19:20:59
0b3faf2217ea5e498edf6a94a963f0da,4877379c51fc3c3826e6a62427675966,4,,,2018-03-24 00:00:00,2018-03-26 19:55:29
182624aa7eee83e4e491f0510faed698,7d11acc91c9f1986270f23fbf9c93e4d,4,,"Coloquei a placa assim que chegou. A maquina voltou a funcionar, porém é preciso olhar a mangueira, e o termotasto.",2018-03-24 00:00:00,2018-03-27 02:21:28
3ec41f7a89fb32593399494eaceabec0,2a631e30de2dfb9f193f5f25f13a3a36,5,,,2018-03-24 00:00:00,2018-03-27 00:06:42
55949740b909287e43933c25f5da831f,6c5139dc6f51884e3aef7c8359d820c5,1,,"O prazo de entrega já expirou. Eu não recebi o produto. Já entrei em contato com o site e até o momento não recebi NENHUM retorno, nem da targaryen e nem do site lannister.",2018-03-24 00:00:00,2018-03-24 08:27:53
591ba3f8455a84030270497124ad8466,905295157bd28424f6c3139dcde920aa,1,,,2018-03-24 00:00:00,2018-03-28 22:24:51
6b705a33098e0e91b7e6f3b3b577ba22,4a0e80769135f6a7ee952872fb2f7fc4,3,,,2018-03-24 00:00:00,2018-03-24 22:07:44
af35417ad10020405c6c82baced06656,38191a080c6c22b7c4268a2d51a8ac60,4,,,2018-03-24 00:00:00,2018-03-25 01:32:03
d5935c5ef51ba5ab2ac699d4a7e5137b,ffe2b9e50ccbd9695f42c906f6d9010c,5,,,2018-03-24 00:00:00,2018-03-25 02:05:50
e567f29f95b357e45b57d1f1bcd233b9,c78c4581ef415a62752949676aee4b2c,5,,,2018-03-24 00:00:00,2018-03-27 01:25:36
2e63f6df06dc2c9c7867a2e6350d49f2,f2ff6d86273f7dcc14a4ce28d03b3b12,5,,Otimo produto entregue ANTES do prazo estipulado... RECOMENDO... ,2018-03-25 00:00:00,2018-03-27 06:24:58
30e18ccf837093149a4f17dc1360a1ce,b674e463ea07d8a8fac9951be50283f1,1,,Não respeitou o prazo da entrega,2018-03-25 00:00:00,2018-03-25 10:21:37
5aaed62057c3e4e4c7e33112eefc0025,25ce3a22fa2537206c22c8bef4f9b593,5,,,2018-03-25 00:00:00,2018-03-25 21:11:11
98c814d9d3186fefd46a6737994d9f1b,aed4ee357f34e0cc3ce296eb5829d7ae,5,,,2018-03-25 00:00:00,2018-03-27 23:08:00
bfeb405ea6707254b4e96669caac3daf,b48cb919226eab68275c008f1c5057b8,5,,bom produto e boa entrega,2018-03-25 00:00:00,2018-03-25 17:58:43
51a5ad8fce860c22ac956e4230f729ae,484d8bdbb5839ffad3b48130d17db006,5,,,2018-03-27 00:00:00,2018-03-28 02:37:22
84479203da96c946ba4a7a2eeed4c3d2,ef0bfeea98c53b5b6fc4d39a7eeae081,5,,Muito bom e rápido,2018-03-27 00:00:00,2018-03-28 01:18:20
9e0cc4a4c2ee87c8ed36e2d47989dd40,fce11c1012b2c4e62437daaf24cf96a7,5,,,2018-03-27 00:00:00,2018-03-28 02:05:11
c89525b7e2214bca78f00cd2e3f39510,4d107edcce9acf824db9d203dcf9fecf,4,,,2018-03-27 00:00:00,2018-03-27 22:55:43
06f45fcd8b9b54c30b0de110eb849228,000e63d38ae8c00bbcb5a30573b99628,3,,5,2018-03-28 00:00:00,2018-03-28 18:32:10
2af839ae66a65959d6ae07775d0e7a35,bd859dd7a6a1b8c1df9fcb75c3604eaf,3,,bom,2018-03-28 00:00:00,2018-04-11 20:20:55
34195f026bd305ea3400a4e356f64e50,c760cdc6e5179c774d347aced5107555,1,,O prazo de entrega era até dia 26/03 e até hoje ainda não recebi o produto e já faz mais de um mês q pedi. Não recomendo ,2018-03-28 00:00:00,2018-03-30 03:40:13
6b4b129942f8f85acbd30b47a86ac0db,c4f5504eb498132dfe82275f26005459,5,,Tudo certo!!,2018-03-28 00:00:00,2018-03-29 01:06:37
84b3faf3f60fe45c630abd054b738ad2,1fbf181e068d25051390f9f53d45ce0d,1,,Ainda não usei.,2018-03-28 00:00:00,2018-03-29 00:23:36
b9e37560ced2001d956f839df1670b16,04d95724f8e595ca13c0806541d39973,5,,,2018-03-28 00:00:00,2018-03-29 21:14:43
bb7220f09b2df9f2e0f56a8312070da9,630d50b3a0f69b6ee270ae91d0594969,4,,,2018-03-28 00:00:00,2018-03-29 01:30:20
d6a49b0311ef42bfb270861035964fcf,fb1d06cccaa9f157355d83d52634c957,2,,,2018-03-28 00:00:00,2018-03-29 14:36:47
daaaf9b939433dfba6377055b246489c,94f522c26f2681ad053b999e34e7b317,2,,Gostaria de sabe o que aconteceu com meu produto estou desepicionada com as lojas lannister.Preciso urgente de uma posição da loja pois a primeira prestação no cartão está sendo paga.,2018-03-28 00:00:00,2018-03-30 12:46:35
e51bde91950aa0a29920d87799f2b886,534c285356eb06898b7ea7edbb14476b,5,,,2018-03-28 00:00:00,2018-03-28 23:50:11
0579119fe09c78e401321470a1348354,d1bca6bd89a51ad2a0753b608c06f469,5,,,2018-03-29 00:00:00,2018-04-01 00:56:09
24baa3be0d2ed8c091bb903ff4d42660,baa3ed04931dc1b84c68896bc5cfeffb,4,,,2018-03-29 00:00:00,2018-03-30 00:35:49
54048bb2c5e06bc2ab4e6da878bcf6cd,d52140bee663636aa4f6057e50bc06a3,1,,Não recebi o produto e a loja nem se quer me dar uma satisfação ,2018-03-29 00:00:00,2018-03-29 14:22:39
64b798072e372c1c60cc8044df9eb036,bd859dd7a6a1b8c1df9fcb75c3604eaf,2,,"produto regular
mas as estampas sao lindas",2018-03-29 00:00:00,2018-04-04 00:02:34
7f86dff3aff4f98d3e0f3934dd275760,ad5e4b37aefeac1f582990bd5f5097e8,5,,rapido na entrega e produto conforme o anunciado,2018-03-29 00:00:00,2018-03-29 16:03:26
a036d0d2a51a19beadb476be07fef088,3f35e6f6080a0f108570a0f177f8c2bd,3,,,2018-03-29 00:00:00,2018-03-31 14:04:12
a9d69ec14c122f4fe7c6de431811debe,fd84aa1fc4c825c367cbb777d82e5a2a,5,,,2018-03-29 00:00:00,2018-04-03 21:36:08
a9d69ec14c122f4fe7c6de431811debe,b062c88d0db22ff6a4e37c2df0f85333,5,,,2018-03-29 00:00:00,2018-04-03 21:36:08
e07eee7ad7666276bd8b27fbd83fd1ff,68b3cbc68e4cd1fe19bec35f1d3bb7ee,5,,relógio muito bonito e barato.,2018-03-29 00:00:00,2018-04-02 14:19:31
e4f7c64baa7422521942d795d627d88f,33b85e6449a3f1684051b4a02f871871,5,,,2018-03-29 00:00:00,2018-04-01 01:56:13
fd5aa433eb119ce2de9074d81852e07a,4a02bc45b72b95ce8a16efd46f2e1e47,5,,,2018-03-29 00:00:00,2018-03-30 13:29:36
1256a074cc97bc068c191e985bb66d7c,86d6fa41b6c66125efbca077e4eb2d6b,5,,,2018-03-30 00:00:00,2018-04-02 02:37:13
40071a8f43a07e77400fb1ae9e3ded0d,864c35df1adf744f8b1aed55f947f192,5,,,2018-03-30 00:00:00,2018-04-02 11:26:28
8a8ec8d610059a3d3c962315a881c2f8,a35bf517586a9609441f4d6f8db9f6d2,1,,Não recebi o produto!,2018-03-30 00:00:00,2018-03-30 23:28:07
a19f3a2138264041e02e08d5b5f1336c,7ebb465e553544cd857833f5421c456b,4,,,2018-03-30 00:00:00,2018-04-07 19:38:25
d25026282e14fc531f0711246e121cc2,ebc94658c583ab37ad4f8e9091c4bef2,2,,"Foi entrgue dentro do prazo, porem nao foi entregue o produto com as caracteristicas q comprei. ",2018-03-30 00:00:00,2018-04-02 00:32:35
d2a447f6214442db7c22636a6ec3a933,96f236475cf9ab0ff0c202d36a84b311,5,,,2018-03-30 00:00:00,2018-04-02 11:52:03
afbf2988dbdc480e574b7f65bbf2fcc9,9b95a53cadb5a007d0928bd00265ea08,1,,Não recebi o produto,2018-03-31 00:00:00,2018-04-02 13:47:25
cf960207b2961dbcaf39dfeffe75b2a5,787ae1110521f3a8bc19a7ac93b8c914,1,,,2018-03-31 00:00:00,2018-03-31 12:36:47
e2a26634e725ce0b76e262d4a6616746,694197f98148ec200eaeea667995bb35,1,,,2018-03-31 00:00:00,2018-04-02 11:14:08
3016737b78dd47e766e995754ebe5f38,7aec44a29db806091272db5aeb0007d4,5,,,2018-04-03 00:00:00,2018-04-04 18:30:07
4932c040a933b074cb346341a5797ba8,b8e8b6e0bd1954b4dd4559fb2e7665ef,1,,Não gostei da qualidade do enchimento das almofadas,2018-04-03 00:00:00,2018-04-04 11:56:46
803ce103904f4559206a7f2bb35a72f9,e5ab716f8e12b45fff646161c4c83ed0,5,,Produto e fenomenal ,2018-04-03 00:00:00,2018-04-03 23:40:16
9319c0b515aaa0fccec5cf6912b9e792,1b27045ffd0c3cc49c737c6ec7c4756a,5,,,2018-04-03 00:00:00,2018-04-13 11:45:55
c7095bc3f6d45d762a41c52b36cb97e3,15b5cb72b88eef3759d55a8d7cbf0a6c,4,,,2018-04-03 00:00:00,2018-04-08 23:37:43
f05c26d761544d60b79d7e50f923fd3b,16816559da5727e021514080413bf96d,3,,,2018-04-03 00:00:00,2018-04-05 12:00:42
f06ee9063fe55a2c91d9fdd9ebe7408d,823bfedb2c6c0e1d98750d4d7fb3c1a0,4,,,2018-04-03 00:00:00,2018-04-04 16:19:56
0e0a69b3130ca45352929c564f5ab35e,0199edc5b01351df8e73a674aa473ee7,5,,,2018-04-04 00:00:00,2018-04-04 23:03:57
10398bad17ab17c451c39a0b2c47464c,36783db8698edf3ba7585d93b5a1c4bf,5,,,2018-04-04 00:00:00,2018-04-09 00:00:43
295a7513de8ecb9a9b89e05f2f024aa9,2f67ec476091f734246617044852096f,1,,nunca recomendaria meu produto não chegou passou o prazo e a empresa não da uma satisfação.,2018-04-04 00:00:00,2018-04-05 11:13:15
36578ceec2a51f6fa5c7951afea394c2,db9f2956d5aa9406afedc858c51c2f5f,4,,,2018-04-04 00:00:00,2018-04-07 08:16:43
385e3113322e5e2d91c05f3de9761eca,17e3bdfb40f275e758587eb0df1e7516,5,,,2018-04-04 00:00:00,2018-04-05 12:21:00
4ff7c437ae60fa0b3c700ade55155027,66e4624ae69e7dc89bd50222b59f581f,1,,"Pedir 2 capinhas,estou pagando as duas e só veio uma.Entao não estou nada satisfeita e espero que seja reparado esse erro.",2018-04-04 00:00:00,2018-04-04 09:31:50
83cb0a8794f58a5154137c1edbf7a516,5e235e61ce267978794f9d8f22465386,5,,,2018-04-04 00:00:00,2018-04-04 22:03:45
8fd38cd215ce05a645eeee15edc6ebad,0c921abc41428f29f1b5d4c52714fe44,1,,,2018-04-04 00:00:00,2018-04-04 12:06:57
9e7027584b883a566624bda9af024c78,a8b53c7a7288e0478af915b26764b54b,1,,Mercadoria feio faltando peças ,2018-04-04 00:00:00,2018-04-05 00:03:59
9f9c3991f7cfcedc7962b7fc474ee796,303edeab6728412b08ad9c17990159a4,4,,,2018-04-04 00:00:00,2018-04-06 03:47:12
bee62df4971660d173dc75562129886e,36783db8698edf3ba7585d93b5a1c4bf,4,,,2018-04-04 00:00:00,2018-04-09 00:02:05
d22d52d8257c4685a967444a30061633,3dff7447814a5f3da382bcedafa59462,5,,"Todo o processo foi de primeira, parabéns.",2018-04-04 00:00:00,2018-04-07 00:23:53
f7830b4f901702afcef820745dff8342,113e0c165fdf93f9e1017dae01292548,5,,,2018-04-04 00:00:00,2018-04-05 10:09:47
1b046fe377ecb3ebe4269fc6489c7e4c,0cdea1c34ce2e9ca670b2e6df1d6c207,1,,,2018-04-05 00:00:00,2018-04-07 11:25:44
31c70766ec538f302304a843d9b36210,42f42f42e7e1be68ce691280f140b2b6,4,,"Uma das partes veio com um amaçado que dificultou a montagem. Mas Recomendo o produto, pelo valor a qualidade me deixou satisfeito.",2018-04-05 00:00:00,2018-04-06 03:37:20
83f0006655df5a1e2cc9b7d75fbee267,7fc9cfbe25b5e0d747a0b4ca5678aaf3,5,,,2018-04-05 00:00:00,2018-04-08 15:19:07
a0cef03c2a7415ccac35ad5bb938cd6a,773df75aea7caa830e319150c9e54c90,5,,,2018-04-05 00:00:00,2018-04-05 21:41:16
b60959477386e967e6a1eec4dfa40171,56f324c9f0ec2e68082d34b849622244,4,,Minha filha adorou linda lancheira recomendo,2018-04-05 00:00:00,2018-04-09 16:20:53
f22ec54dbad130177184ba1cbde4f1e5,9814a337a2470787f24426bf0af8b16b,5,,,2018-04-05 00:00:00,2018-04-10 11:12:44
0d51d6860f0554d848911a576e71495d,37c9baad44854a2d5ac7022b4228dbab,5,,,2018-04-06 00:00:00,2018-04-07 02:24:40
10616332eff60e0c28ce9c1ec38b1bde,7d265b674601988f57e127c10abba93a,5,,,2018-04-06 00:00:00,2018-04-07 01:23:46
134b1fc7ace58cee0fb0b883c1422860,6f45fec2b3df1efa2877044cda7a6143,1,,Os produtivos não foram entregues até o presente momento. A expectativa de recebimento foi frustrada. O valor foi debitado do cartão. Não recomendo a compra com esse fornecedor. CUIDADO!,2018-04-06 00:00:00,2018-04-06 07:36:10
1fa342e530d3968dad94ef68cf9d69e3,bb0254422b24df86bddb238203a16aa4,1,,,2018-04-06 00:00:00,2018-04-06 04:48:22
3e755805cff0d059a03620ca166e7e29,82546b6c4067f92f498a1cf281dd791e,4,,,2018-04-06 00:00:00,2018-04-07 01:27:28
44d9e14b622eb175b1af1d46d1ffa28e,0f0dcff95d53d151facf1af7575432cb,4,,,2018-04-06 00:00:00,2018-04-10 11:17:27
7e72e6dcaddc8224c669f4bc6893b2de,a0aef57f230423695817deb4c1b4fe7b,4,,,2018-04-06 00:00:00,2018-04-06 21:35:10
ae9b011d0fda9d353d17a2df73ba14be,dbf8b161073da5d187b1b739a7dc9b86,4,,,2018-04-06 00:00:00,2018-04-06 21:40:48
b3499f2fb1261bd6b1fbd625bad4cd5a,6eae3cf9505d45a6663aae819a2252e9,5,,"Muito rapido e produto que eu esperava , reomendo",2018-04-06 00:00:00,2018-04-07 01:38:13
222b1ef8cd0dcded5cc026b62f4a8fb5,e2af4ae300d48b96b78846e01a26c034,1,,"Meu produto estava previsto para chegar no dia 04/05, hoje já é dia 07 e não obteve nenhuma resposta. ",2018-04-07 00:00:00,2018-04-07 15:32:02
3b62bf0d1593a5a1743a3ca3f3aad2f9,db7b88e881d8890d4ea491444d0e43ed,3,,DENTRO DA EXPECTATIVA. AINDA NAO FOI INSTALADA.,2018-04-07 00:00:00,2018-04-17 18:22:08
787d07cc75efa85a9fcff3eb06054c71,94c302f23bee09a61c1aab616b01b7b0,5,,,2018-04-07 00:00:00,2018-04-10 19:47:57
a4b20da864d53d32e3ca0caa1b1f9923,e4a9d5a37203129914a3e9371fd5af07,1,,,2018-04-07 00:00:00,2018-04-09 15:01:10
d3fce9a7f59dcf74d72ffeeef1dcd031,3becc6bf91be2f15e6373b353532e294,4,,,2018-04-07 00:00:00,2018-04-08 17:58:36
3db28c6912f8538cf09f2c2f23b27ab2,324bba1a05579faca9bea05049eda757,3,,"Já passou do prazo previsto e nada ainda, o relógio é para presente e a data até passou, se demorarem mais, quero reembolso",2018-04-08 00:00:00,2018-04-09 11:10:09
4eb56a56758e9708a21e3f0faf38fbc0,4fc72988165ca65c53de230e436b1073,2,,"Gostei do produto, mas veio sem embalagem com característica do produto. Se for p/ presentear alguém (como no meu caso)Não recomendo! ",2018-04-08 00:00:00,2018-04-09 15:40:27
db20515efb5c5c2704a3aa4619df018c,55361b153c0444dab69a4f7fc00bbb66,5,,,2018-04-08 00:00:00,2018-04-09 14:44:12
0f400b5da6a7def21db3e0bb26759881,ba637aace31b817e0f186405ae78ccca,5,,,2018-04-10 00:00:00,2018-04-10 19:36:43
7a85a6864d1b9fd4f5676f7118ca5821,fd9cab205c6b8e485793804e2fdab6fc,5,,Bom,2018-04-10 00:00:00,2018-04-11 10:39:49
9537825d8904b06ba32853212503da2e,4b56b0f11819efbf57af78ef26982ca5,5,,,2018-04-10 00:00:00,2018-04-20 00:07:39
975c4fe6321502f8f2b655ac8a35425f,4d5edcd8dc3dd4c5a02b9a0d0773b621,1,,"Dois técnicos tentaram instalar o produto mas, segundo eles, o aparelho não conecta: ""provavelmente trata-se de um defeito"". Sendo assim, solicito a solução desse problema. Aguardo resposta!",2018-04-10 00:00:00,2018-04-14 19:14:38
a011f0d44a09c8310353248da7a8627a,5da33f2ec794bb55994fc59563a04107,3,,,2018-04-10 00:00:00,2018-04-10 22:23:06
bb139686d3999d4bd67a778fc4d0a1aa,bbb8f308ef79e2783aa8714a4fa7e2a8,5,,maravilhoso ,2018-04-10 00:00:00,2018-04-10 19:01:07
f486cd11667348d73dae1d150fba5dbc,9887daa2e1181336df4be8ea011d196a,5,,Realmente o produto é o q promete e chegou antes do prazo,2018-04-10 00:00:00,2018-04-11 11:06:58
fc046f9ab22f7583a6007971d526062d,08e4ca5f437f69407fb01cabd2d7a0b8,4,,,2018-04-10 00:00:00,2018-04-12 16:01:30
feb116377100d5858ed28dc757f2456d,31f2b7c70b716879e5c4080ef87f20bc,5,,,2018-04-10 00:00:00,2018-04-13 11:33:26
fef8c8a501186eb5cb36edbf19d99f8f,4faf80dc9fb66032ad2dfb5a78c2c56b,4,,,2018-04-10 00:00:00,2018-04-10 18:44:04
0da7dd39aa285ea2ea89344864f857f3,f83c68e578bac1175f2406be22ffa402,5,,,2018-04-11 00:00:00,2018-04-11 23:31:46
0e6b4f72c7ad6b42ec07a5fff84bd6fd,4b7597bd96f89b605623a55db1471b1d,1,,,2018-04-11 00:00:00,2018-04-14 04:51:13
1b97d6cd75e19e937ed56762701def6b,bf00ad2335cd5715823f0f1980a8e8ab,1,,,2018-04-11 00:00:00,2018-04-12 00:56:49
1ccdc91c61f9e61d0ff7b41bc3d91db5,08273b57741a2ee2f20725323393b0a2,4,,Parece bom,2018-04-11 00:00:00,2018-04-14 18:44:29
29701bff6cc5a034ac45c09ac93bd944,daed0f3aefd193de33c31e21b16a3b3a,4,,,2018-04-11 00:00:00,2018-04-13 22:34:56
4d9da7406ca8bf5e0505612e7911d21c,2dfb87489b5804dbc8293320a24aac0f,5,,excelente,2018-04-11 00:00:00,2018-04-12 10:42:24
66cb1f00f2a64c9bbc0eb483c419b116,90b3ce1268706ec7923743d5867f26a1,4,,,2018-04-11 00:00:00,2018-04-16 14:54:39
978ef63452f0483c7ba2e673f29186cc,1874385b2e1267b83f06520d354ae9fd,2,,"O controle recebido funciona mas é diferente do da foto do anúncio, menor e feio.",2018-04-11 00:00:00,2018-04-11 23:34:38
ab7bd067cb8d43cacd9921b243cbd8d4,9c7f5f2dbba113d7f850c122bf2dec03,5,Recomendo,Tudo certo com o produto! Recebi antes do prazo estabelecido e o produto está em conformidade com o anúncio!,2018-04-11 00:00:00,2018-05-02 19:50:24
c5b14f996ce5db47846c8146f22af863,987cfe3348684fc007a1e9a4825eadb4,4,,,2018-04-11 00:00:00,2018-04-24 14:21:20
db743fa5fc9b1d1a7b1f2e43f1d3e706,c811b2b32820eb21f261701e61e863c5,5,,,2018-04-11 00:00:00,2018-04-11 22:41:38
f4c839d173e5d4eb2460aecd3a9f4686,451d82f07a1528cdce26398f1f04f8f7,5,,,2018-04-11 00:00:00,2018-04-11 23:07:35
0970c29e48940853adc58018d074c9fb,af2bfbdf0c8be1e12b54c65605a0214b,4,,,2018-04-12 00:00:00,2018-04-13 10:36:04
29843a1db43708c984efd5f90259088d,1643b03ca11567c439096a981a2dc14c,5,,,2018-04-12 00:00:00,2018-04-17 21:23:27
3ed8758c61ffc1fd447d502b55ebe156,442f0c23874c2066610c590e95ebfa4a,3,,,2018-04-12 00:00:00,2018-04-15 20:31:09
4130539f0d7d4ffd3ac52a3a44127b24,b07680c80c64e1f1ca41d4337b5e773a,3,,"Pelo rastreio do produto chego a conclusão de que o problema está junto aos correios, pois eu consigo ver a saida do produto só que o segundo prazo de entrega que era 10/04 também não foi 
 cumprido.",2018-04-12 00:00:00,2018-04-12 12:04:30
4a72d60222d2209e1aa183eaddc0827b,b19f37ba4b4c83791c9bead49f965926,5,,"Olá, o Único detalhe é q uma trava veio solta, mas n como n vai interferir em nada n vou devolver! Achei o carrinho bem grande, espaço e parece bem firme! ",2018-04-12 00:00:00,2018-04-13 19:39:28
c9a122ef0d1775ad5d7ee434c75fdfb5,e0fc6abd74320ea468f697164f069f8d,1,,"Não gostei de receber item por item, já que se trata do mesmo produto. Preciso de 4, comprei 4 e vou receber separadamente, péssimo!",2018-04-12 00:00:00,2018-04-13 12:20:52
1d1a3e3310796ea252f9c39a87905adb,36a21ebc447622cc9eb08312851c256c,5,,,2018-04-13 00:00:00,2018-04-15 15:32:07
4c1068c4d321b73910c7bc63649bb10e,418c957162c86b348f44688790168fb2,5,,,2018-04-13 00:00:00,2018-04-15 20:10:17
66824b1eb179932a9b78136b3c158196,3928bef4d3f8fa821470cf243db72d24,4,,,2018-04-13 00:00:00,2018-04-13 21:02:13
6a740ab42d50c762a99e8f4a376e28cf,c729462935fadd2c85ec76f13e0421f2,5,,,2018-04-13 00:00:00,2018-04-13 23:23:36
7f3cb973b5642c0133ab0216040f5402,3b694fa216b9963c2df0ad993a355551,3,,,2018-04-13 00:00:00,2018-04-20 15:33:04
a643e685fe63385d22723653f138b44a,57e27e0f4ce02fc858627e4c46e51e9d,3,,,2018-04-13 00:00:00,2018-04-14 20:34:57
3028e14eb1f4fadd4bc8661959631056,69727f8e9f934f9177e36f31d1865c2a,5,,,2018-04-14 00:00:00,2018-04-16 17:34:44
5ef3e858da0ef7fffa56c7db1bded11a,f2194f10572bc6bfabc99465a6d3f55d,4,,,2018-04-14 00:00:00,2018-04-14 23:25:00
d1188cd378e938074bd89263a0ae0b75,5e5d1342989d05440629e2162fa52d07,4,,"TD ok com as entregas , porém não acredito que seja resistente às bases da rede , cordinha finas demais e pouca fixação no tecido da rede !
",2018-04-14 00:00:00,2018-04-22 12:41:06
debacc32ea0ee21dbc6dbc3dd5b1fc32,8798b3a8e3d4a597bcde0dab8ad1de17,5,,"Chegou antes do esperado, produto correto ",2018-04-14 00:00:00,2018-04-14 18:36:33
34bb48c5c4fc53db1505613ec7570f0e,9b692faed4adf2e5efb7c98de308aad0,3,,,2018-04-15 00:00:00,2018-04-17 19:39:00
6a558fb3ebbbe119cca59829cc2df58b,b0a793772ff8d61844c0b654b342321c,1,,Totalmente fora do prazo. Não entregaram meu produto ainda!,2018-04-15 00:00:00,2018-04-15 10:55:40
9083cc644f391d8a6e52ff5742135c05,e8ea9d1180aed78c71b3a9361bcdb9cb,5,,Produto de acordo com oq eu esperava. Recomendo. ,2018-04-15 00:00:00,2018-04-16 02:36:17
b78cf024a558fc79ec348093d1efaa40,c15a3ce7617aeffb3bfed1f6340d66e7,4,,,2018-04-15 00:00:00,2018-04-17 17:26:47
32c95dd79dc3f07e1015093f35817de8,777b4b0b8467866361a717d277ef1b1f,5,,,2018-04-17 00:00:00,2018-04-18 00:12:20
3946dc48283a9ef123bf80d19d50541d,131b770dae46d4fbf6e9a62a1b177ed1,5,,"Adorei,pena que as contas são muito miudas
",2018-04-17 00:00:00,2018-04-19 23:51:32
3f4f2a137c5a4e6f6c8601d5cd5c2e93,5f2f3348a05e38d5f31b04f858c606f4,4,,"Prático e fácil de usar, além de fácil de lavar. Recomendo. ",2018-04-17 00:00:00,2018-04-18 11:23:29
5d158fa73f518454b672fa3762ff8f4d,4ce0878b1fe7231ce22e503117abc62e,5,,,2018-04-17 00:00:00,2018-04-18 12:44:30
7d12e1d838a7ba25e9d41bb48898a890,4ece3211dc7b96c8b646fa8a727039e2,5,,,2018-04-17 00:00:00,2018-04-17 20:22:33
9f8fc1c2f40e95ece173a0a0787ac4c8,61fc1e01fc9cd8344b0d1fda336a8be1,5,,,2018-04-17 00:00:00,2018-04-18 23:41:21
daf56737bb5efd4a6fc96138bdae48d1,1a95c6f54a52a5b725f80bdbeac6cfda,5,,,2018-04-17 00:00:00,2018-04-17 18:07:40
f4fbd72473bda249fc83c368c6434a2d,c17789b6bce81222eaa468ad01dcc9db,3,,,2018-04-17 00:00:00,2018-04-19 22:36:34
f95fb5a34c4c73cfd403223fe7d75be7,5f855e92f134f2d544ec90a5864bc73e,5,,,2018-04-17 00:00:00,2018-04-17 23:58:59
0f5a7db142d82be4994b6e58b38524b3,ccd8c28b87350369cecbd3d56662c116,3,,,2018-04-18 00:00:00,2018-04-18 23:35:11
105c4b5d42f25f7d4c6e0c64eb069603,9c64098aed08a0e6989201c41dd75136,5,,Lindo quadro,2018-04-18 00:00:00,2018-04-19 00:09:13
6b253733d2fa71629968b6408a1703f3,4445dce651ca1507b70574af329d7405,5,,"O lustre é lindo, leve,e de fácil instalação. ficou um charme em minha sala, eu super recomendo! ",2018-04-18 00:00:00,2018-04-19 13:58:40
736dceb52710b5ac3da55c9b3ad6150a,f8f39c04af57100b2067941cddcb9376,1,,"É lamentável o que está acontecendo,está muito difícil comprar pela internet. Sendo que a compra está paga,já debitada do meu cartão,e até agora não consigo usufruir do meu produto.Não tenho notícias!",2018-04-18 00:00:00,2018-04-18 14:20:15
7d9da71ec31738461497b83d74eb75aa,0e66712947a6d0ae935240a304775a17,4,,"ótima compra, entrega rápida. recomendo",2018-04-18 00:00:00,2018-04-20 18:58:20
905b51d2ba2a02e2f87d8ce116f01a7d,b3e86749e6dd7b4df4f345abbd329912,4,,,2018-04-18 00:00:00,2018-04-20 09:19:42
9f1c78c5d2e92a8679c722dc44646ff7,667d5edf566de718db1489ba407232ee,5,,,2018-04-18 00:00:00,2018-04-22 05:09:53
a8fe397a4cbc8de251154535c5c47cae,e4b40fda48f1528f2b88921fa069b2ac,4,,,2018-04-18 00:00:00,2018-04-19 00:29:12
add0cdfb101e5421be9e747586949b93,8136bf2406388feb89749d0801840cbc,2,,"Foi entregue na data,só acho que a taxa de entrega poderia ser mais em conta.
",2018-04-18 00:00:00,2018-04-21 16:50:27
d3bc374612a95df0b1c3f8ab51a2d6c1,03344155603005842bd94ce8d65f2607,4,,Gostei,2018-04-18 00:00:00,2018-04-18 17:12:00
d8b2c3b8542b0fece888e2c6609c4098,8f3c52ba80c75571b11705b0405b8696,4,,,2018-04-18 00:00:00,2018-04-18 20:00:03
e86bbf6bdc7fa876c00c1549df97fda0,e2bdd50123225ac6e08ff517b00fd06c,3,,,2018-04-18 00:00:00,2018-04-20 12:03:24
120de02eaa1478511c9eaa46bcfd4f71,7bdcc37d1c5c4c392f14375e50a41a04,3,,,2018-04-19 00:00:00,2018-04-20 10:44:24
163ad44a17339dc75d70f203741df5ad,c596d8640962b115481b374c7b881f6a,4,,,2018-04-19 00:00:00,2018-04-21 20:48:22
66b3ea2c8ccfdb95998ed5c76862fcf3,313c8d52d3e2c7c1fa9e1e1882171a24,5,,"produto correto, foi entregue bem antecipado (2dd). Parabéns.",2018-04-19 00:00:00,2018-04-20 14:02:57
80ad501d3b01734b3445868b602334bc,e5733d96d53e3a8a13f59a0fe4c38d74,5,,,2018-04-19 00:00:00,2018-04-19 23:16:44
81e7291e2f92b492eb0340f4406c6897,93720f5a467d2edd5e84e209e8a9a4f6,4,,"Uma das peças não encaixava, estava de diâmetro diferente. Eu tive que serrar e martelar para poder caber e encaixar.
De resto, tudo ok.",2018-04-19 00:00:00,2018-04-22 16:36:04
a0f25d837f5ac3b22bff6caf5f0c1f1e,687b92f8f248395050a7f8147dab1ac8,5,,,2018-04-19 00:00:00,2018-04-20 18:03:23
fab8d44d3f1b64e3d40f8341968d4ca3,482a3e5009a4090348fe6f7d637a53a4,5,,"São lindos, como na foto!",2018-04-19 00:00:00,2018-04-23 20:58:47
17a0864f5a27132e1fccfcf762ac5e02,1ab55c7db816b2ab39b5b324a22f4251,4,,gostei muito,2018-04-20 00:00:00,2018-04-23 20:34:35
4292f07bf6cb46aa563a430e6d9cf10b,7ec4063a8ed5b8e7ab1b7bdd7951ffa9,5,,"A entrega foi realizado muito antes do previsto. 
Bom produto...estou satisfeita",2018-04-20 00:00:00,2018-04-20 11:17:21
5e2c79a78586681a3d47ed6d339da8c9,dce5d8be76c73098306a8f74b197fb6f,5,,,2018-04-20 00:00:00,2018-04-22 19:10:53
b19f38c0112a1821feb9d34957a1011a,244fa75a78000346e4055ffd6fabfcce,1,,,2018-04-20 00:00:00,2018-04-20 12:48:17
bdba1b419a65bb0324bcd4a62b540030,387ec4e22c1949a34d31106d809641e3,4,,,2018-04-20 00:00:00,2018-04-22 08:21:19
cd1e0cf886e95b19265112f712cf11ef,a2fc0d6559cd85b95e1a02c8d97d55ec,5,,Comprei em um dia e recebi no outro!,2018-04-20 00:00:00,2018-04-20 19:10:00
ee2e833f493c49f4d60ce1d9f13096e3,7b69c36bb030670f6cdf3f18ef627824,3,bom ,"tinha cancelado, mas por chegar antes do prazo, acabei ficando com o produto! ",2018-04-20 00:00:00,2018-04-26 18:07:59
06aa69a1b49b2dbccae9c59ed52ea730,9f76e95321ab8f7aa87cb1ec8152b38f,3,,nao era o que eu esperava...achei o relogio pequena ,2018-04-21 00:00:00,2018-04-23 12:08:07
443c82ea0b12bdc4457a22f859e0ea24,ad2a607cb972296b63c687849e21dd34,2,,,2018-04-21 00:00:00,2018-04-21 03:50:29
5da968a8d9679f8dcb359717a72652c1,af5248d345341f797de31954e0d3d2f4,5,,Excelente ,2018-04-21 00:00:00,2018-04-24 00:29:36
7ba021c08f1f581c3a010fa7b07f2ccf,f9a84fc50b50973cb20ce6494f8e7eb5,4,,,2018-04-21 00:00:00,2018-04-22 01:54:33
a0a3535ba5de64434f49701505c48592,8564eda5247ce8353cdf36e0ccd2f2c7,1,,"JÁ SOU CLIENTE DA AMERICAS FAZ TEMPO, NUNCA TIVE PROBLEMAS. PORÉM, ESTA LOJA ""targaryen"", FOI A MINHA PRIMEIRA COMPRA E NÃO RECOMENDO, POIS NÃO CUMPREM PARA DE ENTREGA ESTABELECIDO.
",2018-04-21 00:00:00,2018-04-23 16:00:24
d7d4bc1b40123dca547584f9066dd3d0,578403214d22590a9874c89eaf3c09b9,5,,,2018-04-21 00:00:00,2018-04-22 22:38:25
e662705cf3f9f554a132877c5cb4cf43,3454a64b94a71420a518187d8f96b47d,5,,"ADORO ESSA LOA, SUPER RECOMENDO",2018-04-21 00:00:00,2018-04-23 19:16:24
e9490806713d432d9a9294eac2bf8f50,8f91b7a70604c68b017c9f0f74149c1c,1,,ja esta em atraso de 4 dias,2018-04-21 00:00:00,2018-04-23 13:25:44
ea239d4c9ab911d6e498f962194458df,d8f68e0ae10289264edb3f3bf8cac054,1,,Primeira vez que faço um pedido pela Internet e após 37 dias ainda não recebi o produto.Era pra dar de presente sendo que a dia do aniversário já passou há muitos dias. Será a última compra nas Americ,2018-04-21 00:00:00,2018-04-21 20:57:22
3932b177e4c671218f88171e216320a3,245ddaef16302f47bdda5b7549ea20fe,4,,,2018-04-22 00:00:00,2018-04-25 02:59:02
4fda83cdef5bb8ab2aa996dc316dec16,ed04a2b3c21cbcd90c2071a22a8cbda2,1,,,2018-04-22 00:00:00,2018-04-24 18:24:04
2d892b5665bcce9f07e3ffd64101225e,85e3fe590f151c833f6a8a7e21983712,4,,Muito bonita e funcional. Mas infelizmente veio com um arranhão.,2018-04-24 00:00:00,2018-04-25 17:35:30
2f7b236f6e53dd16fbda162f9ff31f82,1b334143e8a49b412fca6260ffb12e76,4,,,2018-04-24 00:00:00,2018-04-27 22:25:40
47a8182e33a8196bd757a4355fe39bfd,1ceb22464e4c11a0441f0e153435696e,5,,,2018-04-24 00:00:00,2018-05-02 15:30:20
83676266494e6fc65f9ec7f35a3a4591,7772d2a6ca50ce99296982433145582b,4,,,2018-04-24 00:00:00,2018-04-25 16:28:53
90a3fd75ab9ac8d6b0ad524e89b78263,c9c25c5398564d49b8e1db3c3e620d4d,5,,,2018-04-24 00:00:00,2018-04-27 14:45:09
f548e12b9ca5b06b0f0949a0e9270871,4ee25083ee6cc047adea4955dce72c6d,5,,,2018-04-24 00:00:00,2018-04-26 23:58:11
fafb4d78ee1e130b8967ba0328e4d6a7,7fe1044f8a2fca89a6cc85fead509a72,5,,,2018-04-24 00:00:00,2018-04-25 02:44:57
691a079a035ebd3fdcd96502471db592,8a9c9e6f36131fb108495efe07936f02,5,,,2018-04-25 00:00:00,2018-04-28 00:10:04
7034f83ec2424395864c0e339d59ef04,b0b11a045f01b17c63a50af48627e177,5,,,2018-04-25 00:00:00,2018-04-25 20:54:10
75b342eee6c9ab42ad7cb1b483543b0d,9d3978b7f31f3af1566b7acab0b91a88,5,Otimo,"Veio antes do prazo, e o pro
duto correto de ótima qualidade.",2018-04-25 00:00:00,2018-04-26 14:52:31
b10a077c65ccd8cab33e94a06beb13fe,62073ec6b54b8e6322037fc0f3591ad3,2,,FALTOU CADEIRAS,2018-04-25 00:00:00,2018-04-26 15:10:33
b7f48030bbcdf390fddfe8b819e18684,f387eb734dc3346d68ecfdaf4f0ab0ee,1,,"Não entraram em contato, apenas cancelaram o meu pedido",2018-04-25 00:00:00,2018-04-25 04:14:00
cc1575d074a124fbb9f02bd9a28165cd,339063a819f93e6e25102c3bb66ab667,4,,,2018-04-25 00:00:00,2018-04-25 23:11:57
e8671beba34e70a94bdf668e2d61e01a,4932255e68f63e3a5f809bd4b96fc9a1,5,MUITO BOM,O produto chegou beem antes do prazo estabelecido. tudo certinho do jeito que eu queria. ,2018-04-25 00:00:00,2018-04-26 20:27:43
1e82634a217416d88b2c11f99204d8c0,9d033f810cbd1a45838c0d451bbae981,5,,,2018-04-26 00:00:00,2018-04-27 01:05:18
2c4618586eced518eb292cd6223a6cb2,84b1048a4e9d46efbb9e5a65c973cd11,5,Excelente Fornecedor,"Recebi o produto antes do prazo e com um defeito ocasionado pelo transporte. Contudo, o fornecedor foi super atencioso enviando um novo produto que chegou super rápido.",2018-04-26 00:00:00,2018-08-10 23:09:01
6f8679f80b1c044b4b8371c5e3404bf3,17660939d5287b04a8f9ecb64c178966,5,recomendo,otimo produto recebi antes do prazo ,2018-04-26 00:00:00,2018-05-02 17:41:03
73dbc0fa76cf30cac782f9278c66fef0,1190543041e25468b0370ddae215f01d,5,Pôde confiar,"Parabéns para loja pela rapidez,eu recomendo muito",2018-04-26 00:00:00,2018-04-26 15:20:22
87cfb942aa1e62ab29652ec10a14fd5d,47aa1d8d4f3edcd905a4ec406c3b5ab8,1,Não recebi o produto,"Além de não receber o produto, não tive resposta sobre o mesmo.",2018-04-26 00:00:00,2018-04-26 19:44:44
a54a085916397eaac5baad07e4532308,89d0eb869dcc92ab2efe63169f5b65ce,3,,,2018-04-26 00:00:00,2018-04-30 15:23:03
c2cf79d3cb2ad40ca3d4181437793c56,5c54f727a59912aa9d995d04a4fa2e83,4,,,2018-04-26 00:00:00,2018-04-26 21:56:43
f89ed85994dc131479ade16d8a678645,b8572787e40305c2a619dba4a1d78820,4,,,2018-04-26 00:00:00,2018-04-28 19:51:43
fcc932b2561f7556fdd38010004a8863,ebca4856d6b3b849437fe99d11633d25,3,,ATRASO EXCESSIVO,2018-04-26 00:00:00,2018-04-26 11:14:27
0791c771f1267190ec3ff08e214acb3f,04b2afb6447774881079872788d97883,5,Excelente ,Eu recomendaria essa loja. Chegou dentro do prazo. E ótima mercadoria ,2018-04-27 00:00:00,2018-04-27 16:15:31
50841888984cd336d768349e2b716c97,2e2c60b99754ae1e4d8b18846cfec9f2,5,,,2018-04-27 00:00:00,2018-04-30 01:10:16
54ab1e61cda452f59e4494767e30d677,4b04e5a08d1176f2e591c79479364956,4,,,2018-04-27 00:00:00,2018-04-28 11:39:41
8ce19516a61ab856999fb45efc569aa4,65d13486abbd44fdd686246bc21c5b75,5,,,2018-04-27 00:00:00,2018-04-30 12:09:22
8da376e0d94ad386df4dabca3144310b,bb7ae981de452cd0404838ff44ffdc79,4,,,2018-04-27 00:00:00,2018-04-27 23:26:55
8e3b8544af685b61074218b4cf5095eb,983878e0dee08c5570f8ec3162ac5927,5,Produto ótimo ,"Produto ótima qualidade, tudo certinho , não veio faltando nada e chegou antes do prazo de entrega ! Super Recomendo! não vejo a hora da minha princesa nascer para usar ele!",2018-04-27 00:00:00,2018-04-28 12:24:15
ba1d2fb702c3ebfe910fcd5a70b64806,3925b740d70eb26c3aefd1cabe5c8143,1,Cor incorreta,Quantidade minima,2018-04-27 00:00:00,2018-04-27 22:03:31
bd4f19c2b2ddd170da197b3540e57ed0,44978a07c53273143a18ff837c2dd68d,5,De acordo com o anunciado,tudo certo como deve ser uma empresa que zela pelo nome,2018-04-27 00:00:00,2018-04-30 13:50:22
cc1fd948312852963dacb5361b738266,1aabc8c7c8525b6ada34a6a07d88e26d,5,,,2018-04-27 00:00:00,2018-04-30 02:19:18
d6b0a9e1cc2bd827de2f63af37710456,41a48f4dc75f01b16dfa7e32cb456ebc,1,Comprei 2 produtos ,Comprei 2 produtos so mandaram 1 e n mim deram nenhuma justificativa ! ,2018-04-27 00:00:00,2018-05-07 14:58:19
ecb1e78374a1690744536453fe037c73,28cdccd6158be1d2d9a246963df39be3,5,,,2018-04-27 00:00:00,2018-04-30 12:06:51
eef80d182614e11838540dcfd2c03779,062b1b23a7928be5abeb406e5889e08e,5,,,2018-04-27 00:00:00,2018-05-03 11:05:40
032811b327620a26b41f36ce029c4472,1a4d91c156fe4c45c0ae24f67d49dc50,5,,,2018-04-28 00:00:00,2018-04-28 16:14:30
153548c59e368cae9ceeb1dbcdc64d4d,6f51907687d51529d5d0a147cf761f0c,5,,,2018-04-28 00:00:00,2018-05-07 17:00:22
2b9221db64f54c687cb46e3e5ebebcc4,6a5843185f8ef3ed2de016f4d88be0ec,5,,,2018-04-28 00:00:00,2018-04-29 03:18:42
52a227734fd7191da0f8cd732597bdc5,fa89b2c9bc90956a517714880dfeb6ac,5,Relogio casio,Site seguro para compras..,2018-04-28 00:00:00,2018-04-30 08:08:44
5b27644eb6a7c79082b61b97d6488cca,cb71bd92e29c501f67b650fa19bee739,5,,,2018-04-28 00:00:00,2018-04-29 04:29:49
644146021150e191416e4d64ddf06408,e5b56ce7a1b3dd73d7425145a4319df5,1,Cadê o produto? ,Estão perguntando o q achei do produto e da loja...o detalhe é q ainda n chegou.,2018-04-28 00:00:00,2018-04-30 22:31:18
68994f64a8b646a99cb7f10b2295f5fa,21359e988a499d8217626005d16a61d6,5,10 super recomendo,,2018-04-28 00:00:00,2018-04-30 20:56:44
9639359e75b844fa1b28648055c70b20,8eac09785112ead8f11813bff461fa91,5,5 estrelas,show super recomendo,2018-04-28 00:00:00,2018-04-29 02:17:16
98a6657ea26981c937c0cef2517b43fc,29adb190ea6b3fbffaeca57ecb48623d,1,,Meu produto veio quebrado porque nao colocaram ele dentro de uma caixa !,2018-04-28 00:00:00,2018-05-01 00:36:23
a29e2027f7585951a4b7bf25d1f57d94,f9b7d4be1a26d7a0017957e6a6f26e01,5,,Não recebi,2018-04-28 00:00:00,2018-04-30 20:54:54
f865642fd92bf9843f533558ccbda86f,7c01abde845d563a594a467b6a2afb67,5,,,2018-04-28 00:00:00,2018-05-07 10:56:57
4ba59660fb96f7b89ddda3de9234af30,125976e5bb61accc5b6c27bc74f08d49,5,,,2018-04-29 00:00:00,2018-05-02 02:36:18
a7e7287a36a93440ffdc95320308495d,0d336209744bc116bc1a7accb463c189,5,,,2018-04-29 00:00:00,2018-05-26 22:51:17
d49efafc9024d8bd0abf42385cbc7287,57a10b4e5b1a9982b487b6e33d8cc0bf,5,otimo,Tive muito prazer em comprar com voces,2018-04-29 00:00:00,2018-05-01 17:43:05
e057360360ac06fb9abc25efe4505413,8c8d824536e2e08f134637875b9154ba,2,Atrasado,"Receber com atraso é sempre ruim. O produto deveria ser entregue até 26/04/2018 e até o momento, não foi.",2018-04-29 00:00:00,2018-04-29 10:23:32
052150c42f7cc01bad8bd1b3d760f2df,4bafa54db6b060da198f23f810835969,5,Ótimo ,"
",2018-05-01 00:00:00,2018-05-02 01:33:47
094cb8ff58fff5bbbfab56e5e12af6f2,c2f195a14dc5e3a2f1f0fef011fa7273,3,,,2018-05-01 00:00:00,2018-05-01 21:59:15
378f0d32fe38ad2db1888d6cf4ef6b80,dacd9ea86285f197d0b7495e8af14781,1,Produto errado,"Pedi o produto na cor cinza e recebi na cor bege, pela burocracia para troca, tive que ficar com esse mesmo,
Pessimima experiência, erro primario.",2018-05-01 00:00:00,2018-05-04 01:52:36
57180e99e7fb058fa0f5824cf64166f9,79286de1c26bd9ff41852780758aeb89,4,,"muito boa a torneira, gostei ",2018-05-01 00:00:00,2018-05-03 11:06:56
5d0fe7703a671719b5a095bf2ba1ece1,c4449cba74f34a08a7c57edd66351427,5,,,2018-05-01 00:00:00,2018-05-02 12:27:55
a8ce40a577b62789aa6120eeefe91799,32d8aa395f9c9f357e1e3f7b214b9082,5,.,.,2018-05-01 00:00:00,2018-05-02 13:20:23
ad6ca817f959ca1f6ec5b859ed7b3fa9,a43bf41cb94b07041262735892521605,1,,Só recebi 01 rádio e eficiência um kit com 02,2018-05-01 00:00:00,2018-05-02 16:45:25
afcba2895df859183ee1e6eaff0e3fd0,ce06972fe7c25dca520903409efcb744,5,super recomendo,entrega antes do prazo,2018-05-01 00:00:00,2018-05-01 22:55:30
be84c66d28ff87043f5b079b46e62849,9bd1262011363cf74478ba1d6f04ab28,5,,,2018-05-01 00:00:00,2018-05-02 14:30:47
f2ab136899d66379c081ff7df3a49764,7a2c45e504da96aebfc8a8268e49b920,5,Impecável ,Sensacional compra. Tudo perfeito. Ganhei até brinde. Recomendo. ,2018-05-01 00:00:00,2018-05-01 23:48:55
fc1e7930d5b6aef50a4822428fdd56ae,18a0085788733945772c772b19bceed7,5,,,2018-05-01 00:00:00,2018-06-06 00:32:54
fc43b17397bf3bd469100cdfb186d6e5,c6735c93a3773ffe872b4184ccfdad09,5,,,2018-05-01 00:00:00,2018-05-02 18:30:29
6384175c33a84f0f43427fdfb5557939,60e43c5f5ba559d9dd19357ed72cb2f2,5,,,2018-05-02 00:00:00,2018-05-02 15:18:35
dd2fbc4b08bddce4f1e7f70e00395947,31db4f9c6c262ac89aab6f7e4c9014e7,4,Recebimento tardio,Só recebi o produto após intervenção do Procon. Eles cancelaram a compra e abiram outro pedido. ,2018-05-02 00:00:00,2018-05-04 21:46:18
39bf74175a33da80af0e590d38d6a829,75f0605fdfa742b228b0d080be350b26,4,,,2018-05-03 00:00:00,2018-05-05 19:37:30
3d5a24665000f8aeeb96511978a27da1,75fc2d6227460881589d526e733e0499,5,,,2018-05-03 00:00:00,2018-05-03 22:44:23
3f3efbede2e50d200e8f85443e3a91b8,041082480b107a1303236e0c21b8bcd5,5,,,2018-05-03 00:00:00,2018-05-04 11:29:52
47bafcea927ac5978e7d7c8ac6bba61e,0700a8e0947d76a90800538ff87da453,5,,,2018-05-03 00:00:00,2018-05-23 14:51:30
4822849a51898252353f21d8c73373e9,72be45eab146087612b9ee932e825574,4,,,2018-05-03 00:00:00,2018-05-03 22:02:15
67a164fd90d8f9cdcbba732056cd63c5,4173b7694f9c23cfbbaa1bfb2f9593b3,5,,,2018-05-03 00:00:00,2018-05-05 23:42:44
73cd92e2644889c0c3ddbf8fc5d96601,66f09793372dff42b079b7578f7157ee,3,,,2018-05-03 00:00:00,2018-05-07 01:59:11
9ca467773f2ee8fb11c531e757fffb53,01b02139ac5f79a5de2c56284af7bb3e,5,,,2018-05-03 00:00:00,2018-05-03 18:23:38
a8c7da31dcdf7d508c360d8312634990,e9541359c8913cd9c5a99703b92f84fc,5,,,2018-05-03 00:00:00,2018-05-05 14:52:56
0243b214afcf9623036b7603c41b91cf,d74e29bbba41049b6c17603fd9fabc58,5,,,2018-05-04 00:00:00,2018-05-04 22:02:19
24b2da647f91fbedccd5a733434c8504,4b06a335eb20f25b8c5ba42e29355b6a,4,Entrega perfeita,Recebemos mas ainda Não testamos o produto . Amanhã sábado o faremos,2018-05-04 00:00:00,2018-05-05 01:18:24
405821ac2dc3c89d886a4261627f2ba5,aca33246293a698b982644421ce2170c,5,,,2018-05-04 00:00:00,2018-05-04 20:39:20
8d7d0da2531399de0eb7572e19d6b812,4caaa2c8d6544804296a156b210a8d47,3,,,2018-05-04 00:00:00,2018-05-06 23:10:08
c0712d9911659e8ff790c7911d744906,90e4a419d8ab272d501cbed937d46920,5,,,2018-05-04 00:00:00,2018-05-07 19:17:30
cd94db9970b5bb8af8879d0547bca7cf,842f46cb12e63f6ed6e5266efd2959ce,5,,,2018-05-04 00:00:00,2018-05-04 15:18:31
d1d1c1411a39504b02520e64dd032bde,e001ff2589d23a48871d224d2a54e187,5,parabéns,"vou recomendar o site , muito satisfeito",2018-05-04 00:00:00,2018-05-05 10:19:03
f75be01796e4b1cac0f8301b68a5bcbd,7fd35dbb2e6b19af4c9e7814a650597d,5,,,2018-05-04 00:00:00,2018-05-05 20:18:50
40d789392c7b63f91b405df9e65690ca,df2bdc45d6c56cd6dce35aea5c391f4e,4,Ótimo ,Bom produto bem bonito e muito bem acabado......,2018-05-05 00:00:00,2018-05-05 22:44:57
48330125da9256304bc0a3d773981b6a,ac71263052acddd3b2031b5937f8fc30,3,,,2018-05-05 00:00:00,2018-05-06 00:45:20
4956031ba0104390deb63eebc32d8452,8ac52bf45b719c91c665c11e5696f199,5,,,2018-05-05 00:00:00,2018-05-06 09:53:24
528d503842019dacd55c290bb0257056,e94de4ac53c1d7b914bf6cdb13fd9ce0,5,Excelente compra,Veio tudo certinho e a entrega foi bem antes do prazo.,2018-05-05 00:00:00,2018-05-06 14:14:00
57d94c6fe87c8a0cd93c7909879303bd,39dd6ee10ed18591bddeb83c8136dd52,5,,,2018-05-05 00:00:00,2018-05-05 23:59:42
5e98aace7b73cd3375c5946203e8a805,452659f1bbc22357a8b75386eb2beb34,5,Recomendo,,2018-05-05 00:00:00,2018-05-07 21:38:34
6b47a3257da75745f1a3e5c468e573f8,02d0cd05f04ab2e3c1acc473b0abc865,1,Não recebi o produto ,"Além de não chegar no prazo não consigo rastrear ..
Só diz que há dificuldades na íntregra e mas nada !",2018-05-05 00:00:00,2018-05-07 11:10:54
965b363d3f08258dbf10c3fe7c3ab2f4,f68b600a2c44fc312a68d5dce8f95803,4,,,2018-05-05 00:00:00,2018-05-08 10:44:24
d7cc17c3831f453d3f921bf4c3f7ceec,4b007a72f108b589a20227ab419705c9,4,,,2018-05-05 00:00:00,2018-05-06 21:57:27
f541ca6222ee91321b6d9938b23db8e0,06b7df1d1d3dd3e36628fc7078908592,5,,,2018-05-05 00:00:00,2018-05-06 21:08:45
1226ec6e120aebd5ae29bb59859aac9b,ef519547cb72d3ac42ff707948fdb963,1,,Prazo esgotado. Produto ainda não entregue,2018-05-06 00:00:00,2018-05-07 18:11:09
7577a8f992b820934c2170d06b835c34,40b6a430e16e22f01fcf64a0a39d8aad,5,,,2018-05-06 00:00:00,2018-05-10 17:06:11
05ad45cb792d7d6003e13da6afc03d03,838539a55877b06f3f297a3a0b7f46ca,4,Tudo certo,,2018-05-07 00:00:00,2018-05-08 15:38:08
50a5704d98711a26be1c488da683b880,a9fa4232de4a87398cfab2a5bcbecc56,2,,"Primeiro porque demorou muito para enviar o produto , utilizando da estratégia de alongar o prazo de entrega ",2018-05-07 00:00:00,2018-05-07 20:22:40
6be41e5e91965cea148b1a7d003ca2a7,e6fad28cb7f01e461467af959930ae8a,4,,,2018-05-07 00:00:00,2018-05-07 20:16:40
36ed3c7220e98b9bc69a488a585a4a7e,a0e5cf8a708c50312bc633668bc0e306,2,,,2018-05-08 00:00:00,2018-05-10 21:45:23
6a21ac3021d13595598dc61d72f7b34c,3d31baf1573b52990d33a1f9d2f03ce5,5,,,2018-05-08 00:00:00,2018-05-10 15:31:07
6c9431b423271f9d3c33556cc50e0c12,062ce984a468dfa021e43bdf17ae158c,3,,,2018-05-08 00:00:00,2018-05-10 21:47:59
7915e960f5094fc36e0103b1592f92ba,4832ff0402c0e07fcf802721babe2b05,5,ok,//////////////////////////////////////////////////////////////////////////////////////////,2018-05-08 00:00:00,2018-05-10 17:37:58
e898b86be542e3237780da9107f48b98,b22050106236d9b58750e8bc6418298b,5,Cinco estrelas ,Muito boa ,2018-05-08 00:00:00,2018-05-11 15:09:01
eb11612129f42e2fd53db6b9cd8e83cf,cd44314b084629fc21d3a0dca3147f7d,4,,,2018-05-08 00:00:00,2018-05-10 17:55:41
127d4bb536e45555c24c183247beb6b1,cb0bbf1c3c3c44727e7374c8ec944154,4,Confiável,"Produto correspondeu à expectativa.
Entrega antes do prazo previsto.",2018-05-09 00:00:00,2018-05-09 22:01:28
36e7b53669ae85c66189c1ca55da4607,9692f3f8431de918c3daf5fd26a66668,5,,,2018-05-09 00:00:00,2018-05-10 13:49:14
5c3e54b6b704fd3a2f55289885a2c2b7,6f7167ff12cbdba10fcff1ad215166b7,5,,,2018-05-09 00:00:00,2018-05-10 10:58:58
6fda9e6a369f411db9d95ff9d3b07a9c,e0656680044e57cdeb0d3ec00c152a39,3,,,2018-05-09 00:00:00,2018-05-11 23:31:27
79a06e70817c4d4232a8ecf887b14ed6,820dae5229a9c2f6d7cfcf9e327c46a7,5,,,2018-05-09 00:00:00,2018-05-10 23:40:56
810e185ae9a3f28e28b7e71c2f301ac6,fd4907109f6bac23f07064af84bec02d,1,Enganada,"Comprei um relógio por ORIGINAL, além de vir falsificado veio com defeito, não funciona, e ainda me cobraram garantia estendida ",2018-05-09 00:00:00,2018-05-10 14:21:25
b6a979249b5b4ddd4c419e88b3602ffc,bcbc8a3ecee336fb4246953d88479a9a,5,,,2018-05-09 00:00:00,2018-05-11 23:00:07
bd12995686fc274ea20e87dababee071,8c64ba171311b3312bd880905b8da534,4,recomendo,"sim eu recomendo, chegou no prazo.",2018-05-09 00:00:00,2018-05-12 18:06:30
c5387861a0b35073375722682f4ed963,fd58bdbb6cc5d7519e063c3ceb7e951b,1,Regular,,2018-05-09 00:00:00,2018-05-11 22:17:30
f83662225a05c09cc54b6054d21af68d,a2c925a9aed482554a03fe2729c7b0e5,5,,,2018-05-09 00:00:00,2018-05-11 23:22:13
1eca8570e301d2d9ee72698803c6ae41,f0b47dadd5f372c41ae2cab6c72877da,5,,Muito eficiente entregou bem rápido eu recomendo,2018-05-10 00:00:00,2018-05-10 23:45:39
2588680763b03e5e9dc9bee4865a2c6e,707ce3d3698a90d1ab9d9c2dc47223c2,3,recomendado,preciso de ajuda este meu produto veio quebrado e desde que recebi estou entrando em contato com vocês e não tive nenhuma resposta.preciso de ajuda por favor ou vou procurar outros recursos me ajudem.,2018-05-10 00:00:00,2018-05-11 13:54:43
3adc2a265d4d18364d753e2f5b4e9f40,75e8542a91d9e76f206025e089a981f2,5,5,"muito boa, entrega rapido e sem complicações",2018-05-10 00:00:00,2018-06-06 17:06:11
7c6390e8fd0f6edfbedabbd31481b62f,8cbc1df0d0a62f36bd6de6496435e51c,4,,,2018-05-10 00:00:00,2018-05-11 02:25:18
8f2351d96356b9690bcf1d67a90946d2,cecf84099dc3067ec87149ddac39105a,4,,,2018-05-10 00:00:00,2018-05-11 03:41:11
c32a0bca39804573d247e8f19c2859a8,ac9dfcb098b29edba5d0cbd3b4febefd,5,,,2018-05-10 00:00:00,2018-05-11 11:38:12
cfeabd3a606b021d2a6eb59494136e7e,d6c486ebb46b4882e3ea353fcff04ff6,4,,,2018-05-10 00:00:00,2018-05-11 10:09:05
dac7bfa21077d5c01dba4f231631b8fd,a94c3f9f786e8db6bb345f6489942a3a,5,Excelente !,Produto chegou bem embalado e antes do prazo final de entrega. Recomendo!,2018-05-10 00:00:00,2018-05-11 09:31:04
263d75e9df60b5c465bbc29d2992256a,56e74cf3d3be617b843ad339dd83706a,5,,,2018-05-11 00:00:00,2018-05-14 11:29:46
362f5444267796534abeaf99d71fca54,4698210068ff4fe55a812e51e337a80a,5,,,2018-05-11 00:00:00,2018-05-16 14:20:02
528e5b9db65b0ee771d9b488141b55fc,b165a0179ee138cb24d5cffb1129afb5,5,,excelente! chegou antes do prazo,2018-05-11 00:00:00,2018-05-12 22:49:47
615bbe3195839fcf8852530727db5968,52f8732e6b72c0e21fa23aa1101c88ea,5,ju,Muito bom compra com vocês ,2018-05-11 00:00:00,2018-05-11 22:51:19
69a9fe09408c99f657549de879aa5a93,030c39b681ff2f80d984e9190524a029,4,,,2018-05-11 00:00:00,2018-05-13 21:11:40
925fe2765ffa2e0a256bbfd3287d3c62,7264146dc0b366ab7e89b2f947bff7ef,4,,,2018-05-11 00:00:00,2018-05-12 10:14:11
c8d363dd111797bf6e26feeb64991ef8,daf0e5a480cf841aaad91caf8783080e,5,,otimo,2018-05-11 00:00:00,2018-05-14 12:01:14
e1fc153beb1dbac5db9f022f9792d32f,92067448c4d19cbdc8e0f8dd683e63b8,1,nao chegou,produto chegou pela metade,2018-05-11 00:00:00,2018-05-14 17:20:57
05b7545fd8c4e8b1736846c166976225,5e24ecfdf90a8dfceb3cd8ed37db5c26,5,,Super recomendo chegou bem antes do prazo ,2018-05-12 00:00:00,2018-05-13 03:24:26
5a1eca23a3b9cae054b266b583ae9c89,660a7ffb4e94f34f45b4a1e2c04916d6,5,Recomendo!!!,O produto foi entregue antes do prazo estabelecido e o valor muito competitivo.,2018-05-12 00:00:00,2018-05-14 14:00:32
66d44b0ebd4b1f03cb6715a40216d606,4735d69a263ba04fa00533b8f3d317b1,5,Produto de qualidade ,"Entrega com 10 dias de antecedência
Por isso só compro no stark ",2018-05-12 00:00:00,2018-05-13 12:36:01
b49d866ea48b0daeb417e4b79170aa6c,6482040c4887d33a7129473d3db4d0bd,5,,,2018-05-12 00:00:00,2018-05-15 10:21:29
c9a0059a0284cc8392a963015690af97,9bd90698ab1e822ca4cb1e2a0de42fd4,4,,,2018-05-12 00:00:00,2018-05-14 12:57:53
d6a3c0dbffe094ae591420e329ecdecb,f1c86903d3391692abff1d2cbdb642ad,5,,,2018-05-12 00:00:00,2018-05-12 22:23:05
d72415f76d1b76060f8d5ae2728c6588,ea88ef80cceb79ad79ed25ed33d0b7d9,5,,,2018-05-12 00:00:00,2018-05-13 02:17:43
152e21212ec666b0cab894c95658e86c,5c19e256f5972c1dc427a1a1f9940a3d,1,NÃO RECOMENTO,"Fiz o seguinte pedido: Carregador Qi Sem Fio Base Premium Samsung Stand Wireless

Chegou esse: Baseus Fino Qi Carregador Sem Fio
",2018-05-13 00:00:00,2018-05-14 12:50:57
d7291ae01656385cfcaaac82181df23e,d54bea5ba90238aa83323565749538a1,1,Combo não entregue,"Comprei um combo composto por carrinho + Moisés + bebê conforto + adaptador. 
Somente foi entregue o carrinho. Os demais ítens não vieram.",2018-05-13 00:00:00,2018-05-17 02:05:52
11d080870bba1f6ee139bd07dc192d2e,4433ebc14c69e56090cb4e96d574d9c3,4,Bom,Acho que o produto deveria ter um prazo de validade maior.,2018-05-15 00:00:00,2018-05-15 19:52:09
55e75349772296ce03638d94f56a2551,28572ca6264628bbdcd513eb363d6b3a,5,10,,2018-05-15 00:00:00,2018-05-15 22:25:01
5e8f85f2e0575ecf777a8f21ef191e8c,d4daa9ee1fe28458773297759dbfe2bc,4,,,2018-05-15 00:00:00,2018-05-16 13:23:09
60e03d944fd2b15176da78e80662dd27,92a507a7a3a1fa4b94cdeb6699913e0d,5,,,2018-05-15 00:00:00,2018-05-21 02:17:16
77d1ca44260a4214d0c9e72d1d785a11,1cc21285010bbdedb27bdf5995367df5,1,Erro na entrega,Recebi produto errado e não consigo retorno da loja! Continuo sem meu produto!,2018-05-15 00:00:00,2018-05-20 12:24:47
7b3aa990f4f3b9a2f9af3bcea9ce36de,0d8b3fb610ae4ac24891052ed60e8a2a,5,bom,"tudo ok, como esperado",2018-05-15 00:00:00,2018-05-21 02:36:40
b29ebe17cbc488b093a1e57fef77559e,695b3b57992d9247ea1b44bc6ec32978,5,Otimo,Recebi rapidamente o produto,2018-05-15 00:00:00,2018-05-16 00:11:46
be071e6b0bfc4b85e4b0b910d1275b38,3644a0f31cdec4bf8c4b7b9285a21c9b,4,recomendo,"compra fácil, e a entrega rápida",2018-05-15 00:00:00,2018-05-21 11:41:01
be7b8ce75c0dcfbd04b882eae7ca3a3e,e41c6da781772f030e857c2b427a917a,5,,,2018-05-15 00:00:00,2018-05-21 01:00:40
ddcf5695dfc21bfbc84c5b52cc342d51,6a92e66b9d3bd75efeb50c6494ede745,5,,,2018-05-15 00:00:00,2018-05-15 22:00:14
e06a4c1173b7923d58db19ceb8764f1b,96a2b5167187b3cfde60cd245d421132,4,Loja pontual,Superrecomendo. Ótimo atendimento e bons produtos.,2018-05-15 00:00:00,2018-05-20 20:27:19
e1ef39282109325421c239d8fda09bb5,e11780f33e850a77d1b3c2fa13ed5d4b,5,,,2018-05-15 00:00:00,2018-05-16 10:30:36
0a5c119c75e7f8dd3fff7b6ceaa0520d,a5286db4d5cd7fc8c7d997f24a7fe85a,5,,,2018-05-16 00:00:00,2018-05-17 11:24:09
163a3dcaf0954acca9d623e61f3ab97c,666ee8dddb0138c7703e3e2a8bb8919f,3,,,2018-05-16 00:00:00,2018-05-16 22:43:24
30a1c4f7a5ef41f5416d7c67a6d7028b,d9650d5b64446b09351a038e66c19467,5,,,2018-05-16 00:00:00,2018-05-17 15:10:00
51f17b6e92d0f983bbb7857fe9ad1ad0,0c065ce922f289db756e5505cb2d71d7,1,Péssimo ,"Mercadoria uma porcaria, propaganda enganosa, não comprem.",2018-05-16 00:00:00,2018-05-20 15:12:16
778a2ecde30ebab600f2c077ce34eb0d,23e117ca8f65562000f29a26f19f1a3b,5,,,2018-05-16 00:00:00,2018-05-17 13:44:34
8261469ef35b4ee39d9ef17746e00d6d,cd81fccdeffb11e33de701e2c53c85c6,5,Compra de um pendente ,"Eu amei o produto, ele veio exatamente como na descrição, ou melhor 👏👏 prazo de entrega correntinho, antes até da data! Ameiii, super recomendo ",2018-05-16 00:00:00,2018-05-16 21:21:19
895ef6eca70db1e180dff69315a6fe3b,63521dde368b991f973cd4ae332dbe1d,4,,,2018-05-16 00:00:00,2018-05-20 17:46:19
d7ce960a75394e28dfbb839164db24ce,7faf8b9448b66f4a3ac98a312b3e7609,5,Ótimo antes prazo,,2018-05-16 00:00:00,2018-05-16 21:11:04
e1eb2d5a1d9534a7204f9fdbcaa78f10,60a0b0a1df29ff83dd9083ffa44b6580,5,,,2018-05-16 00:00:00,2018-05-17 02:22:58
fbc82546c5394ee728e4c45d86c26554,130654953b9f4e7e9f1bd08b1b882bf4,4,,Excelente!,2018-05-16 00:00:00,2018-05-16 23:45:01
76ca059c93cf817220529ead9d9a2064,ea884b5a25f86e605e1750bd936e0122,1,,"O produto veio em duas oportunidades, mal embalado, com diversas avarias na pintura, algumas peças tortas. Precisam melhorar a embalagem e colocar avisos de ""Frágil"" ou não pisar.",2018-05-17 00:00:00,2018-05-22 14:07:51
851cc0fd73f07ce298d7aae385f547fd,5f48e612805a732c3ebd58c26f2c06ad,1,,,2018-05-17 00:00:00,2018-05-17 09:34:12
8675e7f74d983703ee42179fa73d7376,07c81434b5f46c9c3eacd48e60d50747,5,Otimo,,2018-05-17 00:00:00,2018-05-20 19:36:42
9db6d55af85d9d68dfb27a3326919cb7,fcc13f1fc01aacaf59da3b5bbc2e1b9e,3,,,2018-05-17 00:00:00,2018-05-20 22:12:38
a3812bd8ec5b86324afbd38669d943d7,77baa217632fcbf3656de4ec4a66b0c4,4,,,2018-05-17 00:00:00,2018-05-21 14:39:01
b625a9bec7b4bea9eb8df3392247eed3,e893f8f38397c526df32b5b1add8fda5,5,Relógio Casio,Tudo conforme a compra realizada.,2018-05-17 00:00:00,2018-05-20 23:12:40
cbac276050f7819ed1f11b2a4ced32de,dec6267e55fe1ef26725cbd4c28d9a90,1,,"A quantidade entregue não foi a comprada.
Recebi apenas 1 unidade.",2018-05-17 00:00:00,2018-05-21 00:50:53
0067e0026403f22e86d7e52f666a6d90,a271a428c3186d0c7325878c2075a8d8,5,,,2018-05-18 00:00:00,2018-05-23 14:49:46
05acaab8cdac9b9aa02cc3ef028adeb1,94be3df49130338a06b3ec80bd606771,4,,"Chegou tudo certo,dentro do prazo.",2018-05-18 00:00:00,2018-05-26 08:47:35
064608e571125bac9f314fe199816b16,2cd2c33cd5532a92a508168bd185dac4,5,,,2018-05-18 00:00:00,2018-05-21 10:43:57
07a7ae412ae1dbf9c10e23bc9d88af54,43d5b31ed2c5e37b66622cdc0c4f6452,1,Uma negação,"Falta de respeito com o cliente já faz mais de um mês que fiz a compra e até hoje não recebi meu produto, infelizmente nunca mais voltarei a comprar neste site.",2018-05-18 00:00:00,2018-05-20 09:58:58
3f8f16e46dffd6c84ec8f54af593af32,7ab1a9babde2a1355e3075d07ea895e3,5,Classe A ,,2018-05-18 00:00:00,2018-05-21 03:01:39
6ace2f44e16d3f6149e58059e59c2ce2,26e3ef9735227d94c5e14a0a461d0ab5,4,,,2018-05-18 00:00:00,2018-05-22 02:29:09
79af41f1db82d5f2a9666779d739904d,7a7375f58149053d599aae579288fd96,1,Zero,Sem palavras,2018-05-18 00:00:00,2018-05-20 09:36:14
92e3b0c3d7e1a6846ef1670b221689d5,889ea351c8a3773acec1c4652d87a9c1,5,,,2018-05-18 00:00:00,2018-05-21 01:48:10
a09abce17f2bc65eb9bd2f1fc03c0d84,b0aab42458e44a4368d8e548c55f998a,5,Tudo ok!,,2018-05-18 00:00:00,2018-05-20 23:35:37
adba9f4f1fcb65436cb14f05db58f5a8,125f791fad1cb7d8545189f70f1be885,5,,,2018-05-18 00:00:00,2018-05-25 21:39:29
f826b91ab3ed21e29b5cf4576ad41aca,4b8267d1f715adb8eb69ac677662c100,5,,,2018-05-18 00:00:00,2018-05-21 10:55:31
28acb4fe28a074a119e6df1dd5a4516d,e5d30ef739b1ed6f89f11ff5fd9e285a,4,,,2018-05-19 00:00:00,2018-05-20 20:30:17
3830276a6bd371d5adf928c83c8790af,a319e5a7d941ce5f60830d792323b3d2,4,Recomendo,"ótimo produto, dentro das expectativas",2018-05-19 00:00:00,2018-05-21 14:44:01
502af223fe4439a0d75c6b8f8df9ff99,09476766faf9215ae60de94d7c259801,5,,,2018-05-19 00:00:00,2018-05-21 21:39:32
5484b689cb945cdb52af2029de96571d,b3e6486207807fc3780f9c802e5bbbc2,1,,Perfume chegou com embalagem diferente sem o logotipo da savana. Com fragrância fraca de pouca duração. Não parace ser o original da savana . Não fiquei satisfeita.,2018-05-19 00:00:00,2018-05-26 21:43:59
593aad7ac21051fbf89db8e397d64fb2,c9cf1b341e0a14fb94022101fa6c4604,5,Entregaram antes,Recebi com surpresa o produto bem antes do prazo definido na compra.,2018-05-19 00:00:00,2018-05-21 17:48:17
70a5274458fcfa91f54d525eb817b4b2,66b9e5412dab143acd97cce94000eaf7,5,PRODUTOS OTIMOS,LOJA ATENDEU A MINHA EXPECTATIVA.PRODUTOS SÃO DE ÓTIMA QUALIDADE E A ENTREGA SUPER RÁPIDA.,2018-05-19 00:00:00,2018-05-22 15:14:15
9c37ffb68274b917378f7cfb90fff3ee,a6ecc069c60805396f6a256b7b8e0883,5,,Muito Obrigada.,2018-05-19 00:00:00,2018-06-02 14:41:11
a904ccf4dd2bfe7681c44cbf51cb0ebf,c6bd73c66f32639f81a7e47304535c96,4,,,2018-05-19 00:00:00,2018-05-23 12:55:18
b9a2b5dfdebaffc2a98127ce1f103955,5a56d595adbe321751c4f42b708ccc35,4,,,2018-05-19 00:00:00,2018-05-21 20:31:50
d17eebe2b564a4cb974b89167ce00a22,3fc92f79759d64684c5d19448a12642f,4,,,2018-05-19 00:00:00,2018-05-20 17:52:36
d46e711dfc669fc7273fdb6bfa9d0a3b,22def07395185c22de97ddf37643037e,4,,,2018-05-19 00:00:00,2018-05-21 19:23:56
e846b4ad061d461e78783109ec7d27dd,49ca48df0a214b5dd020f41336cedf5e,5,,,2018-05-19 00:00:00,2018-05-22 17:10:30
ec5f039382428fdc16cc91b18334ead0,1ee4d0544d11c277367d2df9c25ae406,5,Recomendo,Entrega feita antes do previsto que era pra dia 25/05 e me entregaram dia 19 / 05,2018-05-19 00:00:00,2018-05-20 21:18:57
f69bf052b3b43abde9856c27c1b8bf05,626add0c9183e7802564bf732e183dd1,2,Gostei,"Recebi o produto certinho, mas quero o reembolso do frete pois eu paguei e tive que ir buscar no correio.
Gastei gasolina e ainda paguei o frete, sacanagem",2018-05-19 00:00:00,2018-05-21 01:22:43
0fc9093b0259417061cf203c213f3ab5,0a44ca66dfa067a69bc92ef82ba68acf,4,Ótima. ,"Produto atendeu as expectativas. Comprei para a minha namorada, ela gostou muito.",2018-05-20 00:00:00,2018-05-20 23:15:19
de00540af4be7e038b141fc821c06690,b203926285e72ba51c04c68b70666e32,5,,,2018-05-20 00:00:00,2018-05-21 02:55:48
ed424919f0de37d52b8b9985c6c6acc9,9b959fa2a6e44d5301822150a060b9b4,5,Muito Bom produto,"Entrega super rapida e conforme combinado,",2018-05-20 00:00:00,2018-05-21 00:54:33
917acd82c9a8223a29cf3da642f38bb9,107c4b8b68f41c60258f21df32424c83,4,,Achei a pulseira um pouco fraca. Mas fora isso ele é um produto bom sim. Levinho que nem sente estar de relógio.,2018-05-21 00:00:00,2018-05-21 21:37:53
35d0eff29afec1c5154e186eae89b6cf,52a547866cd2082c600fb72eced19331,5,,,2018-05-22 00:00:00,2018-05-23 01:06:46
3fe5558924429fd6d98da25c46dd9f79,7d71b84967ce50629f24530e64ba7938,5,Ótimo,Ótimo,2018-05-22 00:00:00,2018-05-25 03:32:15
5f5654a69bd184101f469579a75232b5,ec02fec9423ae39b2f91ff964bdfd87c,2,Bom,,2018-05-22 00:00:00,2018-05-24 23:44:06
70d0fe3c69bf87b3e0033188a3845863,b28e2ea00a9403b195f0c47428dde994,5,,,2018-05-22 00:00:00,2018-05-23 12:05:26
8b077418cfa9e455b62dad1134dc3b9e,963dd4dc90067e6cc40c3ddb89e991be,5,Ótimo ,Gosto muito de comprar com o baratheon ,2018-05-22 00:00:00,2018-05-22 17:11:41
9a88974ca77c1321410a765a84119e75,15e0c6109167c1c2789e0bc78ddaa70a,5,,,2018-05-22 00:00:00,2018-05-25 01:13:58
9b9b49ed2005c043675e99e81e74029c,38ead2ac61ab32ce96209301f9d365f6,5,òtimo fornecedor,"O produto adquirido atende as especificações contida no site, foi entregue com 15 dias de antecedência e recomendo as compras pelo site da lannister.com ",2018-05-22 00:00:00,2018-05-23 11:14:39
ad49f5626c5f6601c059e47dab029b89,061bf20146d98ef4698d0324dc4392db,5,,,2018-05-22 00:00:00,2018-05-23 12:44:51
c67f97dbb0f2913dbce7b4caf175b1c7,55ea3316ceef824308738752d1c12ae3,4,Bom,,2018-05-22 00:00:00,2018-05-24 15:17:30
cd69e23e8a81854a54d1fb67125ba263,e8aa9a21409da6ead91fa2b68f7408b8,5,,,2018-05-22 00:00:00,2018-05-23 11:27:45
0a5e3dab8ec80e8f6ab359fb1001effb,33dc68ee07456f6fa5da352d9cca5d93,1,,,2018-05-23 00:00:00,2018-05-23 20:51:23
3370b77a9fc9489e8fae881d2d5fcca7,c1ecc15bc30548ecad160437f07df801,4,,,2018-05-23 00:00:00,2018-05-23 11:00:25
3905d891b3603785ff624e77d4d41469,e1e5a84a3748808d3ff0dcb4b58ac5dd,5,,,2018-05-23 00:00:00,2018-05-24 23:06:02
615e29e40d5c9cc1c0ed7d0ffa04bd54,523d5e9ab692bee9c8dfd7063351f696,5,,,2018-05-23 00:00:00,2018-05-29 02:17:34
64180c2c7916ed488bcb592f0f4b4921,c7e1e46af92704b1c2e1924de96e7479,2,Sem recomendação,Está faltando receber um produto: Pulseira Masculina de Couro Caveira Couro Legítimo + Pedra Preto 20 ,2018-05-23 00:00:00,2018-05-24 10:50:11
64180c2c7916ed488bcb592f0f4b4921,7144ca093cbdecfdfc3e76d49da6ffb9,2,Sem recomendação,Está faltando receber um produto: Pulseira Masculina de Couro Caveira Couro Legítimo + Pedra Preto 20 ,2018-05-23 00:00:00,2018-05-24 10:50:11
70679157868a96a61624646507f3378f,4ae6c814370d0a4b396355a8aabbbfdd,4,Excelente vendedor.,Produto entregue antes do prazo.,2018-05-23 00:00:00,2018-05-23 22:40:36
a705c368cd2ebca4d7ed59b14aa6f493,e2b99663c1c172f743e86cd9b29b96fc,5,SUPER RECOMENDO,,2018-05-23 00:00:00,2018-05-24 12:15:19
a8a40a2d9075712674543df87638dce4,11a132c691ba6602d0cad2e1eea1bc14,2,,,2018-05-23 00:00:00,2018-05-23 23:17:10
bfac0c3a5b1e91f5737057394d4db682,5defd57f9849f19ee76815ca3a3c8956,3,Bom,,2018-05-23 00:00:00,2018-05-23 23:58:32
c1bbeccd81dfb25833db0eba05b3acc8,231f58de0228723d0b6d6b562d352d90,5,,,2018-05-23 00:00:00,2018-05-29 14:49:11
c587962d35352f4a20751a29ac397f71,717655141667e7ddd98d141db089030f,4,,Achei apenas que o acabamento da peça podia ser melhor.,2018-05-23 00:00:00,2018-05-26 15:04:06
c825748de8b75da7909cf46beae3fe5d,79d1b9fc8db94431a92d87a19439ecf5,4,,,2018-05-23 00:00:00,2018-05-29 22:11:57
d5744c47ea5897e4fd1d647f4c05d2c5,e6ac453a32e67906ab8b3f79608341c3,1,O PRODUTO NÃO CHEGOU .,"QUERO MEU DINHEIRO DE VOLTA, O PRODUTO NÃO FOI ENTREGUE! QUERO A DEVOLUÇÃO DO MEU DINHEIRO....",2018-05-23 00:00:00,2018-05-23 11:15:41
f43356cbd29d3c22fb4c2a3ebce67116,31ef673f8e35f0cde11a5945a4f7a39d,5,Satisfeita,Obrigado...,2018-05-23 00:00:00,2018-05-24 09:44:11
2f657791e3dec02281097be843e6b691,a96cbf770c38f70192fa361dba05fe32,5,,,2018-05-24 00:00:00,2018-05-25 20:46:00
3266b54e28480ddbe394a2fd5795b30f,cd1d0fcb30750e22b9aa142cefdd532c,5,Adoreiii,"Comprei e chegou da antes do prazo, adorei, lindo, super recomendo! 
",2018-05-24 00:00:00,2018-05-25 15:57:14
34f6e55df7f4e5e789685efee6b4c1a4,5b8d793745f3ac9e033f77ff0f8ea88c,5,Ótimo serviço ,"Entrega direitinho, são de confiança, eu recomendo.",2018-05-24 00:00:00,2018-05-27 20:07:14
3c0e40a5ddc5e2c75a28a9a6e536dcab,13bc2aa1a887b018329663498f5e00ab,1,,,2018-05-24 00:00:00,2018-05-24 12:14:31
69c450339ce5ec8f28074ea31a3e424c,f313336cf2b038a3ef433d8e48aec4d5,4,Não recebi os cartuchos,"Já recebi as lentes, porém, não recebi os cartuchos. E não consigo rastrear o pedido no aplicativo.",2018-05-24 00:00:00,2018-05-25 00:52:37
77f20080811b9a5074d0209938837cbb,b73183cb490ec16839818660ffc3d832,3,,,2018-05-24 00:00:00,2018-05-26 22:47:52
c68ee76e4f5aeb682f176256c312b366,6fe1a563bdf47496b8bba2d6c5149468,1,,"tive um transtorno muito grande com relação a compra que fiz de 02 luminárias meia lua roxa, foi enviado somente 01 e depois de 40 dias prazo da entrega informaram que iram devolver o credito.",2018-05-24 00:00:00,2018-06-25 18:11:50
5a7582d78eb9c9df23e02533f61292d0,da095f1f4d7e0e3111772d51a08ad079,4,,,2018-05-25 00:00:00,2018-05-28 12:16:06
78e99222ea412a50ab8a14dd9cbd068b,73f38e238737fb52c78ba2002c2e9213,1,,,2018-05-25 00:00:00,2018-05-28 19:07:52
893343109bfe8f059b798f425f93659e,15775cbae05fe929de188870848e4129,5,Ótimo,Muito bom ótimo,2018-05-25 00:00:00,2018-05-25 23:25:23
8993890d92c2f0f7ff4610c12c4e5c03,2a5fd2bee90721df67729d2e85221278,5,,,2018-05-25 00:00:00,2018-05-25 19:40:00
8aa72f067d2395c44ebc9357ffa1247b,b2f3774fcd52e817b5f0e8b459e1db17,5,Ótimo ,"Produto chegou antes do previsto, mesmo com a greve, ótima qualidade, e fácil de aplicar. Recomendo.",2018-05-25 00:00:00,2018-05-28 12:01:58
984710cdfba2b948e05c7004c0a7f36f,6b9ac2a31d647731d9523ae035f17dbc,4,,,2018-05-25 00:00:00,2018-05-25 22:25:26
b7995a413dd191946229795de75f2d0d,f8f28698e5ebccf86845a38726e56ada,3,Quase bom,"Seria bom, se não estivesse vindo com um botão quebrado.",2018-05-25 00:00:00,2018-05-26 11:27:41
c4d76b0e260fd092083b9bdf3324b40d,cd5b7d5b405a2cee7a15972eaa47f1d3,5,Recomendo.,,2018-05-25 00:00:00,2018-05-25 15:30:10
0d9a435baa561b2db394906d7b181aa8,12764e11143d316ea2257118daa2e3bc,5,Recomendo,,2018-05-26 00:00:00,2018-05-29 23:53:19
32bfc824c23129068e5261d3e850b0dd,91e6838f3091d5ea8d82bc61a52b5d58,5,,,2018-05-26 00:00:00,2018-05-28 14:02:59
866e209369309ffb71be1490ba0f25aa,ebf908ba5d7c097d2839701fb3366412,4,,,2018-05-26 00:00:00,2018-05-26 12:45:21
e4ab1fc42ea3078cd0eb6e4c787687ce,c4dad201936ed30eef3c94fafa59ed6e,5,ótimo,"indico a loja
prático e rápido
mesmo com o problema da greve dos caminhões",2018-05-26 00:00:00,2018-05-28 10:27:20
bdadac18bd31bbefda72d2b9c988431f,b11e6ce66d797ee9120c9bfbd376ef01,5,,,2018-05-27 00:00:00,2018-06-05 20:01:38
0e549711b5f5240a43ac41e283b713e7,b7a35c9ba09e4651caf5b9b0e9fadd21,3,,,2018-05-29 00:00:00,2018-06-04 14:30:15
2661db5c02d4c1e57c42bcb546743203,bc31e8bedc7ea2cb76e1cb0e913ffa40,5,,,2018-05-29 00:00:00,2018-05-29 19:04:27
30592db4d4b8e6ad84a5663103847af7,a653bb2e2418fd13d746e3639879aa83,5,Nota fiscal,"Boa noite
O único problema foi que a nota fiscal não mostra o pagamento do frete, que deveria.
Grato.
Gilson",2018-05-29 00:00:00,2018-06-01 02:19:50
6317d5f77838b3b03565fe151a155529,fa2211e05a1ebb8eedfa015e5d6d7957,5,super recomendo,produto otimo,2018-05-29 00:00:00,2018-05-29 19:44:17
67609f7082dfd754f8ed1808c80d6c48,9b41711934b43494976d4412d62deb1a,5,Muito bom,,2018-05-30 00:00:00,2018-05-31 00:33:03
b9063db40fdf01e25c716d4e37141e3d,b4b047bd2b601010cf106a8d20437c2e,4,,,2018-05-30 00:00:00,2018-06-01 12:27:40
d62532999a372315edad58713a0a89e6,c370da0f0fd81902eafd8ed8fbc86804,2,,Era um jogo de cama 4 peças e veio de3 pecas,2018-05-30 00:00:00,2018-05-31 15:43:31
11f7387d7b3e5918afaa51399f107f59,3699ca6aff3879a2990159cd64537303,1,nao e pontual,nao recebi meu produto,2018-05-31 00:00:00,2018-05-31 17:33:42
13911d22c278d31edcfb0d58b48814b5,d5d5a70a76401ecc139ee16c5299df4d,5,Produto ótimo ,Produto ótimo e entrega rápida 👍,2018-05-31 00:00:00,2018-06-02 21:00:28
787ff5e3d8c4eebc3e0ee65d38bc3a9b,e15b3513c9d37fdf4a36b88911a5c515,4,,,2018-05-31 00:00:00,2018-06-02 10:48:20
7c07267229e0b545131b47b8f90a1790,5825f62edda362144cd0c349124fa927,3,,ainda estou aguardando,2018-05-31 00:00:00,2018-05-31 11:46:31
802b9ef1598ce0f897487ee04cca7e6d,a5ee069718f4fc72e7a0567f4a45ba53,3,,Gostaria de opinar depois que eu receber meu produto,2018-05-31 00:00:00,2018-05-31 13:53:04
a56273bb2af67f58038a25d98d75533b,c6122e6a623a45c8dfc876f10733682f,4,,,2018-05-31 00:00:00,2018-06-02 03:47:39
fba10cb26df7b1292e3efe486b6d0907,38df543e1956e91a0b4ee89c4a49dbf3,4,,"O produto solicitado foi entregue com algum atraso mas em perfeito estado,Muito Obrigado.",2018-06-01 00:00:00,2018-06-05 19:15:14
22c99184ce175fd24f94be792599fc5e,98c809bf2e8392fc389fdf8e2bfbb856,5,,,2018-06-02 00:00:00,2018-06-05 13:54:09
439ae74ce0830b7a48893cca038a191a,91e6838f3091d5ea8d82bc61a52b5d58,5,,,2018-06-02 00:00:00,2018-06-05 00:13:20
53c70127c25c9ee0474303b7eccccea2,6e810ea04c2e8b0bd5983f29be221d11,5,,,2018-06-02 00:00:00,2018-06-05 17:21:01
7af8563706b183146a5f26e9364d20c5,f4a0d0b492776bcd3baab5d1f826b131,5,Recomendo.,,2018-06-02 00:00:00,2018-06-04 15:18:14
943fb4aa7f8cdb920331ae80cb83edae,3c2ce68a8ae197f1c0761e0e49486673,5,"Recomendo, claro ",O produto é de primeira qualidade,2018-06-02 00:00:00,2018-06-20 20:17:03
a6f92fc80e55c61a5c5ec4508b17edc5,99daacedd8423e3b5169338429be0110,1,Esperando ,O produto nizzio Amore Hidratação Avançada 245g Lacqua Di Fiori foi entregue no dia 01/06/2018 mas o Inizzio Amore Golden Classics 100ml Lacqua Di Fiori não foi entregue !! Espero uma resposta ,2018-06-02 00:00:00,2018-06-03 22:46:55
cbc95cd7c8d97266538c560f19c373af,66460ca7e4dff034a9ac0ec80c7fdea8,3,,,2018-06-02 00:00:00,2018-06-03 14:03:49
d75c3047603380e3a5076384d135e637,b124967afcc82ef17ec41020fe2a9136,5,,,2018-06-02 00:00:00,2018-06-02 20:18:24
50a1205a547f8090f3f3c746c40c946c,e156c06e2ceacafe7263782d2115fca8,5,recomendado,otimo produto,2018-06-03 00:00:00,2018-06-08 11:23:57
e8e34123debd437f2fd6147ddac854e3,31a10d7f77b91046e15fcb519bad27e1,5,Muito rápido e eficiente ,"A loja foi muito rápida no envio, recebi tudo certo e de forma eficiente. Grata! ",2018-06-04 00:00:00,2018-06-04 19:30:04
0a4c77d38eedba5617556b5715c36c90,cee919bd7163243ec1de9cab6b7b7bc8,1,Produto errado ,Nao recebi o produto certo... me senti enganada. E nao é esse fornecedor na nfe,2018-06-05 00:00:00,2018-06-07 17:16:39
22030fa356f0cc3d12d0ae7ed9078e2b,c67e1765730119d92f4b8f54cd71a8e7,5,,,2018-06-05 00:00:00,2018-06-06 13:47:33
905dbdb8ae13417bc25b4d844ec5e2a7,a92cb0dfef8b722e7edb2b8945fd8baf,5,Top,Top essa loja,2018-06-05 00:00:00,2018-06-05 16:23:07
ac8b1784e0eb6845d9591f6048e7fe60,853bcc471d6ed0eb620a497023eb9fa6,3,QUALIDADE DO PRODUTO,"PÉSSIMA QUALIDADE DO PRODUTO. SACOLA FICA SOLTA, NÃO HÁ ALGO QUE TAMPE E FIXE-SE A TAMPA. QUANTO ARREPENDIMENTO.",2018-06-05 00:00:00,2018-06-06 04:14:10
b4bf1e7989636780fdaf4d673b8fc061,ad5bf590212b05339591fac819fec669,5,,,2018-06-05 00:00:00,2018-06-07 23:43:43
cea801d856beb708e289b2b1d43e35fd,b132124ca9d69faf63989e08a5851151,5,,,2018-06-05 00:00:00,2018-06-06 16:52:06
41107aaebcd427a8229615482bbb5e77,a8dbaf4197af2f96f35fb65ad457c912,1,Péssimo,Comprei um produto e recebi outro!!! Totalmente insatisfeita.,2018-06-06 00:00:00,2018-06-06 23:57:07
917cdadc1a5b4cf4c988d264992f23a9,7144ca093cbdecfdfc3e76d49da6ffb9,3,Recomendo,Recebi o produto errado.,2018-06-06 00:00:00,2018-06-07 13:53:24
917cdadc1a5b4cf4c988d264992f23a9,c7e1e46af92704b1c2e1924de96e7479,3,Recomendo,Recebi o produto errado.,2018-06-06 00:00:00,2018-06-07 13:53:24
98c298da6ce6609865a91f3deb3371e2,e1ebf9d9fbf1f356179a8f969dc8c4c5,5,excelente,tudo correto certinho,2018-06-06 00:00:00,2018-06-06 22:35:33
e81d6dcde39af2750b30cc558d008dac,97d6c1727b0d36b8d04035e35d86f40f,4,,,2018-06-06 00:00:00,2018-06-07 14:09:19
f597a9739b74e939b29745f4657f32f9,e7b2fd1afe0ea1687d1766b2b4f2d197,5,,,2018-06-06 00:00:00,2018-06-11 16:42:56
08e008c791f49ef04557b07968c6da04,5e5d67ba461a7218183df5ac644c4a8e,5,,,2018-06-07 00:00:00,2018-06-07 22:06:09
1956d4e13dce5a820f1d0e53d22e7a5c,41944cf624269caf43e02d939e33e8bb,1,Horrível ,O produto é desproporcional e de péssima qualidade. Não acredito que uma instituição com um nome desses se queime por tão pouco. Só não entro com pedido de devolução pra evitar desgastes.,2018-06-07 00:00:00,2018-06-08 11:40:14
23f4cab434ade6c904967c63c9e3cafb,3ef3c91a36437f7a1e4d4556a0543004,4,,,2018-06-07 00:00:00,2018-06-07 15:13:15
3eb01335689c6780138cff25f93f2739,273fa2f569d3e879930f38dbc3d79eda,5,,,2018-06-07 00:00:00,2018-06-11 20:06:35
4ed4174664dad1544f51d021f3086426,802a16d8b5c3a74a38cf9216f429c469,3,,,2018-06-07 00:00:00,2018-06-08 23:24:08
62f6887004c285b5c9fc645bd4374b55,f77d6449700df86a91049fdf2bb2e7f5,5,Excelente,"Muito rápida a entrega, tudo perfeito.",2018-06-07 00:00:00,2018-06-08 01:49:15
7b79de5f06d7c511f7e5b17e0628dadb,ca46dc3fa4fe36c0a82c9e69bcb94fb6,5,,,2018-06-07 00:00:00,2018-06-11 01:22:35
98e4cdb3ea9aa0ffdc9a23c6e1085654,0136bcc7370d7fdf44bd916a6dd583c6,3,,,2018-06-07 00:00:00,2018-06-09 03:38:00
c25ac8504ca255f82e5644d26cedebee,1e24c66f40e16d38609ed026af8b4c94,4,muito boa,"bem afiada, cortou bem ",2018-06-07 00:00:00,2018-06-15 13:41:45
e1f383b37520aa2389359fc10a024d18,0cee13b4c26d8a1508693a49a3859285,1,nao recomendo,"o produto não correspondeu as minhas expectativas, comprei um esteto e recebi só o estojo.",2018-06-07 00:00:00,2018-06-08 02:06:04
e876e56612fa66ef20ce738e58b3c63f,574a92fb05e01159e32c2a4cba131e3e,5,RECOMENDO,"perfeito,tudo ok",2018-06-07 00:00:00,2018-06-07 23:58:28
e935f42d8ed125abe3db64c64a893632,85b1e09d7a230790544ffb86902bf77b,5,Surpresa Excelente,"Super Recomento, meu produto chegou no dia seguinte da comprar super bem embalado. Parabéns!!",2018-06-07 00:00:00,2018-06-07 18:22:55
2c82e0c5967792d7de3e646caf886c7a,86a864127a2656c4b4b742ae4a67bc1e,5,*****,,2018-06-08 00:00:00,2018-07-03 16:32:26
49c6df62847577b0eeff0bbad6138cbb,4f8bcc599bf25aa16aa67fd4ebf895dc,1,bom,comprei dois potes e só entregaram um. Até agora não resolveram meu problema.,2018-06-08 00:00:00,2018-06-10 20:06:52
759b01c1c786e43c994818c42199256b,23df618cc33c091a2663120f9de8dbfd,5,,,2018-06-08 00:00:00,2018-06-11 11:52:18
83f863e608fbdf97978407df96a0c8ae,b1f9095a10dfd9fcf032d74f71348e44,5,Exatamente ,"Exatamente o que eu estava procurando, deu certinho",2018-06-08 00:00:00,2018-06-10 12:37:46
8ee31ed100e10c3d1765786125d50e7a,2b2d14ba52a8e26e96997f82fa596480,5,,,2018-06-08 00:00:00,2018-06-11 14:17:04
94573ce7d6ac2605eeb0ca76d4f61e23,c29713133e5e33937af1a6e1e1370552,5,,,2018-06-08 00:00:00,2018-06-10 16:53:54
cab41932770f246b602104a5de9b18e3,c0e57db4a4a6ef32aa28911d1c07df81,5,RECOMENDO SIM ESTA LOJA,"como sempre produtos suber bem embalados ,entrega ate antes do prazo tudo perfeito super recomendo o baratheon",2018-06-08 00:00:00,2018-06-08 21:53:47
19ff5a56cdd0087fa78265e1ebab1e55,4048279d4b6d7122d030e5487857a305,1,Produto chegou quebrado.,"Simplesmente assim, uma taca veio quebrada, tentei ver a substituição e o produto náo está mais disponível e pronto. Nao quero ficar sem 5 tacas, so quero receber uma pela quebrada.",2018-06-09 00:00:00,2018-06-23 01:12:28
54efb25721d36d5b24137826b27bfeca,6d0e0e8907efa53405051c14ba17f58e,4,,,2018-06-09 00:00:00,2018-06-13 11:16:12
59fda3f025f86236898e3d3ce925212f,805bde3649dd9d348ea3b77004f1c6d5,5,,,2018-06-09 00:00:00,2018-06-10 00:01:25
b578a522fa08f8a3ed0a335f58c979c2,6709606f3773c59d8bed53c0d9bb614d,1,Luminárias,"O produto veio faltando uma unidade, e ainda não consegui entrar em contato com ninguém para solucionar o problema. Gostaria de saber como vai ficar agora?...",2018-06-09 00:00:00,2018-06-09 16:44:08
bdad24fb0a16199944afca63d87e1fe8,236923fe36df7c931b0fb65f493e39e4,5,Ótimo ,"O velcro incomoda um pouco no pescoço, mas no geral , produto muito bom",2018-06-09 00:00:00,2018-06-10 13:54:54
e5fbb5834c0c5ec789b30484d0d9930d,a89c7ca4e54f3cad7dbdb78b5e33c4f7,5,,,2018-06-09 00:00:00,2018-06-11 17:10:03
f102ac7237d37b3775a6df831ade09cd,6732b3592160273b239f331a101494ff,5,,,2018-06-09 00:00:00,2018-06-09 21:18:50
feb29a3c7e681b82d1d0493b544973ad,f00c74caaa25430b1fa361c158e8996a,3,,Ainda não tenho opinião sobre a loja. Como posso dizer se recomendo se não recebi o produto? Sei do problema da greve que tivemos e deve ter afetado essa entrega não chegar no prazo. No aguardo.,2018-06-09 00:00:00,2018-06-11 15:06:39
1cd78b4d450cf46f895996283d1b6f44,c531cb50fa0506125473379b2d74356b,5,,,2018-06-10 00:00:00,2018-06-12 21:44:50
b5b9537d0a8fdbb9bf9764d16077fb1a,fda9a222267a9db0d0831209bfe668e7,1,Não recebi o produto ,,2018-06-10 00:00:00,2018-06-12 13:12:20
dff0810b5df6020eae73095ac3e1ce5c,245a8cb9d360630691eb4449b1994017,5,,,2018-06-10 00:00:00,2018-06-10 19:46:29
cf2a7b7aa46b9a4089c2ca902002c3af,92af9bafd80bcd2636471ac01bc77f60,5,Recomendo,Chegou tudo certo e dentro do prazo.,2018-06-11 00:00:00,2018-06-11 20:17:06
ee9dd498f97dcd4436e74fa258564b3e,264ce11c5e766e56fad7ef4046030511,5,bom atendimento,,2018-06-11 00:00:00,2018-06-13 02:39:29
1005608b56904e1bfed5cdc2a17313c0,0b46d65f233663a9d675570799f42914,5,Ótimo,Atendeu nossa espectativas.,2018-06-12 00:00:00,2018-06-13 02:51:40
383b6ec659cedb0393fbe9dec08e61bc,45b0b9012eea515351639078d2676a65,5,,,2018-06-12 00:00:00,2018-06-12 17:42:03
6dc85267bd92c4f7cb9d086bd73f0aa4,aafbb7deb8b53a1b559f530bd24ea506,5,,,2018-06-12 00:00:00,2018-06-13 21:19:21
70ee92ef59c39341f2c3db2a40ff367d,07edcfe51903bc7e23501f6b87f2bc46,5,SUPER RECOMENDO,A ENTREGA FOI RÁPIDA. A PANELA É DE EXCELENTE QUALIDADE.,2018-06-12 00:00:00,2018-06-13 11:46:56
8de4a400f24094b457373a7b5844a374,f3c973baad2d145cc17da5473621e0db,5,,,2018-06-12 00:00:00,2018-06-24 02:45:47
91d8569a6bf84a431a0b18cbed49ca63,a0224d0bc0030c9226e9613d6561a7aa,4,,,2018-06-12 00:00:00,2018-06-21 14:41:36
fe253b01071a85b4643f4cbfdf545083,7388c6ff667e30b4ba78bdca9dccd818,5,Super recomendo,"Produto entregue muito rápido, gostei",2018-06-12 00:00:00,2018-06-12 22:38:23
3a1da913d078061839e21b972f9d239e,dec147b0fad4d41a208b7873dd7900e6,5,,,2018-06-13 00:00:00,2018-06-13 19:55:50
3b6fd877b1e270af4e2d4e902ef644e2,c919ace1499c5ef88133bf33307ba863,1,Não entrega,,2018-06-13 00:00:00,2018-06-13 09:24:12
70a604b9b2a89b558eb25b83f0e9c4cc,8cbe9120736aad9c8fdbf431bcd16e5e,5,,,2018-06-13 00:00:00,2018-06-14 12:55:47
86c5cfa7fcbde303f704b60a78ced7d6,a6456e781cb962cc3f412b04de4fed7b,5,Entrega perfeita,Muito bom. muito cheiroso.,2018-06-13 00:00:00,2018-06-14 17:29:03
8ef0dce4f0f8b2fe4f1a0991263d0455,b48b2c58981c8d7d31ec325569338e78,4,,,2018-06-13 00:00:00,2018-06-19 00:47:23
989d142eb0b67da1e7942fdfa9a92cc6,6acc8234fbe95cdf6e5e160bc5a23ad0,4,Muito bom,,2018-06-13 00:00:00,2018-06-21 20:59:08
bf8262833dd39ed64b2efae2fdfac45f,cd1709e97dc100d3eea6e801ca6f3a29,5,,,2018-06-13 00:00:00,2018-06-13 23:12:08
141f509f693b7146f71e5f5544d7deda,927b55d4e72a05e5af01fa69bea2a4ac,1,RELÓGIO FALSO,"Estou escrevendo e-mails ao stark e à loja responsável mas ngm me responde. 
Os relógios da Casio comercializados não são originais. Não vem na caixa e nem com manual. E cobram preço de original ",2018-06-14 00:00:00,2018-06-19 01:49:46
28e22c0c7767d7d89ddfd30fce092e61,9c5da765587b0ee5c54bf7fb708b4659,5,,,2018-06-14 00:00:00,2018-06-16 12:11:04
2eca1a882efae35dd7caf61551c0569a,02f8584bbcb3aeae87d8e697737fb5b1,5,Excelente! ,"O prazo para entrega era de 14 dias úteis, chegou em 2 dias! Muito bom! ",2018-06-14 00:00:00,2018-06-17 01:19:16
343d9ce1dd469ae4ba4747c57140a440,d37a4faa7cb8cd88246d73aee035a327,5,,,2018-06-14 00:00:00,2018-06-15 12:48:51
9f44239b8be4526385339833fa12f344,04a2b4ee7fcf9fa8bf25b8d5bc770152,5,Recomendo,"Produto entregue no prazo, foi entregue corretamente e atendeu as minhas expectativas.",2018-06-14 00:00:00,2018-06-14 19:43:15
a67107f379f19e3df13a9ee21efa1be4,9eb401aae2d502a73f4a27f97d3bebf5,2,,,2018-06-14 00:00:00,2018-06-17 02:06:44
d80caaa6c003119214811c26fa71893e,e62d530c9b5d79b0b222e5a4542d71be,5,,,2018-06-14 00:00:00,2018-06-15 21:51:34
db8ba2f14324df35c7692bc3b9ed76d4,556e5ad87434de71e0948b9bca0046f5,4,,,2018-06-14 00:00:00,2018-06-18 16:19:25
f907e50ea3354290aed66d3f6dd2067d,5a8cbabf9050846cfba3b3f011e2cad0,5,,,2018-06-14 00:00:00,2018-06-14 22:59:05
1d640ca8a896155ae11661908085910e,704be8bf8fd6f9246d75c2e09734cdf7,3,,ao mantem a temperatura,2018-06-15 00:00:00,2018-06-19 00:13:50
355348c5516887922bf4035cd9032d08,f9a4431b06162517b2bc2fbaf8f9645a,1,Não vou avaliar o que não,Não recebi a panela,2018-06-15 00:00:00,2018-06-17 09:44:16
35e9c0f1709fa27e48c4743041f1bb79,ad6375df4d400deedc67049cfe1ae46f,5,,,2018-06-15 00:00:00,2018-06-15 21:57:53
392b3bfc68bd933542eee3a167834fcf,7b1ac4e60f6fa1bcc21cbd258f6ea1bd,5,,,2018-06-15 00:00:00,2018-06-16 00:13:07
9820f1d4f5d579fa107f018581387328,9a0b2a68507680a6e151319e4b6e68f7,5,Excelente produto,Excelente produto é entregue antes do prazo,2018-06-15 00:00:00,2018-06-15 17:24:10
af86550c7a0ca9c6c9b96f3889ef2fe3,7bfaace314d5c68160cbbb20c50b1438,5,,,2018-06-15 00:00:00,2018-06-16 11:59:37
c0c9db6ac7aa9c9cd9b86bd1c16e2899,812086848825c140a1472472a845a774,1,Não recebi o produto,Comprei há mais de um mês e não recebi o produto.,2018-06-15 00:00:00,2018-06-15 13:53:14
ec09d291605e93292769e0aab295c5ff,55567a8e851b2400b53f74ec9b974221,5,,,2018-06-15 00:00:00,2018-06-15 17:12:29
f53149949594cc4aee982f3cc08e9e3b,fce3aaaad786e05cb7386b9274f5aa17,5,Recomendo,Chegou antes do prazo previsto e com todo o conteúdo indicado sem nenhum problema/defeito.,2018-06-15 00:00:00,2018-07-12 03:43:56
1734b66b4426a6b20845765b1f9e5f77,648e0ac5cc6c2c2f7fa83738b193516a,4,,"Produto com material pouco fraco , mas ta ok.",2018-06-16 00:00:00,2018-06-18 22:03:00
1e644a660c6ebedd1432517632e1c005,8881dc280b8de23e6913aaee6bf61bb5,5,ótimo ,Produto de excelente fabricação. ,2018-06-16 00:00:00,2018-06-18 11:37:37
7bc3fcc63141c87dff7785f5c20e86d2,9bd2f19fdebcf5928f0971caeac464d9,3,,,2018-06-16 00:00:00,2018-06-17 17:30:47
95d75b7a8058538cb942cf2d3ab0aacb,e49e382e440b76f65be6ce311948835c,1,inferior,comprei 2 e só recebi um.,2018-06-16 00:00:00,2018-06-17 20:11:28
9c005ce643641bacd83ada5b3ce9b359,23d23296f19f96722556d7712d45ca0e,5,,,2018-06-16 00:00:00,2018-06-16 21:34:53
9ee5a3f629239415de7e5bc7bfcd4bfc,7c0ed8940b941dd6795dbdf0eb639195,5,indico,,2018-06-16 00:00:00,2018-06-18 16:51:07
db784858339e7ed8981e739b28e3b77c,a312bb85adfdd8a06eff1dbd25f527b7,5,Bom ,,2018-06-16 00:00:00,2018-06-17 02:25:10
e66cfd879876752a96f9c035dbde8e88,004ca5ae248069d68e8594df8abf6ce0,5,Obrigada,"Adorei meu produto, e chegou tudo perfeitamente ",2018-06-16 00:00:00,2018-06-17 20:23:06
f92ab43d0f9e6f896553919376c4b352,1bc50e93f3ab76ab6677faad4dd5216b,5,,,2018-06-16 00:00:00,2018-06-27 04:21:27
382ab613e7c9dfb2c23894f65855fa7e,f8dcf163964a98422b218dd41bd47a7a,5,,,2018-06-17 00:00:00,2018-06-20 20:31:23
84b7babe2910608a089d58e6b28d2e3c,44ec3a74b2c9dcfe0f2fa9031613065d,5,,,2018-06-17 00:00:00,2018-06-17 21:18:10
c150e810417298f04646074c10627f5d,aef24fc9e8f2acb0fd975391c6be7ff5,5,,,2018-06-17 00:00:00,2018-06-19 02:26:06
0a954efcadecd2bfa871c46f5fd05308,635c8d3ab47b7448b5d6c81dc9b7526e,4,,muito bom,2018-06-19 00:00:00,2018-06-20 01:29:30
66ece5a8f51027954effb79a8fd3e6c1,c2a6e9e49e5282ea4882c738f6137303,5,,,2018-06-19 00:00:00,2018-06-19 15:27:24
be5ee84b468eeadea14d65bab28d34a0,bb9e31e54af342d8e3f32fc1cb2d8804,1,diferente da compra,produto veio errado,2018-06-19 00:00:00,2018-07-02 19:39:15
e36cacda0dd49b3f1d3fc294ffe263aa,32f133e6183197d366f71e2d37f823bd,5,,,2018-06-19 00:00:00,2018-06-21 22:18:13
f1b1c979fb5bb92887527bd373429b5b,c3aa096e341a72813ecfb834df16b91e,1,,Meu sedex foi entregue aqui na empresa dia18 junho SIM,2018-06-19 00:00:00,2018-06-21 23:45:14
0acd1320956750c53bc81d2c55874fe1,8e60a511ac30aacb9ded963801a906af,5,,,2018-06-20 00:00:00,2018-06-21 13:28:51
356452100e1dc9532738515511105910,45d0086d88024df86e193e5bf86bc989,1,Quantidade errada,A loja deveria prestar mais atenção nos ítens do pedido antes de enviar ao cliente.,2018-06-20 00:00:00,2018-06-20 17:20:28
4867796a7dff80e997e79fed5a15c02b,8683ae8607ec5fd83805116545a82385,4,muito bom ,?,2018-06-20 00:00:00,2018-06-21 20:17:06
554fed6e87087688e811a612cf136cd3,e90e7c747cb478cb9b973c929c0994e5,5,,,2018-06-20 00:00:00,2018-06-25 19:05:56
6cf95288d2946e455ef8f4a65ed181e2,0acdae809654a2de1235d18a12cf73f3,5,,,2018-06-20 00:00:00,2018-06-21 00:49:32
a74987a59f86d2d4ebdcb15ff4bbf3c8,cb183ad1472c27844f8e8a96ba2afcc5,2,,,2018-06-20 00:00:00,2018-06-20 19:01:39
dabbc6a240a91423a91461ca3ce74bd0,0159c6355a4e32f6ac68d838e2228150,4,Recomento,"Produto entregue, fim de semana irei montar.",2018-06-20 00:00:00,2018-06-21 13:15:20
e731bda8d8fa4c172e6d7deba37ab58c,714d9fe4cfc8fdfedd10c4a30abd4f34,1,Péssimo,"Recebi a mercadoria errada.
Comprei o chuveiro turbo mas entregaram outra marca além de tudo um valor enferior que paguei.
A targaryen disse que não tinha o produto certo e mandou a orientação para devo",2018-06-20 00:00:00,2018-06-21 18:54:52
1954ee33401d7ed5bf6ce68ba3631d3c,d12cad0b8ea6cca0ee8d2d4f4105cee1,3,Recomendo ,Facilita bastante pra quem não quer gasta só com chapinha danificando o cabelo,2018-06-21 00:00:00,2018-06-21 21:42:53
1aab566b78cc2d6ea559886f9404a557,3a3946583c464f57913a9df9c134ba0f,5,otimo,amei ,2018-06-21 00:00:00,2018-07-16 03:40:42
5375288052ea6976b9251bb4ec7c8186,1261388c490047bbb0ea823f9b75cc29,3,,,2018-06-21 00:00:00,2018-06-22 03:20:16
61cb43f8f4f01a370d984fa808743ab6,8d40f6aeb11aa6d03d17b3fa59b14fbe,2,Ruin,"Não recebi o produto que comprei. Comprei o seguinte produto: Isqueiro Zippo Preto Com LOGO 24756zl, foi entregue um sem logo, não correspondendo ao produto pelo qual comprei.",2018-06-21 00:00:00,2018-06-25 14:22:43
69247cc49cf4daf5bd78632cf80b689f,d4cb1c0045dd65ebfe15e14c4d083281,3,Lindo,"Lindo, chegou muito antes do prazo. Só não tem nenhum tipo de certificado de garantia. Acho q não é a prova d'água, pois não tem nada dizendo.",2018-06-21 00:00:00,2018-06-22 13:25:12
7163cbdba1918fea6ae6f1ddd8e43a17,6dc5cd36ae0ca772e70e387e25f032e9,5,,recebi com tres dias foi melhor do que eu esperava.lindo relogio,2018-06-21 00:00:00,2018-06-21 18:02:28
87e92a4f5fee40f90ebad99d3b1987cc,b49fb5d1cf86975cf5a295431c278a33,5,ótimo,"Muito bom, no prazo certo",2018-06-21 00:00:00,2018-06-23 14:54:47
a6dc96740d7f82c65e69d3130bbed314,ceb58b0818e117cb6dc6c1030b89d8ab,4,Recomendo,"Produto de acordo com o anunciado. Entrega dentro do prazo. Aparenta ser bom, com o tempo vou descobrir.",2018-06-21 00:00:00,2018-06-23 04:00:18
fcdf17e5c3272d4b55d4f29b0c508d6b,1bb74bdf991ecc937ab8901c6b412a24,5,Imagem da imagem falsa ,"Olá não gostei desse produto 
Não fiquei satisfeita
Na imagem é uma imagem bem viva
Chegou a imagem apagada
E não é tecido mas plástico 
Não fiquei satisfeita ",2018-06-21 00:00:00,2018-06-22 00:23:21
ffa2c25cd0762e55a211db9ba078343c,03be2f620301ed720f761e04f00270d4,4,Boa loja,"Boa loja, s[o a entrega que poderia ser mais rápida.",2018-06-21 00:00:00,2018-06-22 00:52:46
2260e4f2a4b45e73d57369fe013b6743,efba1a196f39b8f3451fa4a5804928e0,5,,Gostei muito ,2018-06-22 00:00:00,2018-06-22 17:53:02
3f6f4186f8b11e71e818df4450ce3f53,b9499283a775ccfa9da92e6e75e9b4b9,5,,,2018-06-22 00:00:00,2018-06-24 02:12:53
676ef159e189fa8024785e3c48b4d2de,1870435c92e656773aba0cb7b5a49b26,5,Recomendo,Produto chegou super rápido. Recomendo a todos.,2018-06-22 00:00:00,2018-06-23 00:20:03
69c9c48f13b6214c15895b65de81219d,0dbd48af8e89b595eec029357764af2b,5,,,2018-06-22 00:00:00,2018-06-24 21:45:45
6f06d7f1d3f6b6df60c434504a651a92,5ba8500dac4dd5b631b8a82bce2400c4,5,,,2018-06-22 00:00:00,2018-06-23 03:44:39
793f07a7f0d9e7088498a1dc22d327cc,7c204785100c09c72acb28ef9a1f2fe2,4,,,2018-06-22 00:00:00,2018-06-22 23:10:13
7a944ccb6339db5a6892f7d7671db9fd,3549d4f44bac42a299415349e0fcad15,3,,"Eu encomendei 2e só veio 1
",2018-06-22 00:00:00,2018-06-25 02:34:07
807f313a7352ee7f73b3e09a6d96c9b7,6ef401cf776e0393085115618d39f6a9,4,LEGAL,"BOA ENTREGA, MAS CHEGOU UM POUCO FORA DO PRAZO.",2018-06-22 00:00:00,2018-06-25 11:39:37
92c9cd89bbd375385a9688716d5b559c,7ae97f48d1e1624e8baae4a3faee4837,5,confiavel,Sempre compro nas lannister,2018-06-22 00:00:00,2018-06-22 21:13:47
a6045cda346a4146cb6a98f505bb61dc,aa1bc9f5fb6999f433bcbf6990661542,5,,,2018-06-22 00:00:00,2018-06-23 11:09:58
a8a461bc84b9a4fbf6bdf1b75012d585,b6b8305352b7f21764d7a8e573f1e8aa,3,,,2018-06-22 00:00:00,2018-06-24 23:21:30
c3dc53293222872c90de63a9dc56902e,617b248faca8fe758da0640030f82f00,1,,,2018-06-22 00:00:00,2018-06-22 20:59:02
c7891d3f9c40a1aa3a6105c1486ca67a,83bb596248fd091d99fa8d5aadde8fa7,5,,excelente chegou antes do prazos,2018-06-22 00:00:00,2018-06-22 23:14:09
d6d67608d7087e9a3021f32741d87db4,265144aedd0822b898712f78e0c3cfc4,5,,,2018-06-22 00:00:00,2018-06-23 09:39:56
7b3a66aee18c0670e68057511ce10db4,a5a6776969179ec8c6942c432d35bf3a,5,,,2018-06-23 00:00:00,2018-06-23 18:23:09
9d7b4e984506e1a89745fc93a7a9345c,c9af854c75c421e3b6f3de0336c7fe65,5,Otima,"Produto de acordo com a postagem .
Entrega rápida e antes do prazo.",2018-06-23 00:00:00,2018-06-25 20:24:42
fb55b7ed071e0ce700fb3ee388ed97f4,b335cf4d393acc627b82e83b3b3711fe,5,,,2018-06-23 00:00:00,2018-06-25 18:55:03
498180f9a0cf018dbf2c7c1927f4e556,b4c86abf900a8e53f4b9622532c87ea4,5,,,2018-06-24 00:00:00,2018-06-26 16:19:32
8e7c211c1139b8d986f0bba306adf5aa,c8ff0e33e2f8df953767f28065a3a6e0,5,,,2018-06-24 00:00:00,2018-06-25 16:50:19
41142a411e0cf6e9dff778ad6b720379,ddbcecddeac25c47d0e7fe54d81640fd,4,,,2018-06-25 00:00:00,2018-06-26 15:54:44
29f677904b91e78ddd47643653c55c3e,c58478c0a746d4188108e2ec71001110,1,Produto foi entregue erra,O produto foi entregue errado. Não recebi o produto que comprei.,2018-06-26 00:00:00,2018-06-27 01:13:15
5c5b188a9660f03e2e80c1eae3206774,6d0f81ca5d316d5a79829a1cfaf85237,5,,,2018-06-26 00:00:00,2018-06-26 20:11:14
71f258698ad28374a57b913fd55450b7,ec5a5d1ef3b5144148279ec0141de946,3,,,2018-06-26 00:00:00,2018-06-27 23:17:38
b7e2d36740010c9fcfcb0e0789e7bcb9,9b21d7e7e61740911f0008fc81681e63,5,Execelente,produto entregue no prazo ,2018-06-26 00:00:00,2018-06-26 21:14:29
1b21d14e1899c0e66101ebedd7765d12,4686a4da19a101001bd53960ae99feae,5,,,2018-06-27 00:00:00,2018-06-30 12:14:18
3217b89389c0e9c6f790191d5a360843,114b047e7bac7728e93bdf39f7031875,3,,,2018-06-27 00:00:00,2018-07-13 16:51:13
414605f9af1834e95df7fdede4db95b3,2966209e856b37a6b9be138d6d7910b5,4,,,2018-06-27 00:00:00,2018-06-28 00:34:08
48198628b2d43ed394089750acc59c3f,b059ee4de278302d550a3035c4cdb740,5,Gostei,Os produtos são de boa qualidade e o preço que adquiri foi excelente. ,2018-06-27 00:00:00,2018-06-30 01:48:53
5109692c9d55fd308c49f768c7d80189,b06d6a76d26b5692a9a6f974dde874ec,1,,Paguei o frete e não recebi o produto em casa tive que retirar no correio e ainda pagar para ser transportado até a minha casa. Ainda mandaram o produto para uma agência do correio em área de risco.,2018-06-27 00:00:00,2018-07-01 16:31:58
5cf8fb8fa1f219ccdc6ac473f48d7a7b,78c13513d30056e98c389d49a5634361,2,Boa mas não o suficiente,Não gostei do prazo de entrega; muito longo. Ficou parado no Correios de Bauru do dia 4/6/18 a 22/6/18. Estressante! Só o postador pode reclamar junto ao Correios. Reclamei ao baratheon e nada fizeram.,2018-06-27 00:00:00,2018-06-28 01:24:47
70e10bffff712860350bde241072f5a3,4d1469bf66cf37bc18f5ec280e25cac5,5,,,2018-06-27 00:00:00,2018-07-04 02:40:10
b04ff42ad2f96b463a7696549c222d2b,d0c4a5b064e0ec72eca6b1c01ade0181,5,,,2018-06-27 00:00:00,2018-06-27 21:01:00
cbe7e6af895bfed54eff174d62feadb1,fa09bf06f137e4496f69f730fd93dcaf,1,Não recebi o produto,"Não posso avaliar pois não recebi o produto. Estou MT chateada, nunca tinha acontecido isso c uma compra no site da lannister. No site diz que produto foi entregue em Cascavel - PR. Eu moro no RJ ",2018-06-27 00:00:00,2018-06-29 23:58:19
e557142a4ddec2da000524356935a479,1c2bcfd34cbb64f130a03aeb7c0d6c75,2,Vrio com defeito,O relógio veio com defeito.como faço pra trocar? ,2018-06-27 00:00:00,2018-07-01 15:19:38
2aa56f5d069392f26cd224bad6e94e34,d41ebe858c1aa2cef4e728fee0b07230,5,recomendo !!!!!,lannister nota 10 !!!!,2018-06-28 00:00:00,2018-06-28 21:04:48
31b55a16271618b7cb5cc0c27987b7f9,55c2859a526d3cbf1df65ee601139c3a,5,,,2018-06-28 00:00:00,2018-06-30 00:33:32
509dcafaeae00d95a643eeafc89856d4,181ff95f97fee531c4afa9e882186f18,5,super recomendo,"chegou super rapio...o produto eh excelente, vou comprar mais 3 pra dar de presentes.",2018-06-28 00:00:00,2018-07-03 13:09:02
621a5bd93a7fe132bb9eed154012567d,431478a35228bb7816df8336af000672,5,,,2018-06-28 00:00:00,2018-06-28 18:17:49
79631f3d4c69a5650c301ec0ca139690,eaa862b99d06a963cff6699021d83f09,3,Sobre o fundo do relogio ,"O relogio em si é bom mas, esperava q tivesse os ponteiros no fundo em vez de um adesivo mas ta bom.",2018-06-28 00:00:00,2018-06-29 03:11:40
8036aa134d90cc90de122b4a5d5e6ff2,4c23c4164a5456caf473aa274df8b8b9,5,Ótima qualidade,"Produto de ótima qualidade, fácil instalação e entrega rápida!",2018-06-28 00:00:00,2018-06-30 18:55:18
87007816506fa14ace10cf1ea39124b9,820c39d59fdb0ec31f14070eabca7a15,5,,,2018-06-28 00:00:00,2018-07-17 01:08:44
0591f23c80d0bf2759481fd2cd9bc67d,a526fe23020ad8b0d2b1081b7f769452,5,Maravilhoso ??,"Eu amei o produto e comprometimento com a data da entrega,chegou bem antes.
Parabéns",2018-06-29 00:00:00,2018-06-29 16:34:52
2b3e8d5584bba517c8b68336249503c2,67756d84a71c958f3c19cd41a7580d9d,5,Rede maravilhosa ,Adorei ,2018-06-29 00:00:00,2018-07-02 12:52:04
2b5a317c083b6e6527853fa6eacdd0a4,a081d126973c9d0ea499b22774b035c5,5,,,2018-06-29 00:00:00,2018-07-01 17:59:42
2ca65651e6b6d9349190457f0fb68aa6,aa57296ceb0b170f4823d71a06a43037,5,,,2018-06-29 00:00:00,2018-07-01 17:57:28
415d2a70887bf6610272f4d5696498c8,9029ce944e85e8fd1f64bd03d9a36b9f,5,Excelente! ,"Fornecedor excelente, super atencioso e com produto de qualidade. Eu recomendo!",2018-06-29 00:00:00,2018-06-30 02:53:46
6c47939aca26bc2b549ca31010b6db82,683481ae11f5f4ccfd9263a3bd7f25d4,4,,,2018-06-29 00:00:00,2018-06-30 13:01:17
84cf597c98828ad0d10cff748e23f8b0,0dd85c67684153e61d0c14bf865103da,5,,,2018-06-29 00:00:00,2018-06-30 00:17:06
91ca5bd393677eef3e3abc9ae73e7ce9,7a0698ce87fc4cd3e171e7361f0bc0b5,5,,"peoduto muito vom atendeu minhas expectarivas, indico a loja e vendedor ",2018-06-29 00:00:00,2018-06-29 22:54:14
93520cb587a59be7c8923b2be18aff85,1dfe1249fb9a3871f918c37f1e5f68a6,4,,otimo material,2018-06-29 00:00:00,2018-06-29 22:56:17
948d8ff0dfd764294a1953fa0be7b5ea,8e037d22abe0755825b4a5bd17135b23,5,,,2018-06-29 00:00:00,2018-06-29 18:05:54
9c6148ab5a4ce82b1bd490d4953684c9,0b5de0076d26726a10d457e57b93ff25,1,nao recomendo o produto,não há descrição do produto algum e recebi uma cortina de plastico,2018-06-29 00:00:00,2018-06-30 22:29:49
a5471becb5c548ccff8937dc34d021b6,6ad7862e05692cc6d511bc83ee4669d9,5,Tudo conforme contratado ,"Ótimo produto entrega muito rápida,recomendo",2018-06-29 00:00:00,2018-07-05 01:45:37
0e62468b01ec155161b86b964590964b,bbab2e9b3ccc0a66fa711c81e21821f1,5,,,2018-06-30 00:00:00,2018-07-04 18:44:40
15e3dad69ba6aef842853c56e8dca659,a4285d97aac2bc967bd5b9f50db5b3c7,5,,,2018-06-30 00:00:00,2018-07-01 06:05:13
25c8c0d06da05d8e1f55a243411f60b7,6cd5b34948dea7baaf9c2dd4f429c611,5,,,2018-06-30 00:00:00,2018-07-01 03:27:19
47356da8c38da4cba80737a62826c112,f31100a2f631a83441d0fcd3de9bb098,4,,,2018-06-30 00:00:00,2018-07-02 12:18:42
4cf56ba6ea5b1ce6d0838981ec824f4d,95d58200aba7137d350ed9a168c84421,5,,,2018-06-30 00:00:00,2018-07-07 16:43:21
6e87a0996f0e3e50f5d20f03cdd848a8,61478fcfdfbc524f57df31651d8f38c9,4,Recomendo,"Houve um problema de comunicação entre os e-mail enviados e s/ a entrega em separado sem aviso. mas no final recebi tudo certo e no prazo. Assim sendo, recomendo e compraria novamente",2018-06-30 00:00:00,2018-07-05 10:51:32
7e9e01ec10eb3d0bcfdaaa49d3432ca7,99d738d6bfcf410fa6924ed854246917,5,Otimo,,2018-06-30 00:00:00,2018-07-01 01:30:46
9cc1254bc80f82566cedffd87c1e5d3c,2d8a0bc4abbb7bbb3a420f2219f02f93,4,Bom,,2018-06-30 00:00:00,2018-07-02 22:04:31
ac67906010be5e19d0ec8a9feb7a844f,5d2360b577af310633223b53506dcfaa,3,,"O produto é muito inferior do q demonstra na foto. Esse tipo de produto ""depõe "" contra a americana. Com ",2018-06-30 00:00:00,2018-06-30 22:41:10
ad2036caca61484fc435d7e673c020f2,a9810da82917af2d9aefd1278f1dcfa0,5,,,2018-06-30 00:00:00,2018-07-03 11:23:16
dd3eb6540c95c5580d74c3348c24db2b,c94206a6d6698d5852b7e9e14bdc2e79,5,,,2018-06-30 00:00:00,2018-06-30 23:34:04
e6881253340aed777ea0d3177792da0d,aed8a6355c72e229dbe6db611871f210,5,,,2018-06-30 00:00:00,2018-07-03 01:43:21
0d5e3a35437c6f6094bd01d0af9a0eb2,fdaa819b4c4dba8f7ed72e2d1102971c,3,,,2018-07-03 00:00:00,2018-07-03 19:11:33
12473ef4eb845dea830d20c9ddc14910,a66a0d868cc06abee5b71f206da03f4f,5,,,2018-07-03 00:00:00,2018-07-04 13:30:12
539934246e913ef5cbe68742952946ed,7fd922efa924f2c7b4f65128901590fc,4,,,2018-07-03 00:00:00,2018-07-04 19:58:36
6dd414f9c4e81bdb8e0454186c41f39f,6ba0683fc45576a6050dfba5f9c41bb1,5,super recomendo,Excelente Parabens entregue bem antes do prazo estipulado,2018-07-03 00:00:00,2018-07-04 17:24:24
7393aa30bb4b3c4ce2353c6f8b2a4b67,d5e9734f54e05a41246389d38b732a51,4,Indico,Cumpriu prazo e produto correto.,2018-07-03 00:00:00,2018-07-03 23:57:09
77c4950b9877c19975402e0c801cac13,b1b1b0b5750f064412720744d890eaf0,5,,,2018-07-03 00:00:00,2018-07-05 14:52:40
8fa648fcb2eb5eda0913b6dfb3ef81dd,779b99958efa89d25b8c9a64164cdad8,4,,,2018-07-03 00:00:00,2018-07-05 18:03:11
c7ebf2eaff15e034841c8435ff5fe0e1,76d5f81776bd863daf8fa0a5a59b7f9b,3,,"Os relógios eram para serem iguais, vieram de marca e tamanhos diferentes",2018-07-03 00:00:00,2018-07-05 18:35:45
cd4bb33201d09cb4377c44219443b953,b45e33527c11959b80ea6d7c471a34cf,2,Tapetes vieram dobrados,Comprei 2 tapete grandes e eles vieram dobrados. Junto veio uma carta pedindo desculpas porque os correios não aceitam embalagens com mais de 1 metro. Penso que deveria ter vindo por transportadora. ,2018-07-03 00:00:00,2018-07-03 23:32:24
d0d5bd829045a78ca12fc12bdcd99fce,a5e7e590a77dc838c0311d33e0c88abb,4,,,2018-07-03 00:00:00,2018-07-04 17:42:43
10e58b7baf53a6d4d12a3bc41fbe471c,8135d95a571b0c0529ad5624a7f72ddc,5,Recomento,"Minha namorado gostou demais, leve e bonito e fácil de ajustar.",2018-07-04 00:00:00,2018-07-09 18:36:40
492c20d080df77bc374228a3efa9aa15,2f54db7250b3463f57049dc32ce4ff93,5,Sim eu recomendo ,👍👍👍,2018-07-04 00:00:00,2018-07-06 20:30:17
5b54c52e7c7594250c4fc80280ba1d92,7282809524b9b429bb37460b46596293,5,Super Recomendo,"Lençol e fronhas de ótima qualidade ,já lavei inclusive e não houve problemas na coloração ou encolhimento. Entrega feita antes do prazo.",2018-07-04 00:00:00,2018-07-27 15:01:37
7f2d043381d775114ad9390fb338a2b0,61db74d30d7bc786bf4d981764f3e4eb,4,,,2018-07-04 00:00:00,2018-07-05 15:22:41
94f41a3bd09ed03b8d623da73137333f,a103bbccbbeb3e1d8354f83f08ed2667,5,,,2018-07-04 00:00:00,2018-07-08 18:49:10
bb734df0fb94a1c28f44c7adbeaa9d61,2b7c67fca0696d8eae5f3deb33637a2f,5,,,2018-07-04 00:00:00,2018-07-10 18:56:23
f1ff9366077926b7ef5689193c72c637,c67e5216a65692a116a99fa61da0294e,5,,,2018-07-04 00:00:00,2018-07-07 12:30:37
3968a368a5f3cb0f71621df1b0570ec0,0a7f55f1119615e9adba581bc94ee02c,5,,,2018-07-05 00:00:00,2018-07-08 13:28:40
3d397fcd56549fa0b259da264517f429,83a748270a134df5ad432092f4e26e4d,5,Exelente,"Adorei. Entrega super rápida. 
Super indico.",2018-07-05 00:00:00,2018-07-05 20:47:43
57f8295018d2732ffb1067528010f433,8b4bf0534cfd5d9ebd380e8ac3df9c24,5,,,2018-07-05 00:00:00,2018-07-05 20:45:17
5f4930a700776b5dd55d1aeed97dfae3,6704e7402168366c804f2bc1cf9c2163,5,,,2018-07-05 00:00:00,2018-07-05 20:31:50
7a23f5b0cc57028fa6497d6b048a1805,f974be4f3b9bbfd12587321f437e77b4,5,Satisfacao,Excelente produto,2018-07-05 00:00:00,2018-07-06 02:43:06
ac7c559d01721a5f6f0ef92bdb23930b,fe456fd2155744fb9a7180989d61c30d,5,,,2018-07-05 00:00:00,2018-07-18 12:45:24
d7e11c76d37fc765ad513dc2061af26c,b6bcb5bd5e05b11cfde23235152ebc56,5,,,2018-07-05 00:00:00,2018-07-07 22:27:47
3f0045f8f91e85d1d4a1ba745264f17f,f14cabd169ba0d0ecb7433e55c72aca2,3,Bom ,Chegou no prazo dado pela transportadora ,2018-07-06 00:00:00,2018-07-06 22:21:34
5c094cb8ad3d8a67db0184e2048a65c6,1d2c5463089cdcd251914b1c08a4d103,5,,,2018-07-06 00:00:00,2018-07-06 22:54:29
741697b28f601d2f4766a9713ce9f9bd,98106dc1817ee224a51dc63feb059126,5,,,2018-07-06 00:00:00,2018-07-10 06:45:07
ce8cf4501ce473b990135c51f0e21ba2,20179c04ba0e2e024542349ec1d5d263,2,bom,não usei o produto não mas parece bom,2018-07-06 00:00:00,2018-07-06 19:31:07
d098d96c51af2582445fc762705e110d,a0190a8aa681fe129b9a9ae80dfd9266,5,,,2018-07-06 00:00:00,2018-07-06 19:26:29
ea3b7aad08e7520ca6c596313d52a682,d6e3732aea036f7d71b44db75163e2f4,5,Perfeito,"Entrega no prazo, superando as expectativas.",2018-07-06 00:00:00,2018-07-10 12:30:06
362ab12f73458b47ea8625b3f3ddc6b8,af0875390f2817270f7f82048e3bc867,5,Bom,,2018-07-07 00:00:00,2018-07-07 19:18:14
7fb66155a07c626a7d67b54fac23a822,227a77cf2c1425f0207076c524b1bb5e,4,,,2018-07-07 00:00:00,2018-07-09 23:19:35
8232339ac9c9d7fce8b1ed74bff81383,eb0aa3dd66fc926068964d23504f8426,5,,,2018-07-07 00:00:00,2018-07-09 23:04:19
89a7e6432307fa4f2e2bbd329692bbd1,c08a3a0b0a729cc378e7a36ebf5e9a95,5,,,2018-07-07 00:00:00,2018-07-07 21:25:39
b53478397d5b5ecbd911a7f13bf86b22,3843764d4f30d3653388f1b55c3a9ac5,5,,,2018-07-07 00:00:00,2018-07-07 15:42:51
be5d3fda96df2eb9f2164884896579ed,23c8185c60bb06f217a2437ffc73e45f,5,,,2018-07-07 00:00:00,2018-07-09 21:23:58
d9ba4062c88bbc8e061ba16121f0aa0c,728aef02244c36e1fc4ccfa9c0399c7c,5,,,2018-07-07 00:00:00,2018-07-07 19:56:52
1f0acdc4784ab1cf6ca828052d5926a5,23b6026f4aa837ed95e0941208f31434,1,Não recebi o produto,,2018-07-08 00:00:00,2018-07-09 00:25:19
bfb704388d9333cef09a4fd69bdbd774,421d08636eed6cd2041826b40405c194,3,,"O que achei péssimo foi cobrar dois frete para duas unidades do mesmo produto, vierem em caixas separadas, o valor do frete foi um pouco a menos que o valor de uma unidade do produto. Absurdo ",2018-07-08 00:00:00,2018-07-10 14:57:57
d985409a06188b7667962391f18f8e00,dec16dbd1d355316783dfd6844e61a2f,3,,,2018-07-08 00:00:00,2018-07-09 02:36:18
227e03de0fd5dd3578f90d12b1f5cdd3,7289e899d9083d1c93469d36a42d1dea,5,,,2018-07-11 00:00:00,2018-07-12 18:17:14
53eba292a2697e783c594c6d9a09f043,eb55f59a44f8ca8558eb570394b598da,4,Excelente,,2018-07-11 00:00:00,2018-07-11 22:12:28
82dcb79de9de70d7bb23af4b9346b0d3,923edd16abada2893b886d3757c73ffa,5,,,2018-07-11 00:00:00,2018-07-13 19:49:11
af61e6e8418a6ecbac3394c2ed310b71,43db2bc49fcbe07b3ee17f03949557f4,5,,,2018-07-11 00:00:00,2018-07-14 13:02:44
bc0a46e0b7a2f5c198d87747f75a0fdc,2d5a437d439fb3aed1979b2e5f9f6b39,5,Satisfeito,,2018-07-11 00:00:00,2018-07-12 13:49:25
cfd6d8b6435a51f9f5b4707ab66d136e,0ac37dcbb2a733a4d81866a91ff65965,5,,,2018-07-11 00:00:00,2018-07-12 14:52:16
f5e46b51860a82bfd17be9c90fe8dc61,519478e4bc7d1ca7d93f2fcd7f9e54b7,5,,,2018-07-11 00:00:00,2018-07-12 13:06:38
169dfba83e9ee29c8c999cf56ef6a8c7,20e966193a16a101f6a264df9dd92968,5,,,2018-07-12 00:00:00,2018-07-12 22:14:27
2f2bed79f6ac7f4d2857d803f5dc71fb,61c3073707aeb0763a028eb696085d02,5,,,2018-07-12 00:00:00,2018-07-13 01:06:03
5765870a6ffa280e15c7d3aa980df3f1,0866d83668146dad766bf1a583207b19,5,,Ótimo ,2018-07-12 00:00:00,2018-07-13 10:29:09
8cf4f3bc0ff1152376d2cab289a3276e,043e7f7cfe1fdc68f4ba3dc83504db83,5,Perfeito!,Produto veio conforme anunciado. Recomendo a todos. Veio antes do prazo. Minha filha vai amar. Continuem assim. Valeu.,2018-07-12 00:00:00,2018-07-15 14:24:28
b9321d1c3c2718f1242b5b73ac4be378,852fab0ef8986c549194d5959498f160,1,Produto Péssimo,"Não condiz com a foto, não veio com as 4 pilhas conforme o anúncio e simplesmente não funcionou em nenhuma das 3 televisões Smart que eu tenho da Marca Samsung.
Muito descaso com consumidor!!!",2018-07-12 00:00:00,2018-07-13 12:50:27
09b80dcf6b56845dd7222a9fd5b40743,c568b098d9dd03c22f387c2f0eb4be8e,5,super recomendo,"muito bom produto, material de qualidade",2018-07-13 00:00:00,2018-07-16 11:23:11
17f1f63fd0d9fad6d9d2f5fae225d68b,12fb2d2b590f7359e3b473456bd1ca87,1,,"Não recebi tudo que comprei. Já enviei reclamação para o stark, mas ainda não recebi nenhum retorno ",2018-07-13 00:00:00,2018-07-13 22:09:46
1a71574ff46da4757f33e56e09be21e9,defab1e640d2aed0c5c98b1465ceb7b7,5,lannister.com,Estou satisfeita com os serviços de compra e entrega.,2018-07-13 00:00:00,2018-07-16 12:07:58
2361bb2a997f771b0ca42af25f5f85be,199303a694a579a221dd258585150f89,3,Atenção!,"Foi a única loja onde encontrei o kit completo e montado, mas a peça veio muito mal embalada, a caixa chegou totalmente rasgada e a ponta do eixo apresenta defeito de fabricação que tentaram mascarar.",2018-07-13 00:00:00,2018-07-17 13:07:53
3600d5d7a98776e214e955afbc88a225,cd919470d4038db47af0ae7904777f68,4,,,2018-07-13 00:00:00,2018-07-16 00:37:08
4d8867ff7137ac97e189147b4fe4dc86,465e35e9d79f4b18d9c506b78cf86c62,5,,Excelente produto.,2018-07-13 00:00:00,2018-07-14 02:59:09
60924c6f74d7ee502575b6e33d05e3cb,ceb22e0ea85b325aeee259c87e85fde6,5,muito bom,,2018-07-13 00:00:00,2018-07-13 22:39:40
6bff0a4d4e121d10e5ad1735cf5ba26d,e44bc38d6b4a533a8bdf31db140f2d01,5,Dez,"Maravilhoso poder comprar em casa....receber no prazo..
",2018-07-13 00:00:00,2018-07-15 16:42:08
6e41e3341fec8da045bb962f5b354dbf,ddcc0f4f6de9d30500e9e39e2127046d,5,Compra do produto Rebotec,Estou satisfeito com a entrega do produto. Parabéns à loja pelo ótimo atendimento! Recomendarei a mesma para outras pessoas. ,2018-07-13 00:00:00,2018-07-16 00:05:58
94e4bde9a16194c468881a8f4bb08195,341dc4ea81fabe7de6af564b72fcf3e2,2,não confere o produto,Eu comprei o KIT cartuchos 664XL (preto e Colorido) e mandaram ERRADO Kit de cartuchos 662XL . QUERO QUE TROQUE PELO PRODUTO CORRETO COM ESTA NO PEDIDO E NA NOTA FISCAL QUE É : KIT CARTUCHOS 664XL .,2018-07-13 00:00:00,2018-07-13 15:00:44
b25bb8f4e3e7bb13204fb6feed07b9fa,b1e7ea6ef4104c3bcd94c0b9260717b2,5,Excelente!,"Muito bom! Compra tranquila, Entrega super rápida. Recomendo para todos!",2018-07-13 00:00:00,2018-07-13 17:44:07
cd42ca52fc51e79f98e2c7d67803e15d,89d6544684b9cbacd492feb38abe4fe7,5,Melhor loja não há!,"Recibi o meu pedido antes do prazo, poucas lojas tem a eficiência do baratheon loja nota 1000.",2018-07-13 00:00:00,2018-07-14 01:54:36
dcb137d6e210ef5a40314100091a83ea,47852cb7df51fcfcdcf3f3f9969ac1b9,4,,,2018-07-13 00:00:00,2018-07-14 12:28:10
ec8cd29360d7031d0d2deee1c4f0df74,1bfb96cdc9efb4a52f769d2833d992af,3,Boa,,2018-07-13 00:00:00,2018-07-17 18:25:03
2f6eba627aff8da062d21843e2e8932f,5e76d3cfcb1b71a6a78fabf6ec3ffb73,5,Excelente,"Entrega excelente, ainda não instalei o produto !",2018-07-14 00:00:00,2018-07-15 14:18:39
330135b74847d6f24fdf53fe200e071c,7c6146547d5509c612ec26867d1cd47b,5,,,2018-07-14 00:00:00,2018-07-14 23:01:14
6c7f4d08222e17075475c7dd563733b5,864e3fdc082c07a108b48b135caf761d,4,,,2018-07-14 00:00:00,2018-07-17 08:25:28
a422e5bbd097281091c9a0543b5f17b8,6a6c30136e870dc8e8338fbb826ee41e,5,,,2018-07-14 00:00:00,2018-07-16 23:25:06
b4baeb4b35fcc15268dd36bffd89b179,ef2ecde1a76f9bcc15c632e7970aca8d,5,excelente,,2018-07-14 00:00:00,2018-07-14 17:45:14
d6efce12437d104a81ffc4bff59edc45,6076ec81706ee9060d085f2909a6fbe7,5,tudo 100%,,2018-07-14 00:00:00,2018-07-18 11:49:33
923dfde9b76d2c5613e20292089e1582,723941d77928846a4b2ec4612303bd25,1,,,2018-07-15 00:00:00,2018-07-15 04:04:24
bffba33345820ccfaf1f783a1d577ab1,654c5ae02ab59fb154d128fc5d5418e4,5,,,2018-07-15 00:00:00,2018-07-16 12:08:53
f4d8d18b95d1901fc319946c4b93acac,7a53fed7f9006ef9325efa365e6a1992,3,nao recebi,aguardando o produto desde dia 13,2018-07-15 00:00:00,2018-07-17 12:11:02
252c998eea7bb973e84104a8f1161b52,be00cfaf4e0d5de6b164815a10ca0ad3,5,,,2018-07-17 00:00:00,2018-07-17 17:58:05
7b28d9d526cb8b4c7560265de90698b5,a33a09b1320a130c61d1d5d9b8aec5ee,5,,,2018-07-17 00:00:00,2018-07-17 23:30:10
4866aeab594732f2d471edac2b4c83dc,6299bb8e855289b411394e216495f96f,5,,,2018-07-18 00:00:00,2018-08-03 14:19:37
18faa7f99494ee68b62b14289fdd5a1c,b898480abf81ccc16670a2642a0f3173,5,Otimo,,2018-07-21 00:00:00,2018-07-23 23:02:01
58f1655df206a9a40482b929b81ee671,f81e71dd7c044a9ee7c1d6e37d68d64f,1,Não recomendo,O produto me chegou divergindo em relação ao informado no site sobre o funcionamento do mesmo. Falta o botão redutor de velocidade,2018-07-21 00:00:00,2018-07-24 00:09:40
58f1655df206a9a40482b929b81ee671,67be6410d453784501c125d4f0ecb741,1,Não recomendo,O produto me chegou divergindo em relação ao informado no site sobre o funcionamento do mesmo. Falta o botão redutor de velocidade,2018-07-21 00:00:00,2018-07-24 00:09:40
6aa3c51dedc2c010986af6a9e34b4a0d,6cac20dcd1e9ad064b34d1148de9b9ca,5,,,2018-07-21 00:00:00,2018-07-24 00:19:58
e9141d719ed4a4b80146944c4b0c48a9,5471d5c0cbff5d04724a56e49cd4d308,5,,,2018-07-21 00:00:00,2018-07-23 20:36:10
541e090b86d4265e160e4dbcac2519c1,26e0070f204a2cc8cae3504b038a0dfe,5,,,2018-07-22 00:00:00,2018-07-28 16:53:35
8a7dcdd817130d26ccae5fa8eea9e015,7b4dd7a1e967f3c305574c48bf4045f5,4,,,2018-07-22 00:00:00,2018-07-26 01:08:48
0a12bbe843550f9318f5769bd048b2cf,2d96648ebbad7ad9cfc40c4c9c820f92,5,,,2018-07-24 00:00:00,2018-07-24 21:24:08
186646cd231f8a88806dd0f9b8a14ae2,9845d84225d361cb655d4963c6aeaa87,5,Muito satisfeito. ,"Ainda não fiz a instalação, mas creio que não haverá problemas , mesmo quem Vendeu ter sido terceiros, o frete foi super rápido , obrigado lannister. ",2018-07-24 00:00:00,2018-07-26 22:30:48
93fd264fa9aea55f0c7f27c32af46085,676e56b18ff6a72033c922409a9d3a02,3,otimo,pontualidade otima,2018-07-24 00:00:00,2018-07-25 11:13:55
96c8116ab16d46950aa6f08d9042a127,15f8e1e2abf48b0c5161b2f0110ba6eb,5,Recomendo!,Muito bom! Recomendo a todos!,2018-07-24 00:00:00,2018-07-25 10:43:37
a09784715acb7c4ec3aff6849dbb8ce0,f396e1280028fa9c8c83111abee5f2e9,1,,,2018-07-24 00:00:00,2018-07-25 03:32:42
d7d6d4581210a7bf946f7a6284c81fe7,c2d9d0e0c3a188dd8c70809844767fa5,5,,,2018-07-24 00:00:00,2018-07-28 21:27:17
e6796a71c1dc8160bd6efee20162eae5,50ef0803caecc37cffe206f09dbc70b3,5,Muito satisfeito,Muito bom!,2018-07-24 00:00:00,2018-07-27 01:12:12
019b28ab27a98e902f93cff6243304f2,9ff3f5e7cee88825b32940649a3a2162,5,muito bom,tudo ocorreu com prometido e esperado. recomendo com empenho.,2018-07-25 00:00:00,2018-07-25 23:01:37
1819e614aa4db4f623db9a86706753fa,1fc147ecded099d8acf876cfaf66f731,3,,,2018-07-25 00:00:00,2018-07-26 11:34:41
1c58012478db1b4e51983aafce63d5d4,60b4528b577937165a412ba177de3606,5,,Chegou antes do previsto.,2018-07-25 00:00:00,2018-07-25 19:18:20
4f89120108881e917a38487646beaee5,141b860df8159c748ea4d24301992689,5,,,2018-07-25 00:00:00,2018-07-26 15:55:36
5d5fc3469a301224faba3904899d3964,c37d41945512f0cfbcdd0f085bbd04d8,5,otimo,,2018-07-25 00:00:00,2018-07-26 14:38:37
631c883f5e3635d7836731e2b0dc92aa,f44845a8eeec9bf829093ad92c846c09,5,,,2018-07-25 00:00:00,2018-07-25 21:43:51
6adbefd620e17ee964438e362b42daae,9c28244a57606ad0cd766dbef78f98a8,5,,,2018-07-25 00:00:00,2018-07-27 23:14:13
6fe88bb5630a86f0b31d7fd2526b5fa9,4f2fa4f9710bf00b09c28ac555393d2a,5,,,2018-07-25 00:00:00,2018-07-31 19:21:59
ac5afd270ba742ad94253c48abaa4aa5,454e3d66dfb9e670fd53406db78100ae,3,,,2018-07-25 00:00:00,2018-07-31 00:13:01
dcd41b96511ed9e7e9ca2c15e76fb419,7f81d8bccb5531846cd177fd590ab260,5,Legal,Muito bom,2018-07-25 00:00:00,2018-07-30 19:25:16
f7d9b03e252d5ede4dd40b77f2f787aa,a376666be364f3f82e0ca187cd014a86,5,,,2018-07-25 00:00:00,2018-07-25 23:07:43
0428a9dcd40883b34fba6bcad6108001,f1d18fb87d755ecddcf4c37e141aa4f0,1,,"muito grande nao dar pra coçar em ambientes pequeno.
",2018-07-26 00:00:00,2018-07-28 21:09:13
0fc92ccf35385a1bbba9a2859a18dadb,ee6059ea51c2fe6fa582bfee8d1a725e,4,,,2018-07-26 00:00:00,2018-07-28 22:08:31
12f2fd663de5670387805fd70ece2e21,b76e1e63723d846f3382683973908122,5,,,2018-07-26 00:00:00,2018-07-29 17:02:57
1698104680cb0f9d53476dfffdcae145,2be45f506aff5e82c64c2b808fe8a93e,5,,,2018-07-26 00:00:00,2018-07-27 11:56:11
75e15c67b9c4ab1771c972d25b4ed8f8,fc4de496aefe84390ddbb5471ace9a8c,5,,,2018-07-26 00:00:00,2018-07-30 16:19:34
7d5dd5e9831bc6093fb7980a3dee5c22,62ce4e3989a3477928510bb4d1064cc4,1,Vendedor Sem Compromisso.,"Comprei 3 plafons de led, 2 ralos inteligentes e 2 luminarias. Um dos ralos veio quebrado, comprometendo a funcionalidade do mesmo, e as 2 luminárias simplesmente não foram entregues. E ate agora nada",2018-07-26 00:00:00,2018-07-27 00:58:57
c794fc45f0f04fe1590098fb085b1d63,7fb2f6ef625bf7ef303f984bd8cd2267,5,,Produto entregue antes do prazo estipulado! Recomendo a compra!,2018-07-26 00:00:00,2018-07-26 23:07:46
ce233ea4e4b9ee3a7023a6d8955485bb,c67c6e7178cff9848b2d6556d1670fd8,5,,Ótimo ,2018-07-26 00:00:00,2018-07-28 21:25:51
db7c5ae0d81981caf2c89bab65c02321,1e51b2b229678b37addbfeb359d0e3ab,5,Ótima,,2018-07-26 00:00:00,2018-07-27 12:16:44
e646a8894a8d7ea06b784d84ed0e0649,a7fafbfc43a11e5ba3d934121a63bb43,5,,,2018-07-26 00:00:00,2018-07-28 18:22:29
e6c6d2dd67da56c2d77b24cb73ff2354,a6a81ef0cba0e11e230b4d19a6e8c559,1,Ainda NAO recebi o produt,O Produto não chegou.,2018-07-26 00:00:00,2018-07-26 19:33:29
02e6cf9aa3d637e9c45dfea3bd9c09a8,45ee4a244dd8a9df576959533aca1d6b,5,Excelente,"O produto funciona corretamente, aquece bem e é indicado para microeletrônica uma vez que a ponteira é bem fina. Quanto ao prazo, chegou em 1 semana e estou no nordeste.",2018-07-27 00:00:00,2018-07-27 19:51:09
07e7d9c7344a73643b91030d7859d3fb,7ea0402bb982f8ff37a8a8ef5adc4786,5,Ótimo,Entrega super rápida.,2018-07-27 00:00:00,2018-07-28 03:07:49
277f31c7f051c72edd4a1d872b060d89,2a5c45b004d16284b462d61b46ed1460,3,recomendo ,"chegou muito rápido,faltou apenas o certificado de autenticidade, que necessário caso precise utilizar a garantia. ",2018-07-27 00:00:00,2018-07-31 02:30:04
579f14a1843e385c49c2db3ce1400e41,1f3e98938afd17558e267ed6afda4c95,3,Bom," Tive muita dor de cabeça com minha compra!demorou mas foi resolvido!só pra constar,tive problemas com o site e não com a loja do produto!pelo menos com essa loja não!a mercadoria chegou no prazo!",2018-07-27 00:00:00,2018-07-27 23:13:18
ab3a564be8669de7f3e84a06da097d1e,bf0d67707bc87fa3fe2cf74a1c2c693f,5,,,2018-07-27 00:00:00,2018-07-28 17:50:19
cea528e9d3b93d8733d3b836d48fd238,3569dcadd0374718b87bead0d7241d6d,5,Bom desempenho!,Satisfeita com a compra e com a empresa que foi rápida e eficiente como das outras vezes!,2018-07-27 00:00:00,2018-07-27 22:04:25
f2949c219cdf857a70ed66f5ed384c59,20c50b79ccf3492546de6ef891c03ebd,5,,,2018-07-27 00:00:00,2018-07-30 08:37:24
1db667c1e2c0b08b20ee94fe87319137,c2eddb0c2651699e1839ee701627449f,1,,Produto com data de validade muito proxima sem ser informado na hora da venda.,2018-07-28 00:00:00,2018-07-31 10:06:02
1f372c36cacaba1245f96b3884f07e86,1e575fc9d2c56fa7889923cd298830f1,5,,,2018-07-28 00:00:00,2018-07-29 18:14:03
2c9ae0c43aefa89ab90ad6ba20b32a02,60b17021cb20c803ad265dc1847f06a4,3,,"recebi apenas a bota, as taças não foram entregues.",2018-07-28 00:00:00,2018-07-30 12:16:36
2c9aede258bfe12708c681efce41aecf,1751f4e14a08d5188324c3a04175f76f,1,,O relógio está com defeito onde efetuo a troca do mesmo ou seu reparo.,2018-07-28 00:00:00,2018-07-31 14:05:51
329370992c58d96c8f90ff38648b4468,7cb6e4af5a197f3923e8c8358ca71f0a,3,,,2018-07-28 00:00:00,2018-07-29 07:41:27
57ffe7f78ace944c544f61654bcca455,a43d72884af5f964762b9070af86b567,5,,Produto aprovado...,2018-07-28 00:00:00,2018-07-30 11:30:57
6264990505944440a90f02c39ec3f1c4,80e834c250ad9420643210e6f3b5bd37,4,,,2018-07-28 00:00:00,2018-07-29 00:53:22
6d7ff6f2dddc178a8a632ba14b24c1d3,db274d549125d73b0e1052886af9422e,3,,,2018-07-28 00:00:00,2018-07-29 00:42:57
6e4344680dbd30c75f78394e0dcfffdf,ed3efbd3a87bea76c2812c66a0b32219,2,,O produto veio com defeito ele não liga não funciona quero trocar,2018-07-28 00:00:00,2018-07-30 11:06:16
7100e7a44737667a59d04161c8bdd5f9,9dcc4e7d4978e71c0c8c8562a72935fd,5,,,2018-07-28 00:00:00,2018-07-31 02:01:54
86004cb6e64c8f6cc98265483f8c5720,df2a380947167bc1d9d863cf7247713d,5,,,2018-07-28 00:00:00,2018-07-28 15:13:05
8fe9344cd93d97c6b19de15a8498d8c2,479b6ef981f240df12226a5ba0abffef,5,,,2018-07-28 00:00:00,2018-07-28 20:53:04
ebfed28eb308414100e4fc194a380da1,6e9b3d5868d4efc61bfafde4d03c6ae2,4,,,2018-07-28 00:00:00,2018-07-29 01:04:01
72ab361d0b408f54f6f0943275a84907,f6284b20e702b2576ee9a3531fde571d,5,Recomendo,"Muito obrigado, o produto chegou bem embalado e em ótimo estado.
",2018-07-29 00:00:00,2018-07-30 11:09:08
edb8423465e501f510c97eb1e0f80e72,b1829b9fc61d2f28d8668cd5bde29e3f,2,Produto diferente,"O copo não é exatamente como está na foto, apesar de avisar que é de plástico semi transparente, também se fala que a tampa é preta e ao contrário disso a tampa é branca.",2018-07-29 00:00:00,2018-07-29 21:42:34
047fd109ced39e02296f6aeb74f6a6f1,a89abace0dcc01eeb267a9660b5ac126,4,,,2018-07-31 00:00:00,2018-08-02 15:11:49
3415c9f764e478409e8e0660ae816dd2,4d59cc2a2e7bb6c0a851725f5888a9b5,5,,,2018-07-31 00:00:00,2018-07-31 23:11:57
52dab8c4e0a7504db34eee485e60d794,77e9d2f71c740441b1fce48743b8e358,5,,,2018-07-31 00:00:00,2018-08-01 11:27:02
6ae755886cb8879139148245d15cbead,127f6cc9849c481c4f0daf043a91a129,5,,,2018-07-31 00:00:00,2018-07-31 22:58:18
762dd84fc642ec5643f800c1ffffc9f6,aaf2a2f9c59483fb9eb7d044abcafc4b,5,,,2018-07-31 00:00:00,2018-07-31 23:40:54
76e7f71eeb323254d3ec8a773917c771,542dd8c7a80f7006b56c9cbb95e6433b,2,,,2018-07-31 00:00:00,2018-08-01 10:29:06
7e025cd65f46ec8452484b4f2a14870f,05426618bfbb87e04fdd3a60a5bfef38,5,,,2018-07-31 00:00:00,2018-07-31 22:35:57
876170a550c72ee4d0b7e955d1165926,192280704cc4c1f82086c55f0622f09b,4,,,2018-07-31 00:00:00,2018-08-01 14:00:09
9400c85832b464a99b933e7393bfc60f,3315a8038d5ead17040d6658a1377c7f,5,Aprovo e recomendo,Excelente negócio. recebi o produto exato que pedi e bem antes do prazo estimado. Certamente voltarei a negociar com este fornecedor.,2018-07-31 00:00:00,2018-08-03 00:30:04
a80ef27a22ec54eaf9405a9e35e61e3c,da02757374a4765efdc08488ec40e778,1,ENTREGARAM O LIVRO ERRADO,ENTREGARAM O LIVRO ERRADO NÃO CONSIGO CONTACTAR NINGUÉM DA lannister. O SISTEMA NÃO ACEITA QUANDO TENTO CADASTRAR A TROCA PELO LIVRO CORRETO. ENTREM EM CONTATO COMIGO!!,2018-07-31 00:00:00,2018-08-01 02:35:25
ceaa23485dcae340a0727ef5feb0800c,df7e2759236fdf704508c65069fb6dbf,5,,,2018-07-31 00:00:00,2018-08-01 10:21:33
edc2b953f59278ef8fafdd70309051e2,df2a380947167bc1d9d863cf7247713d,4,,,2018-07-31 00:00:00,2018-08-05 23:25:42
0a2fe6e337234c51b1f94083f1912471,346fa124d404d88a793438c41f21932b,3,,,2018-08-01 00:00:00,2018-08-06 18:21:19
2bb20c7f19a9aa625bd8e6ba9f000f27,d35703faec55cda0ceeb4f50a4d584ae,3,,,2018-08-01 00:00:00,2018-08-01 15:23:32
6286461325b33ea3d84b5c3d244cb100,b7daca2d24a93ab9351485e0bdcbb7e6,2,Risco de acidente,"Muitas rebarbas na hélice do produto, risco de corte/ acidente ao manusear. Se soubesse não teria feito a aquisição.",2018-08-01 00:00:00,2018-08-02 10:23:27
6fbd8ef5367bd723d426167e479c7326,b76e1e63723d846f3382683973908122,5,,,2018-08-01 00:00:00,2018-08-08 22:20:22
82166b51cc1bae74d892e37e56a7d3bb,97823d6731e59cd6b4f9d3ea113a976e,5,Recomendo!,"O produto é simples,de acordo com a imagem e com o preço pago.Obrigada.",2018-08-01 00:00:00,2018-08-02 12:22:45
ba5d32db98e447802513ec268c0d1b9c,d94600e5b855ffe8db3b9bc06e21b1bd,1,BOM,PRODUTO PARECE QUE JA FOI UTILIZADO FEIO TUDO SUJO E RISCADO,2018-08-01 00:00:00,2018-08-02 15:23:53
f3d392506145b2267573b33e6b3c9b35,1166c0cee90e165a1b3cf275339be6cc,5,,,2018-08-01 00:00:00,2018-08-03 22:25:17
fb392fc072c42b159c666f0d547911ec,1d7542bb5262913fe0516f7943b69a58,5,,,2018-08-01 00:00:00,2018-08-02 11:02:46
235329d9a04bfb5dae74960b6c5b1525,5c4e9b69cfdcd45f69531467695237e4,1,Produto com defeito,O produto nunca ligou ou acendeu nada. Passou um bom tempo carregando mas nada aconteceu,2018-08-02 00:00:00,2018-08-03 02:08:09
2edac6b60460b3b4989c72bd009e8fb7,6ad40910813e5836d9698b103b222e65,3,7,Não gostei porque tive que busca no correio nem entregaram na minha residência ,2018-08-02 00:00:00,2018-08-02 14:38:23
34c81abdfca54d3f5c1a525840e9ae66,935cbf337f50d03fc7ecfb5a601dc7fc,5,,Entrega rápida...,2018-08-02 00:00:00,2018-08-03 01:21:23
66fd7bafd07f8e4b6d1bd92e0c84cd54,b8197dddd8d9e9a9789a8573d6f84d7e,1,Produto levara 60 dias ,Arrependimento de comprar. O produto levara mais de 90 dias para chegar. Desisti da compra... Compra cancelada...,2018-08-02 00:00:00,2018-08-02 06:55:04
88a4a912ad8a2c06304d6045bc9175c0,22e4add79c3efc7828d1119a222b76da,4,excelente!!!!,Gosto do respeito e preocupação que vocês tem com os clientes! qualidade e agilidade,2018-08-02 00:00:00,2018-08-03 13:07:15
916926a19186250405ded53a5c9469bf,5c2d1d55c31db1cbe069dc9b6454b897,5,,,2018-08-02 00:00:00,2018-08-03 13:09:36
995f25e694e05e77fae7aa22a62bd0f4,c1f7501bdc05e68361a9d1c71ef75dcc,5,,,2018-08-02 00:00:00,2018-08-02 23:53:55
a550ead2930cb970de4eb083c98264ef,a445af0d83713885b6b576796191b1fa,4,Falta as almofadas ,Comprei a capa de sofá que já foi entregue ( que por sinal é muito bom ) porém ainda não recebi as almofadas .,2018-08-02 00:00:00,2018-08-04 12:30:16
a8b0f5ab070712a923b335e69bf51b63,2291ee4be39fe350accf088e1b57a5d1,1,,,2018-08-02 00:00:00,2018-08-05 00:08:10
c050bb84f3cb5909204a349a633c257d,67f38c0b9d8a42541af92de7b6a19ea5,4,,,2018-08-02 00:00:00,2018-08-02 19:51:39
c14a7021c52d6155e90ede116d36b1f6,e1d639704794372882078d60df591264,4,,,2018-08-02 00:00:00,2018-08-03 18:23:46
c66baeb7bc70f386f5c1af213b424c03,082730bdb06cc2b755fbb33becd6ccec,5,Muito bom,,2018-08-02 00:00:00,2018-08-03 21:05:48
fa1669a9d789697202f425fb093aeac0,fe437c0788b9f47d5ec164c87988cbae,4,,,2018-08-02 00:00:00,2018-08-04 10:34:10
18c0606d2a106e9e6109ee2f59c265a8,b3abe697965039908d3203cd063a2ce6,5,,,2018-08-03 00:00:00,2018-08-05 17:37:34
51e624c45c030e64e80523f1bad027f2,59a28b77022aecabe93b43fa323de71b,4,Otima,Produto muito bom eu compraria de nova e também recomendaria outra pessoas muito obrigado ,2018-08-03 00:00:00,2018-08-05 23:39:29
baa9cf3b5d3301606b065b554ae98c7c,e13fd2b405c7a3685ff6214f38b86e79,5,,,2018-08-03 00:00:00,2018-08-03 18:44:43
2628dd5e410a25dde4e462bb8b005bb4,30d5a8ce8a4195b742a8342c739efe91,3,,"Produto um pouco frágil, esperava mais.",2018-08-04 00:00:00,2018-08-05 17:43:09
41f8eecfb2c25e7cba2a1a7c9dd899e4,e4cbb88fcf9a02837b22b1f6f812a9ed,5,,,2018-08-04 00:00:00,2018-08-05 04:15:43
447744ca33548b7b5a09676894e021e1,1fd64d652fae27df0e9aac1f4e605984,5,,,2018-08-04 00:00:00,2018-08-04 22:28:24
5aa8cff79688fc5d064f2beeaf72142d,39b07544f44827ecfb759a3544ccab72,4,,,2018-08-04 00:00:00,2018-08-07 21:50:11
609d58e4377dad7df6ce55366678a8bc,8f0057f230f19e9f7ad1a5566ef6a980,4,,,2018-08-04 00:00:00,2018-08-07 03:53:40
6b7c670a784ae6d3f17ee1d4b28d197e,2c12150c742ae2fa48bc703964c16c5f,5,,,2018-08-04 00:00:00,2018-08-05 22:10:19
a394d6ccf245255c1574e74c8d4e6787,b35a771164a9defa3b4767f1b66918b1,3,,,2018-08-04 00:00:00,2018-08-06 15:22:31
a4291df28424e146ac66cd5031ed55b7,9949f7af3885f27e84044841513de26e,5,,,2018-08-04 00:00:00,2018-08-06 13:41:46
ba287bd4bd3be5d9d37a908f25e21308,2ad4df0af7a71d632dccc0129bee3268,1,,Ainda não recebi o produto e tbm recebi uma outra msg sinalizando q ia ser cancelado,2018-08-04 00:00:00,2018-08-06 15:23:59
c5965e2e08b9f7f3530671b899157c8d,7d37719edab33266657f56d6739b837e,5,,,2018-08-04 00:00:00,2018-08-05 10:52:49
d188f39c9c61bfa768a680334b8527fd,50ef6a06a587a4f97f8483946c692e70,5,,"Recebi no tempo e prazo.
Gostei do produto muito ?til.",2018-08-04 00:00:00,2018-08-04 23:20:07
da8e936bc2f1b52ec626f8aa41f3df44,0fb9645c128ac84788798f0129496ca7,1,Produto incorreto,Produto diferente do anunciado ,2018-08-04 00:00:00,2018-08-05 17:21:32
e90351a2e646910880be93f44eaf7cdc,0c6a2732270e3f0f66bd73dbde93b59e,3,Funcional ,Entrega dentro do prazo.Mais a película fica descolando as laterais ,2018-08-05 00:00:00,2018-08-06 15:04:04
2166f23eeb75757d6ba352963584a2c3,fe784ed3dfc728fd4de44fa9918fe1eb,5,,,2018-08-07 00:00:00,2018-08-10 15:35:52
36b726983614d21c8671fab032c7a51c,7e772cb45f952aa56139d1cce1c308dd,5,,,2018-08-07 00:00:00,2018-08-09 19:30:14
3d084249ed9272bc5642fbbb116b5317,6ae0348c0cca83cc28ca3bf25d9e60fe,4,,,2018-08-07 00:00:00,2018-08-07 23:39:17
547830c582722e9b53fc914bf407f542,4d3d69fc5da58b96ec1c571580f89070,3,,,2018-08-07 00:00:00,2018-08-25 18:26:37
7afb827cafa3ccc34132851ee76415e3,8f4dff9c7bdbfd26aee6064637637f24,1,"Relógio horrível, ","Péssimo, sem qualidade, material vagabundo, horrível, não vale nem 10 reais, totalmente pirata ",2018-08-07 00:00:00,2018-08-07 20:11:55
9aa53d948f0a05b0d5c4a44ac171e278,78652a80b5afacab99c641f855a4b00f,5,,,2018-08-07 00:00:00,2018-08-07 21:10:30
d50078f159958621970a6904e7463005,a1534509a270687ff2247cebc502baae,5,,Tudo conforme o previsto e combinado. Boa qualidade do produto. Recomendado. Obrigada.,2018-08-07 00:00:00,2018-08-08 04:26:05
de383f45126bd92bb6965942a11270c9,da1a0dd3bf29adb14c8a77fca7388c11,5,,,2018-08-07 00:00:00,2018-08-08 11:58:00
fd1ef57c03967b75ca1c6cca62c776c2,367d9f6d184cf1d060d92bdc71810d2e,5,,,2018-08-07 00:00:00,2018-08-08 17:05:45
0b83ca2a96f664f3f14294fba60d2cf0,bfdc8cc8e1e3a146d1adb471208f0a72,5,,,2018-08-08 00:00:00,2018-08-08 17:10:57
0e5c15c4c83bdb72f814526b11aa1f7e,a8898844029abdc3064b4fed7ca04a47,5,,,2018-08-08 00:00:00,2018-08-08 21:35:11
3fad5365f97b65318e794157ab51a22b,8bbbef97d763f4dcf2e12cc5b5e0cee6,5,,,2018-08-08 00:00:00,2018-08-08 17:37:11
485a83168b6226007b509ff0092444d1,22e737b729bfdec35e6fcbc9bbc518e0,5,,,2018-08-08 00:00:00,2018-08-09 15:30:13
5dd46d75dafa597ac96e4150f4a4abed,2e4ef279d418d092749185f9a030d1c2,5,,,2018-08-08 00:00:00,2018-08-11 09:45:42
5f22ee45166f243fe3b9fc9efe29a7db,c39ffdd77f5ddda482650795f30f7aac,5,,,2018-08-08 00:00:00,2018-08-10 19:49:56
67e5856e26b0e62915a5119e1e263fc6,890c646ac2f95965fe8b02b81cfcdc5b,5,,,2018-08-08 00:00:00,2018-08-09 17:30:13
9a63b4206e747bd2eca94e77d3db76bb,9e79eaf24f3a351f51692b227136741e,5,,,2018-08-08 00:00:00,2018-08-09 00:37:23
b3c60fd60a854c202bfa7e6cc15c87fd,8da23e61aecf8f2c23c49d53c6d16d40,5,,,2018-08-08 00:00:00,2018-08-08 21:12:35
b857cadc54904f314907bb1f357ccd50,8872e48bafe00195f92e3a6f1d81bfbc,3,,,2018-08-08 00:00:00,2018-08-09 11:42:52
d067be6418df2bd478433c2fc7a7fd25,9c9519dbd0554cfc5c787fdc7fa8ff42,4,,"Só recebi um dos dois produtos, mas até agora tudo ocorreu bem",2018-08-08 00:00:00,2018-08-09 15:23:24
d783b9df1cbb8273c3fd93dabebc7028,fa501c06e7a60e98b43e678fd5205c37,1,Produto de qualidade ruim,Produto diferente do que foi anunciado.,2018-08-08 00:00:00,2018-08-09 16:10:25
e76691b5b361d24a2ce3a7d5beae25c9,1bd518c15ee16570e9b8c8e29fde9ab6,5,,,2018-08-08 00:00:00,2018-08-09 01:01:27
ed8017eaaea74d271affe463beb1256d,46bdec7cc92d926500bee756ee1df6dc,1,Péssimo ,Péssimo atendimento péssima entrega. Sequer tive retorno de minha compra cadê o produto porque o PGTO já foi recebido. ,2018-08-08 00:00:00,2018-08-09 02:01:53
f244ce68a534e54d46a3f42b7ad73bc9,553682ad4457471eb0db66f89c9bedd5,5,,,2018-08-08 00:00:00,2018-08-08 22:52:06
064850bebe8376d690a585cb21e40e1c,c91255e49926cfb63353034df59a25d5,5,,,2018-08-09 00:00:00,2018-08-12 15:50:42
0bf155f4b2a59b55a2a0f2bdd281c325,aa6e1f3a2b645a2b22e70084a30d2cd0,5,,,2018-08-09 00:00:00,2018-08-10 11:53:14
14ed0b712913e0b6158a1c3fd35ff97d,7e27277184720891692df939d3a7b048,3,Bom,Bom atendimento ,2018-08-09 00:00:00,2018-08-12 11:16:27
2518803238cabbf63564593e4a8fc52d,997fd4b37386d10b57d4ac8cdec011a6,1,Nada de produto,"Ainda não recebi o produto. Sendo assim, não posso opinar sobre ele. Quanto a loja, deixa a desejar quanto aos prazos.",2018-08-09 00:00:00,2018-08-14 11:40:54
4f551ccbb434645dcc512cf7c96a76ad,161dded9453a3c4d5b6fd484128249a3,5,,,2018-08-09 00:00:00,2018-08-11 14:10:19
569e9c33b9fb5993e5bcdb5fbe03dc6f,60c2fd4bd6d23ab4fa7a910b61dac591,5,,,2018-08-09 00:00:00,2018-08-10 03:54:28
6a15bd7a0f1ddf3eebc98fa65a341abc,ea844c92cf978ea23321fa7fe5871761,1,,,2018-08-09 00:00:00,2018-08-12 23:42:42
78365da66322c59512af308b0dfd61cc,57cbc8e34a5ceffb92f8b3193e4ffdb8,5,,,2018-08-09 00:00:00,2018-08-10 12:20:26
7b0c20442c1650bba420204b5603d8ee,1bb0ce15a167cb42d0bc628a99395f66,5,Entrega rápida,Muito boa experiência,2018-08-09 00:00:00,2018-08-10 17:32:45
813e63aaa191ff3333e492f2c6bc1969,d6e4899000744aee28d41363a581e3c2,5,,,2018-08-09 00:00:00,2018-08-11 21:32:41
9e350c832c39e90d16db114b1287fd5e,5a5cbced9c57dbafd90dd9b04594b2d7,5,Produto muito bom nota 8,"Minha opinião é que posso recomendar sem medo de errar agradeço pela entrega até antes do prazo com uma semana de antecedência
",2018-08-09 00:00:00,2018-08-09 23:27:48
9fff7a340505afdfe5505e30e9021a9b,5a0911d70c1f85d3bed0df1bf693a6dd,5,Ótima compra!,Foi uma ótima compra! Chegou antes mesmo do prazo e o produto é igual o que estava no anúncio. Correspondeu as expectativas!,2018-08-09 00:00:00,2018-08-10 13:10:53
abc996ef9312d29ca2f68f88957b24af,41c843dab306ff15365492a2dd8c3cef,5,,"Foi ótima toda a negociação. O produto chegou bem antes do prometido.
Tudo certo",2018-08-09 00:00:00,2018-08-09 22:57:37
0e5149ccee3f7414ba4d17c13f051259,fc9a5afd96050ceb0d9f12a4f8c5d9f0,1,,,2018-08-10 00:00:00,2018-08-12 21:45:01
0ec08bfba781f052c4ccffc193ab620a,38d4786d1c7b6dae14470fdfb8616bb0,4,,,2018-08-10 00:00:00,2018-08-11 14:34:43
0fdc0795d2359c2d3627248f6f7073e6,95160939719ddfef2f951cc36e468567,5,,,2018-08-10 00:00:00,2018-08-13 11:53:53
1f8087ac9e2bc9529b37fc17f02464b9,f0dabde4fd77bc24990f7107e4c46474,5,,,2018-08-10 00:00:00,2018-08-10 18:44:40
3acd029958d6acc525a6d0b3888e9ec7,c8223ab24b18df53e6a37eae1fd69d48,2,Ótima loja,"Produto deixa muito a desejar!
 Um relógio digital sem luz isso é impossível ao meu ver pelo menos para mim!",2018-08-10 00:00:00,2018-08-12 22:44:42
4c23027b28a65ccbd7564cef3c33896d,fd54537438233bc798bd3fdac32bcfd9,5,Ótimo ,,2018-08-10 00:00:00,2018-08-12 23:24:21
95c44204c0b490257d1c34cfdc6e1cd9,a2b932dba58739e74b19e8216b7de165,5,Muito bom,,2018-08-10 00:00:00,2018-08-11 16:41:44
9ffd792eb81d808ffce49297891642cf,abcb42831f6165cda2570c76e90cda5d,5,super recomendo,aprovado,2018-08-10 00:00:00,2018-08-13 16:37:07
b42930fa8858cb96c2a2721f08ed3348,53fa17c349c4b3dcbbadd8aad2eb559b,3,Produto errado,"Comprei o copo cristalino e chegou o leitoso. Serve, mas desagradou-me por ser de qualidade inferior.",2018-08-10 00:00:00,2018-08-12 17:45:26
b5ca827d5ec9f58978e7631f95680377,788fdf598d5dbd1de9c4865b1b1824bd,5,,,2018-08-10 00:00:00,2018-08-11 01:39:30
0a95b40c3ebc52feab42196e8307d544,50016ee0bec18cb823bd67b9c438267f,5,MUITO SATISFATÓRIA,,2018-08-11 00:00:00,2018-08-13 14:51:38
150159cbeeb24d4310f782f919f8c2ee,1db8c2514e276b566dd44aad287362aa,5,Bom,"Otimo produto, conforme o anunciado",2018-08-11 00:00:00,2018-08-11 14:08:08
21b1c0c2448ec5db27b7393797c7f0ef,a0d0610703403a3ae85d5777c8c5897a,5,,,2018-08-11 00:00:00,2018-08-13 19:05:09
240bd4986d74f290714059c3b1e456d0,2d3bc1f6ed458a137c51adc3cab7a488,3,Atenção ,Infelizmente a informação principal em relação ao produto não se encontra de forma clara na pagina das lannister .. comprei uma maquina para extrair oleo com voltagem 220. Vou devolver!,2018-08-11 00:00:00,2018-08-14 15:05:29
2c96cc82be63e41d0fad8b8f364dc4df,7e80537703a1b61bf60fbc4d67e0d641,4,Bom,Embora foi entregue no prazo (um dia depois)seria bom que a entrega fosse mais rapida e que acompanhace uma folha com a lista para que o produto serve. Obrigado ,2018-08-11 00:00:00,2018-08-12 12:25:13
4012c3e73167f1f61e8e5280d02ed934,e6eea6fed0b356b11cf7e35f76320b03,2,Não recomendo,"Srs, efetuei a compra de 2 produtos, entregaram apenas a Varredoura Feiticeira Mod. Compact Plus, sendo que o parceiro foi a targaryen, e o pior é que consta no site lannister como entregue os 2 produtos",2018-08-11 00:00:00,2018-08-13 13:52:56
552eb2bb64c9d924662c69b5d99a8768,53595a8aa421790cc9d2e85db64cb3c1,5,,,2018-08-11 00:00:00,2018-08-13 14:02:34
7629603f1f362dd403eb621d7653c896,63ac66255bb4562cd506681eb19c5be4,5,,,2018-08-11 00:00:00,2018-08-11 22:35:03
ca59740f42b644cb5d6aadcad4e54a81,13d341318c77969f10d77e1382957542,1,Produto não recebido,,2018-08-11 00:00:00,2018-08-11 03:11:43
f1e7fb2973730ded638be6dab0c3dc58,5f862e4fe640e66110b40cced6911038,3,,,2018-08-11 00:00:00,2018-08-14 17:11:35
282b39000a7e0fc8985b455fd576e8f3,14def5e6b6021ae117c181c039258033,1,Não chegou no prazo,Ja paguei a 1° parcela e ainda não chegou,2018-08-12 00:00:00,2018-08-12 23:14:55
e9de07dc30df1f38c40f934cfc6c36ba,47d160e3b388f73aa2dfad3c508f4ca3,5,Ótima entrega e produto p,O produto e excelente e a entrega foi super rápida! Super recomendo!,2018-08-12 00:00:00,2018-08-12 20:40:17
f28fca5d4d82bdde21974c51df0b7912,dab23a46abb860b6b4816df41eacd610,5,,"Gostei muito do produto,super recomendo....",2018-08-12 00:00:00,2018-08-12 21:33:04
2ebc75fcd52efd60d7693d26b2fed074,f99b507d95cd5bfaee408ab6cd51070d,4,Muito bom,Ótimo produto e veio em perfeito estado.,2018-08-14 00:00:00,2018-08-14 15:43:41
3d299397d4114746c919c24c2dbfd2de,bb63df7449a5caa0edc362d01cf54f36,5,Bom negócio,"Veio no prazo, se fosse um prazo mais curto, ficaria excelente!",2018-08-14 00:00:00,2018-08-14 21:38:01
88f363e320cdcfc54ab9485aca9d1d1c,eafa53108733896f6f18e2f8daca6f37,5,10,,2018-08-14 00:00:00,2018-08-16 01:17:28
8acaacf35add0a00ee30dbed7924aa31,f0ef4a7e953d49418b658852e46ae239,5,,,2018-08-14 00:00:00,2018-08-15 03:10:45
8eb5000a7d3b91685e234b5d15dedda0,3924ecb5e299e5fb70a6f38e34aa4c1a,5,Satisfeito,"Produto de qualidade conforme anunciado, entrega antes do combinado.",2018-08-14 00:00:00,2018-08-14 20:09:30
cce0e1130057863dbac745a9f5bd655a,69cc23e617dbfab387624fc10fac7167,3,bom,"ENTREGA RAPIDA,PRODUTO CERTO,PORÉM, PODERIAM MELHORAR A EMBALAGEM.",2018-08-14 00:00:00,2018-08-20 15:14:41
d7e929bfe394e801329eed4b2bbadf01,49e46b4388f4b9ea96901467bd26eb6d,5,,,2018-08-14 00:00:00,2018-08-15 00:52:07
e0b975fdd859bf89fcb36f9ff491e1c8,a8e595153c8bec02b29e66399b21e1ae,5,,,2018-08-14 00:00:00,2018-08-17 00:28:00
e6acae33a98861be63cf635525330891,5aac76cf7b07dd06fa4d50bf461d2f40,1,,As lentes estao com defeito nao sei se a cx toda,2018-08-14 00:00:00,2018-08-28 15:02:02
f047a58a2f259d2a7637a08a05d28126,675696464e3f1ec45c04dc5b171b2ed4,3,Recomendo.,"Produto muito bonito, grande e com muitas partições, não gostei muito do plastico que reveste dentro, mão parece ser muito resistente internamente. porém externamente é muito boa.
",2018-08-14 00:00:00,2018-08-15 12:44:49
f874d06f3076ba1235364c619b36d1fb,3b3725fa3dfc009ca1e6ebc503a0bd16,5,,PRODUTO DE BOA QUALIDADE E ENTREGUE DENTRO DO PRAZO MARCADO. ,2018-08-14 00:00:00,2018-08-14 23:59:23
f91be2c90798b49bab24698476ac8f14,c3c8037bfac88b34744bb96cfed9c7f7,4,Muito bom!,Gostei da rapidez do atendimento e o envio do número para rastreamento.,2018-08-14 00:00:00,2018-08-14 21:36:39
1a17ec25337a69af45f676c3a7c14fa2,909fe8229847328fa7b5fa59b253ba25,4,,,2018-08-15 00:00:00,2018-08-20 16:25:26
33f04e77b6ae0c80a593bb99e7fa01fd,6e1c9b0136456e44d5b1d74c5abfae85,5,,,2018-08-15 00:00:00,2018-08-16 11:39:12
3849124a33798139bf00ae5cbeb77ecd,d8d875126ddbeec8b736ffd7f0b1a4c0,5,,,2018-08-15 00:00:00,2018-08-16 23:24:27
4a9e309f6f747fc00fe1ab19b6066d2e,42187cae0bc6e0829886d8131b4c4864,5,Tudo conforme combinado ,Produto entregue no prazo e tudo igual ao do anúncio ,2018-08-15 00:00:00,2018-08-15 22:29:59
8186d9eb79ac06c1c3e547e03360ec50,f4929b75acb29f2ae641fdf4848b8ec2,1,Nunca recomendaria,"Produto veio com avarias no pé. Ligamos para o fabricante que disse que não era problema deles e sim da baratheon e desligou o telefone na minha cara.
Tentamos troca pela baratheon e sempre dava erro.",2018-08-15 00:00:00,2018-08-18 15:48:54
8bbea70248d37876d5038d3f6cc7f0e3,672dbfbd96238e4d07021fcdd9152b6c,5,,,2018-08-15 00:00:00,2018-08-16 00:21:46
a0f04642529144b0ad835cee385e9947,076dc4ca874b482e0fed6263b1ff1b5f,5,,,2018-08-15 00:00:00,2018-08-20 12:36:16
b2527e9a66f7cad0d6152d6bc8588a45,b14970227d9071f5930ab1774bc471dd,5,Ok,"Tudo certo com o produto e entrega.
Entrega realizada antes do prazo previsto!!!",2018-08-15 00:00:00,2018-08-15 16:52:07
c0a7a991d26976cd59e8a25e64062d25,ec88ef2191b5e44c70cd7fc05d9b5e95,2,*****,produto bom minha filha amou,2018-08-15 00:00:00,2018-08-16 14:57:32
d5a1f946367b063bf8a2e0477255e0cd,5c02bbcf8ee00ff276723c431b064505,1,,,2018-08-15 00:00:00,2018-08-15 13:41:23
dad135984dbb10cab96e096fd2a33536,c4ee82a6c0873cfdbe96e41596698248,5,,,2018-08-15 00:00:00,2018-08-17 13:38:08
eba03bdf513d03aa69a30907ac715582,fb2e0a2eb0a7cd9fc655c3fdda628acc,2,pesqusar antes de comprar,O produto não deu certo no meu veiculo por isso que estou devolvendo ,2018-08-15 00:00:00,2018-08-16 01:10:44
135431b8c8fafd8b5b2865014e377b76,0a881bec2e3ae03ba47a8d04d5dfc450,2,,O produto não veio muito bem embalado e uma das chapas veio amassada e o espelho trincado. Mas atende a finalidade.,2018-08-16 00:00:00,2018-08-17 11:26:53
2e0af143a3f2c839700bf135f7898fbd,aca44cb492f80075220916b0a4486b10,5,,,2018-08-16 00:00:00,2018-08-16 03:52:42
591629dfde76725e95df60f4c5a5b532,dadeb032c1f01467182f4f0716bdd141,5,,,2018-08-16 00:00:00,2018-08-17 17:15:24
830be00e0bf9a7a255e0c10218d2865e,498fddb261b6ddd5974cf8bea3374388,5,,,2018-08-16 00:00:00,2018-08-17 11:32:10
95422a94a302f8e24819dc839256d4e0,5ec17d5853c4bad3b18adb6778b3ac0d,5,,,2018-08-16 00:00:00,2018-08-20 00:22:29
9ca1278bcf438eb17970083a07c12966,e56eaa15f5d9c288f33592ab67c02692,5,,,2018-08-16 00:00:00,2018-08-16 10:46:19
b3fa036e9a0f28be3175906baca02db1,3b881091c6fc2687191b01c705287c13,5,,,2018-08-16 00:00:00,2018-08-17 00:29:40
cb68b08818d5b3b50e1623762ccdd684,fcfd2d9dca1b759a8838eac01a9ce2eb,1,Horrível ,Eu não recebi o meu produto e também não consigo entrar em contato com a loja. Absurdo!!!,2018-08-16 00:00:00,2018-08-17 02:00:36
07baa77129374e95af1762f46837cc9d,dd24afdeaec4b19f1252b69021aa4ab8,5,,muito bom ,2018-08-17 00:00:00,2018-08-17 20:45:21
166d0a4f840f9942e396b23d9327dcbd,eba1872af76af0cd06f3a63bdef90a37,5,Lustre,"O produto é bom é bonito, do jeito que imaginei, muito bom.",2018-08-17 00:00:00,2018-08-17 20:36:50
17e565cc81cb5f46bedeae45e41d8a12,223f7c98cbcab2327a6e8b11e0f13838,4,,,2018-08-17 00:00:00,2018-08-17 22:08:27
373366c44aab003491da41abaaf28b7b,ab34db6c283d8f91f11773a52711c317,5,,,2018-08-17 00:00:00,2018-08-18 00:50:51
3f742d779d6574137f94e20ec1361ca2,46a807245872949237fba36f6f00b2b4,5,,,2018-08-17 00:00:00,2018-08-17 22:33:02
715742f4ae2149e82ead981971912530,73863aca434e1d117e45109bea6f1937,1,,,2018-08-17 00:00:00,2018-08-17 05:21:43
9efef4d70190c1bdb9b12872cc8144fc,4637ca194b6387e2d538dc89b124b0ee,3,Produto Avariado,Recebi o Diario do Bebê c um pequeno rasgo na contra capa e varias paginas amassadas. Gostaria de troca-lo. Obrigada. Andreia,2018-08-17 00:00:00,2018-08-18 15:32:40
ab7db0c4411df68742e1e2e8509f81a3,ddbc0e193a190c97a92bdb12aed510b8,5,,,2018-08-17 00:00:00,2018-08-18 00:34:45
ceab01616b4ec92785f20ff7209733dc,997cd4e2027406aafa35d5c0e270fe1b,5,Satisfeito,"Conforme vários comentários anteriores, o produto foi impresso em uma espécie de madeira de 2 mm, mas a imagem é viva e muito linda, vale a pena ter uma dessa na minha opinião, estou satisfeito.",2018-08-17 00:00:00,2018-08-17 18:05:53
d9fbcd4580292ce5cddfe9abd4a4e38f,22d03f81f36cfd05e90af56d5dc63e74,4,otimo,compra perfeita e entrega ok,2018-08-17 00:00:00,2018-08-19 10:35:45
0e00e7f374c320b902b55f35565b78fa,4c0b7cef000c9351cd7f160ad283a0f8,4,,,2018-08-18 00:00:00,2018-08-20 11:12:48
4548534449b1f572e357211b90724f1b,a2ac6dad85cf8af5b0afb510a240fe8c,1,,"quero devolver o produto comprei um veio outro;;;
quero meu dinheiro de volta. ",2018-08-18 00:00:00,2018-08-19 00:39:54
4548534449b1f572e357211b90724f1b,cfdfd7862e532c4ec1ed1c6a1b56d320,1,,"quero devolver o produto comprei um veio outro;;;
quero meu dinheiro de volta. ",2018-08-18 00:00:00,2018-08-19 00:39:54
6dbe30770adf8a80fee0512a152c8c71,6fa0c125ee7d870f6602c97e33d87bc5,4,,,2018-08-18 00:00:00,2018-08-22 22:34:08
86349933ffb523f45e0be79472cb8144,836f9b5adb4fe06d8980fb71fa06b691,1,PÉSSIMO SERVIÇO ,Já solicitei a troca porém até o momento nada. Enviaram o produto errado e agora informam que a troca não pode ser feita. ,2018-08-18 00:00:00,2018-08-18 20:32:46
86c658eb2c318b2b0dc71e9ac10e9acf,7a0256c1bbed2e05c3c312f6b89aba71,5,,,2018-08-18 00:00:00,2018-08-19 13:48:59
8bbf22e74821dbab8a1177988c3870e1,5f3c3f02ee527647eadaeab108a89f51,1,produto não recebido,"Boa tarde

Recebi o tapete de eva e não recebi o boneco authentic games.

Como faço??",2018-08-18 00:00:00,2018-08-21 16:04:45
962eeddacd6691581abc5aa599fbbecb,2ff04f721a0ccf086506b4ba443d924a,4,,,2018-08-18 00:00:00,2018-08-20 18:08:17
9aa20d5f7f7abeece2bf8ca9aff54c10,72bab69c50432c6f94d8b50a5f84b69a,5,Recomendo,Produto chegou antes da data prevista.,2018-08-18 00:00:00,2018-09-01 03:09:31
b5c740c823b348cfeb5edebc623e9c8a,8dbdb81783a3c754dc9441826510a36a,4,Bom.,"Faltou a nota fiscal que não chegou com o produto ,e nao esta no email, que informa 
 que já foi emitida ,e não recebi de maneira nem uma , fico no aguardo ...",2018-08-18 00:00:00,2018-08-19 02:00:30
eab0d4143dcc995419ee6b11eccda974,f52ec1996d054ab03ddef4968ff41fa5,5,Vendedor ,"Excelente vendedor, entrega antes do prazo e o produto muito bom.",2018-08-18 00:00:00,2018-08-19 14:23:34
f32fd5d39168e19eb59a86fb547338d2,045fb730a757a5379d79bdbc42d4e84b,1,,"Apesar de constar como entregue no histórico de pedidos, nada foi entregue.",2018-08-18 00:00:00,2018-08-19 11:10:09
fa51c9ea7e0e2be422b179b185bd206a,f55dcacbda42aa97458735683d9fbb76,1,,Depois q o app foi atualizado fikou 1 porcaria!!!!!!!!!!!!!!,2018-08-18 00:00:00,2018-08-22 19:15:47
326f4ea7ea7271f4cb0e4d6a2c111dbe,897b4da63b6edde1a33a9fb7caf1dd10,1,Péssima compra ,"Bom dia 
Gosto de comprar pelas lannister mais desta vez fiz a escolhar errada, acho que quando escolher os parceiros eles tem que cumprir o que anuncia.",2018-08-19 00:00:00,2018-08-19 04:54:54
48cecd6f6e70c29a72d03c4b0573a89a,fb7df543b6622d01dba2c9340a23bb30,5,,,2018-08-19 00:00:00,2018-08-22 11:59:21
644b3e8faa2a08b715d550d0d940bd46,fcfb164cd88eaf05a44e1cb84c5153e6,4,,,2018-08-19 00:00:00,2018-08-21 21:23:07
7237e25718d87163c34b88134b489a0c,64c43896c03b8f6f3ee2a5927ff67d7b,5,,,2018-08-19 00:00:00,2018-08-27 21:30:43
d9b0e5269e7667efed7b1fef9024ceba,875c175eb6577637f9001b99dc54a7e1,1,,,2018-08-19 00:00:00,2018-08-21 14:36:03
114939662de1d71ca2671864fe2729d9,a275bfdfd07b6503afeea57892d3976f,5,,,2018-08-21 00:00:00,2018-08-22 03:55:41
2282d9d2a99fa789b0eb9843cfeab97e,e1410714b40ecb7735ebc3f823d60745,4,,,2018-08-21 00:00:00,2018-08-22 02:00:13
2f56e668146c26d93cfee3ebbbb8b6b9,22f3a2b22f414d974640db425514794d,5,,,2018-08-21 00:00:00,2018-08-23 21:46:39
66ad82a86ed6da08517b4482b0237444,2193f5bb6c9f9d32aa596cda03c6aa03,4,recomendo,,2018-08-21 00:00:00,2018-08-21 20:18:41
af4730fbd920cb1c1d08faf9f3ba0438,6e25a89b2b006e7da0ff978bdcfe66db,2,,"Comprei dois produtos, mas recebi somente um.

Entrei em contato e ainda não recebi resposta
",2018-08-21 00:00:00,2018-08-22 19:45:39
c16fb43afe5f1c2f868b109b57ffad24,35c2d3179daf2ef475f47ff2d29c068e,5,***** super recomendo,Superou minhas expectativas no prazo de entrega. Super recomendo lojas lannister toppp,2018-08-21 00:00:00,2018-08-25 00:52:42
c86e8179a793c440919fc814e1c7c719,862510fc0a355d6cfe5c4add63ae9566,4,Muito bom,,2018-08-21 00:00:00,2018-08-22 01:46:02
c9a0a59ba9c637b371de80c9fbe2e05d,7e03ea2749db964d64386d5ba76cad36,5,,,2018-08-21 00:00:00,2018-08-22 00:34:20
ec6d3e7fcfce6ce101b0fec9064e2167,5daaa187e63c2f1c7636a129c6afc3c3,1,Não recebi um dos livros,"No envelope só tinha um dos livros, embora a nota fiscal listasse os dois livros comprados. Ainda não recebi posicionamento a respeito do meu questionamento.",2018-08-21 00:00:00,2018-08-21 22:51:45
fe00d77ab41ae3773309fc2aa8d80517,8d7ec00a7df1f84149ee7f5ea8a73c41,5,,,2018-08-21 00:00:00,2018-08-22 12:55:46
012dd4b113d66cec66b23305087153be,78275af5c9a2f3d0e1d19f9f4bc62922,5,,,2018-08-22 00:00:00,2018-08-24 19:44:45
046748be03abb9d0829a5b8a9188e2cc,bcdad86f44c780bf1aaf24b66dd97753,1,Sem produto em estoque,"Comprei e depois me avisaram que não tinha estoque, situação extremamente desagradável.",2018-08-22 00:00:00,2018-08-22 10:55:37
1d3188e8d34c8edc7fa152004ef7a9c5,b511f786475cb429361d4d269c1bbef9,5,,,2018-08-22 00:00:00,2018-08-24 15:50:34
4c3498d0bd369f0e8ad9c4aa4aa3d712,c9c382f83e175303a797ca7de7240679,5,boa,entrega dentro do contratado,2018-08-22 00:00:00,2018-08-23 11:48:07
635af790e7af63184efdae1b7cc7d594,36377e52aa9971718dd22913580b7799,4,recomendo,,2018-08-22 00:00:00,2018-08-23 12:12:19
63f204a12c3ffa4bff6969d83f647996,13e46245791ac3c971ba82ef45a1a280,4,,,2018-08-22 00:00:00,2018-08-24 19:06:39
7c780d273ec9244d910a7023c6683ffa,22f94104a2c1ac2af08122839aa708b2,1,,,2018-08-22 00:00:00,2018-08-22 10:57:40
7db8c00e4e6593accaca4fd4ba3d1766,4c2c1ba64cf96059fe8443c06557c0e1,5,,,2018-08-22 00:00:00,2018-08-22 18:28:09
b1427e9ea1759a961334ce87f37af64f,ca56cc083a7aeed15fdfd437874cd0e3,4,,,2018-08-22 00:00:00,2018-08-23 17:05:23
b63c7192610e841ab6225818af257f0d,4c3a834add3595c42eaefa65d28d6fbe,4,,,2018-08-22 00:00:00,2018-08-23 01:09:18
bf65025c563202ec7bf6b74891df9905,8734de190473a38f024d7d620012510b,5,,,2018-08-22 00:00:00,2018-08-22 18:13:45
caf0f8f22126e0748dd72e187dbdc869,25b07f3f8652eeb49c6badad653a014b,5,Satisfeita com a entrega,Estou muito satisfeita com o a entrega foi muito antes do esperado não gostei da luz do relógio e um laranja estranho que não clareia nada e outra tive que ver um tutorial de como ajustar a hora ,2018-08-22 00:00:00,2018-08-23 01:04:57
dd5fac3c4cbf71a90c5582b6d86cb6bd,aab255ef2ea7066420316c7ae7094fe2,5,ZMA,,2018-08-22 00:00:00,2018-08-24 18:39:44
1e8848249efeff09084d1cfe9074d51d,358f7c2eece902dd795421e4937f0142,5,,,2018-08-23 00:00:00,2018-08-24 23:23:56
402c81ecb02dd466b0f299e91d56380d,05ebeda0c1aefd787e0ddc914af75039,5,Vendedor prestativo,"Chegou no prazo, segui as informações, e tudo certo",2018-08-23 00:00:00,2018-08-23 20:51:39
5239955f400da1fec6c0a3a03b4aefd4,291581a794f0e6ee707314d0a2cbc1c7,5,,,2018-08-23 00:00:00,2018-08-26 18:06:44
716eff9ef436f351494c303085fcfcf5,10a045cdf6a5650c21e9cfeb60384c16,1,Troca ,"Por gentileza, trocar meu produto pois comprei Balde Spin Mop 360 Cesto Inox Esfregão Saída Água 2 Refis e recebi um Super Mop Arcani.",2018-08-23 00:00:00,2018-08-24 02:56:26
8b8f495d30fca09fdc8312e96de1bc47,616fa7d4871b87832197b2a137a115d2,2,,,2018-08-23 00:00:00,2018-08-23 23:14:33
b36a0857438412d016fb89fa440eabcd,ad1c343f53639ad550761c2653c191b0,5,,,2018-08-23 00:00:00,2018-08-24 19:21:02
c9a026e699be6426bdc58731e6eec225,87ae60ef8b08ae0e5f903cacb53a6904,1,,"Solicitei um produto e foi entregue outro, estou aguardando a troca.",2018-08-23 00:00:00,2018-08-26 12:40:18
358834ddbcfbb9da4f5f9edab5f55f46,71c467da99c1f688a401a10d9ba6814d,1,,Foi cobrado frete e a mercadoria não chegou até minha casa. Tive que retirar nos correios .,2018-08-24 00:00:00,2018-08-24 04:05:46
40328aecd7c6296cf97d7f093b6b9c31,b2a25b6f671017afa5190546ca5b89e9,5,,,2018-08-24 00:00:00,2018-08-25 21:43:52
85044344a28408d8fc9224b1f597c8ec,2c039eca196d1a548fd739e82713a1b1,1,Eu quero meu produto," Comprei a Garrafa térmica,E um kit de toalhas de 10 toalhas,porém só chegou a Garrafa,Até agora nada Das toalhas.......quero muito um retorno por favor",2018-08-24 00:00:00,2018-08-25 00:42:45
bdfdacb0b63aef84d19f21a42608f1c1,d7ae451c4d63fe188ba2e8787a3852bc,5,,,2018-08-24 00:00:00,2018-08-25 15:43:30
df6e65c81aede3391dc80e5eda6a5f2f,67e2b633b65efc08fed5fb68e325761b,3,,,2018-08-24 00:00:00,2018-08-25 16:38:34
176dc620272861fe74fd1fdfb48def78,5187083897017a7ef1f9992070d898ba,5,,,2018-08-25 00:00:00,2018-08-26 06:57:16
21d92b62348e352d7eb985cbea03bc0d,2a5fb538dd11c749a13dd935a06a7c39,4,,,2018-08-25 00:00:00,2018-08-26 16:28:47
38f6d58224ba9469c988b38e0ed8863c,3b2639c14a48df0a716ce3bb0c9c6735,4,,,2018-08-25 00:00:00,2018-08-28 10:26:11
4afaedad28ad2d549b9d2078736c6aeb,9c78e72b5160190f45195d6ecf7875dc,1,0,"Sempre comprei na lannister e não tive problemas,mas dessa vez não recebi o produto.",2018-08-25 00:00:00,2018-08-27 12:14:13
4b5815c2674db91171e496edf92b625c,e0e56ee9a26b56fbc06c26bdfd061f2b,5,,,2018-08-25 00:00:00,2018-08-26 15:37:04
56647f8fbe7430f42719c0510d99e636,21a00b08cbeb5716bbb66105e3dbd850,1,Produto trocado,"Trocaram meu produto, me enviaram o produto de outra pessoa.",2018-08-25 00:00:00,2018-08-27 14:39:04
644fb639a68e98008f0fda5496225f92,1a5800523e4a42619420e13b49c522b6,1,pessimo,vei faltando uma peca do suporte e nao consigo monta-lo,2018-08-25 00:00:00,2018-08-27 14:04:24
856e90e931882e08bb9b6fff99d3275b,7feef5128350d0b84c9b26309b475e8c,4,,,2018-08-25 00:00:00,2018-08-27 15:04:08
cce2f97d3dcd0d5cda51e70d3850731c,2fc59b5605bf0cfc03638cb2cca26b16,5,Super Recomendo ,Muito satisfeito ,2018-08-25 00:00:00,2018-08-27 19:36:48
cf62fc6ec0dfbb2bbbd8899c48212eae,d8be7210368c4e44be491b1e395b293e,4,,,2018-08-25 00:00:00,2018-08-27 11:31:25
dec64d94d710cec1ac7b7502195bbeb7,15008182975b6283817426f03e9f79a7,5,,,2018-08-25 00:00:00,2018-08-27 20:06:24
ea0b51b100b362808193c7c00043343c,0c4af986e0aaede577f05163c1ee5911,5,,"Fiquei muito satisfeita com o processo num todo, desde a compra até a entrega. Muito rápido.",2018-08-25 00:00:00,2018-08-27 13:33:21
1e6e3a9b96716c263f36ecd98fb0b248,fbacb2717f779ec85691cc7fcec4f1d7,5,,,2018-08-26 00:00:00,2018-08-28 02:07:26
21f99f672beeed963188233051226a2b,db048ddab46bdb6a29c27f08073e29b2,5,Plenamente satisfeito.,,2018-08-26 00:00:00,2018-08-28 22:59:29
55765c77e99a5b4bfe0d1a68527e0e49,9d3da55bc185ccdbeccac8824c7330ae,2,Tive que ir buscar no cor,"Comprei na comodidade de internet porém não entregaram na minha casa.tive que buscar no correio,odiei isso,não recomendo pq não tive a comodidade de receber em casa.apesar de pagar frete.😣",2018-08-26 00:00:00,2018-08-28 03:42:32
5fd656d183adc9d8c94788a29950e4fd,fb73306df41afb7ed9222b25f9ebdfb4,3,"por fora, está bem",Só vou saber a qualidade quando usar.,2018-08-26 00:00:00,2018-08-30 01:21:28
a6a0637ea239866d6d4fee479da540bf,79f9a48657445e95909801ea6a7e44a3,5,,,2018-08-26 00:00:00,2018-08-26 15:53:12
f1f8696d256889c0fe9962a5d32746e0,392ed9afd714e3c74767d0c4d3e3f477,1,,"o produto foi entregue errado eu estou esperado contatos da loja para resolver a situação
 ",2018-08-26 00:00:00,2018-08-28 01:26:38
06e0e48f8e0b4a5fb9c3232d7985a0ad,3b2c1076db50e3fbc99981ae5ca1e6aa,5,Recomendo,Produto de qualidade e entrega rápida,2018-08-28 00:00:00,2018-08-28 19:09:36
13ffca502621a558f36ed37853e6f046,c8e8f8ab00ec5d13a1d93718f5af9e4a,5,,,2018-08-28 00:00:00,2018-08-28 19:19:13
17a567a20b4b25ae87ac0bb4189a498d,f7a8ec3f633e448f2e6a8e76622eeb9f,5,Loja correta,Gostei do produto. Dei de presente ao meu esposo. Ele adorou. Produto muito bom.,2018-08-28 00:00:00,2018-08-28 23:03:07
2703f9eb32b64a3625b91ba83161316d,f01221bdbf37c9c792b4cc3e78dc5dc8,4,,,2018-08-28 00:00:00,2018-09-02 12:42:50
4871f39882b80a101ad3b4f392b30dfd,0e1670a6f68c72266681ed85b4e4f73a,5,Super recomendo,Excelente vendedor e entrega muito rápida...,2018-08-28 00:00:00,2018-08-29 02:51:53
68a97595d96f3890eb24bd5bd2654339,2bf9fdd42a3609f2c440bec186b10ff7,3,Produto com defeito,"Bom dia,

Recebi meu pedido no prazo porém o pushing ball veio ressecado e descascando. Como devo proceder para receber um em boas condições? 

No aguardo,

Vanessa",2018-08-28 00:00:00,2018-08-30 11:14:50
8122d1360fcc197a61612e1d11df5887,e2cdcd4c94e29518c33449c5afe27583,5,Gostei muito.,"O erro foi dos correios,que entregou o pacote no prédio em frente ao meu.Mas deu tudo certo.Muito obrigado.",2018-08-28 00:00:00,2018-09-01 13:18:07
82b906af6f373f7a1343b8c4fb6f17cc,bb68ace3e06362eec8e986719378ba29,4,ótima,excelente produto,2018-08-28 00:00:00,2018-09-03 12:26:40
970b38ac016bd973fd3c44c69ce96e3b,02036bc298ab3c1efc98b116f420d646,5,,,2018-08-28 00:00:00,2018-08-29 09:18:28
9b9531c1da8093d97899e5a19686e81e,b69bd58058e7fc58b745d22ad1c62eb6,5,Muito satisfeito.,"Cara não tem nem o que falar, foi impressionante a rapidez na entrega, recomendo a todos.",2018-08-28 00:00:00,2018-08-29 01:18:22
d51965c28e88022cc3ae23ac5636babb,7a892f60ab55f0706eb2386da59a4849,4,,,2018-08-28 00:00:00,2018-08-31 09:30:28
ebc2542b46ad7d41cca04696846c2b0e,f51c9940410ef77422e4efbca407c161,4,,,2018-08-28 00:00:00,2018-08-28 18:36:12
f3306dd1e9baf2ccb04596c1296b047e,dfc5bd74d2e77292cdd66e032ac3cae2,4,,,2018-08-28 00:00:00,2018-08-31 11:19:51
15fb191021077cc035bf48f293fde3bc,6a29f292d5b7ce8ed3760e8480da5f55,5,,,2018-08-29 00:00:00,2018-08-29 13:13:59
32415bbf6e341d5d517080a796f79b5c,bd35b677fd239386e9861d11ae98ab56,2,Carteira de couro marrom ,O produto veio com defeito! Espero que não demore muito a troca pois foi comprada para presentear!,2018-08-29 00:00:00,2018-08-31 22:29:09
32415bbf6e341d5d517080a796f79b5c,1ad22e16129698e1a3cc11e4350d2cb7,2,Carteira de couro marrom ,O produto veio com defeito! Espero que não demore muito a troca pois foi comprada para presentear!,2018-08-29 00:00:00,2018-08-31 22:29:09
3bd5d48fa8493912e63d025f29aba975,f80896ddec0878ff2475719a8784d53c,4,Entrega rápida!,"Estou mais que impressionado com a rapidez da entrega. Só acho que poderia melhorar na embalagem, as canetas chegaram soltas dentro da caixa, o que pode ser preocupante. ",2018-08-29 00:00:00,2018-08-30 01:12:14
41e71fd7784bf0abf5b00a726164ed58,bec3652605143e5f7e0265d993793eba,5,,,2018-08-29 00:00:00,2018-08-31 14:44:30
5d0a02a135d59674ebd32b2eadd9855a,aee59dfc7dd589a60400818c624a6f91,5,Ótimo,Ótimo,2018-08-29 00:00:00,2018-08-30 15:45:54
6c064c48ee3369dc81add459ca352dc4,790e0b2139af1d5c7719c82db89f56d1,5,,,2018-08-29 00:00:00,2018-08-30 09:58:00
98b7288eab50b56ad78f9e9f23839aaf,b178d37bc8cf0346e18f4ebeff294dcc,3,Produto mal cuidado,Produto apresentava bordas amassadas. Infelizmente não fui eu que recebi a encomenda para notar.,2018-08-29 00:00:00,2018-08-31 22:16:32
9d3bf3fdd815aec81c2d3a8b68d9ba90,f7a0b8c521ea81bf3536ad4ef99fd376,4,,,2018-08-29 00:00:00,2018-08-30 00:35:25
c4a3ca0a88cfb727383e7a8664c8ad4a,bc60b588a732fb42a8145a501c6a61d2,5,super recomendo,Entrega muito rápida,2018-08-29 00:00:00,2018-08-30 12:11:55
c89dcb1b91ea0037740a53fc3d8120a4,7d8cd4ac1b0c3a31fddc3198d69fc133,5,,,2018-08-29 00:00:00,2018-08-29 23:05:24
2720fb95d98b93840f79a91b6039cb5a,f53fa17609006c9c6669b5371ce08044,4,,,2018-08-30 00:00:00,2018-08-31 11:38:38
434ba57966d839d0fa1cb4442453c65f,18995da0f41134f344ebeb2e97965d2d,5,,,2018-08-30 00:00:00,2018-09-01 21:34:20
442775ea6f58b2ee889a5a3986aa2176,a5ee139d1586d2d22c21ce7048e1d36d,5,,,2018-08-30 00:00:00,2018-08-31 14:23:57
51f4ab4f60390431b355215f8cad5516,91bb03327725cc7058e5890bc6afda69,5,,,2018-08-30 00:00:00,2018-08-30 23:17:39
c9ec20fa7c49d29faacc03c26bc22c21,4a8493d781a65dfb623103a5dedf44fa,4,,,2018-08-30 00:00:00,2018-08-30 18:11:59
e97be4601a6fa63ed4bb9f20a944a396,1d911134e95ec6f299e80fe19b5b88c5,1,,"Sempre comprei na americas.com e os pedidos chegavam antes da data prevista, mais este ainda n chegou e nem mandou email nenhum avisando nada.",2018-08-30 00:00:00,2018-08-30 11:39:13
edfdb111b4d4c92ec4ddd8b32027df9c,3a94d54e3301d9e4da748ee3766e0585,5,,,2018-08-30 00:00:00,2018-09-03 00:17:41
f350d9c01fd24601ab70c6f01d78b543,49626271ea0fa255a99b34978f50ae68,4,,,2018-08-30 00:00:00,2018-09-01 15:26:17
08f7f22da58aa4f73f5f36224d130d8d,c393997142861148ab156520bb0ed1fb,5,,,2018-08-31 00:00:00,2018-08-31 22:22:26
0de5afcfb89bbc4929292053e2950c15,5482a1c74b1b5fb1af78a425b7ceabb8,3,Ótima,,2018-08-31 00:00:00,2018-08-31 21:31:40
28627ba82f9975b77625f60bd3e63a31,b095ce1bfaa02fb7b9e58c39b30c4ae3,3,,,2018-08-31 00:00:00,2018-09-05 15:26:03
2cbb238b732f1ef0d5d910ebb014263b,ad8ba259cbff3b36ec0a6c88e0d78443,4,,,2018-08-31 00:00:00,2018-09-03 00:39:06
374a9561a546b61cbc2bf818d3c00d3e,f162504b437717036cc81bdd9a02c4ba,3,,,2018-08-31 00:00:00,2018-09-03 17:24:01
3e8a6b00ddbf02e6dc77b123e46c5573,748db62700c925a0db2c4b00ee25849c,5,,,2018-08-31 00:00:00,2018-08-31 17:45:50
548841b1cd10c8a55d18a16cdd8cd34b,0745fd0c5e5bd55f752798a152b1d04b,5,Dez,Excelente!! Bem antes do prazo.Perfeito.,2018-08-31 00:00:00,2018-09-01 13:16:52
5fa37cc2ea14f6cc6dbca63680a27f75,c6df71a18bb2d9e7d88ee3e4d7080982,4,Boa,,2018-08-31 00:00:00,2018-09-01 17:02:50
6efce984242ca6456d74750810733a03,54282e97f61c23b78330c15b154c867d,1,,Nao recebi,2018-08-31 00:00:00,2018-08-31 09:51:47
736e6aee38884935383d2218e97fba6b,dd787ad9c97e5504d6ea0bd294906902,1,Decepção,"Estava esperando o produto para festa de aniversário do meu filho no fim de semana. Sempre comprei no baratheon, nunca mais compro... Estamos chateados e não sei como montarei a festa do meu pequeno. ",2018-08-31 00:00:00,2018-08-31 10:06:46
8aebef30b1a2fea9e5065162993377a8,0c1f1a0595fb30e05d526ab83576cd24,5,,,2018-08-31 00:00:00,2018-08-31 20:44:37
9e25d6e3025e9b9a0fc7f03588d33e2b,0d3adebce4bebc1f80a7f36e9833f497,1,Razoavel,Peço um produto por um código e vem outro totalmente diferente.,2018-08-31 00:00:00,2018-09-03 09:33:00
9e25d6e3025e9b9a0fc7f03588d33e2b,869997fbe01f39d184956b5c6bccfdbe,1,Razoavel,Peço um produto por um código e vem outro totalmente diferente.,2018-08-31 00:00:00,2018-09-03 09:33:00
ba8cbd0693b7f3bf24b7b74fc3c2d75f,bfcc7c29cd728eb97a04e55544a978bd,3,,,2018-08-31 00:00:00,2018-08-31 19:27:40
cf89013534b02a6c14d9186fb0f04760,ceebdce96388304b96726edf9115e1f3,5,Ótima,,2018-08-31 00:00:00,2018-09-01 02:29:37
f524457986364bbe70a5ef9b9465e7ed,a73d469a8747dea1740e9545d1051002,5,,,2018-08-31 00:00:00,2018-09-03 15:49:29
fbcf9f1c474f74f9a22e2c87706784ea,427fb603381c1e7a4b224eac2a5acb29,3,,,2018-08-31 00:00:00,2018-08-31 19:20:09
